ISO-10303-21;
HEADER;
FILE_DESCRIPTION (( 'STEP AP214' ),
    '1' );
FILE_NAME ('WSON-6_L2.0-W2.0-P0.65-BL_CSD17571Q2.STEP',
    '2023-07-05T11:04:14',
    ( '' ),
    ( '' ),
    'SwSTEP 2.0',
    'SolidWorks 2020',
    '' );
FILE_SCHEMA (( 'AUTOMOTIVE_DESIGN' ));
ENDSEC;

DATA;
#1 = ORIENTED_EDGE ( 'NONE', *, *, #7532, .F. ) ;
#2 = UNCERTAINTY_MEASURE_WITH_UNIT (LENGTH_MEASURE( 1.000000000000000082E-05 ), #6962, 'distance_accuracy_value', 'NONE');
#3 = ORIENTED_EDGE ( 'NONE', *, *, #2633, .F. ) ;
#4 = DIRECTION ( 'NONE',  ( 0.000000000000000000, 0.000000000000000000, 1.000000000000000000 ) ) ;
#5 = DIRECTION ( 'NONE',  ( -0.000000000000000000, -0.000000000000000000, -1.000000000000000000 ) ) ;
#6 = AXIS2_PLACEMENT_3D ( 'NONE', #3069, #6220, #8679 ) ;
#7 = ORIENTED_EDGE ( 'NONE', *, *, #7160, .F. ) ;
#8 = DIRECTION ( 'NONE',  ( 1.000000000000000000, -0.000000000000000000, -0.000000000000000000 ) ) ;
#9 = ORIENTED_EDGE ( 'NONE', *, *, #5810, .T. ) ;
#10 = CARTESIAN_POINT ( 'NONE',  ( 0.4750300855225406127, 0.6581317110782198831, 0.7600000000000000089 ) ) ;
#11 = B_SPLINE_CURVE_WITH_KNOTS ( 'NONE', 3,
 ( #9336, #659, #4572, #3837, #6260, #10071, #10170 ),
 .UNSPECIFIED., .F., .F.,
 ( 4, 3, 4 ),
 ( 2.000000000000000000, 3.000000000000000000, 4.000000000000000000 ),
 .UNSPECIFIED. ) ;
#12 = EDGE_CURVE ( 'NONE', #7233, #1381, #4681, .T. ) ;
#13 = ORIENTED_EDGE ( 'NONE', *, *, #8674, .T. ) ;
#14 = B_SPLINE_CURVE_WITH_KNOTS ( 'NONE', 3,
 ( #7837, #717, #1455, #3112 ),
 .UNSPECIFIED., .F., .F.,
 ( 4, 4 ),
 ( 10.00000000000000000, 11.00000000000000000 ),
 .UNSPECIFIED. ) ;
#15 = PLANE ( 'NONE',  #4228 ) ;
#16 =( NAMED_UNIT ( * ) SI_UNIT ( $, .STERADIAN. ) SOLID_ANGLE_UNIT ( ) );
#17 = UNCERTAINTY_MEASURE_WITH_UNIT (LENGTH_MEASURE( 1.000000000000000082E-05 ), #2677, 'distance_accuracy_value', 'NONE');
#18 = SURFACE_SIDE_STYLE ('',( #3085 ) ) ;
#19 = EDGE_LOOP ( 'NONE', ( #10151, #3450, #2071, #549 ) ) ;
#20 = CARTESIAN_POINT ( 'NONE',  ( 0.2867762814141744943, 0.8933113626660968976, 0.7600000000000000089 ) ) ;
#21 = VECTOR ( 'NONE', #9828, 1000.000000000000000 ) ;
#22 = VERTEX_POINT ( 'NONE', #6996 ) ;
#23 = CARTESIAN_POINT ( 'NONE',  ( 0.6379224904864937429, 0.6789989156221801769, 0.7600000000000000089 ) ) ;
#24 = EDGE_CURVE ( 'NONE', #5421, #7401, #2236, .T. ) ;
#25 = DIRECTION ( 'NONE',  ( -1.000000000000000000, 0.000000000000000000, 0.000000000000000000 ) ) ;
#26 = CARTESIAN_POINT ( 'NONE',  ( 0.2714055516484255581, 0.8681033657031786976, 0.7500000000000000000 ) ) ;
#27 = CARTESIAN_POINT ( 'NONE',  ( 0.6203268391971467066, 0.6931461729400500982, 0.7500000000000000000 ) ) ;
#28 =( NAMED_UNIT ( * ) PLANE_ANGLE_UNIT ( ) SI_UNIT ( $, .RADIAN. ) );
#29 = LINE ( 'NONE', #5580, #2607 ) ;
#30 = VECTOR ( 'NONE', #1934, 1000.000000000000000 ) ;
#31 = EDGE_CURVE ( 'NONE', #8853, #1850, #723, .T. ) ;
#32 = ORIENTED_EDGE ( 'NONE', *, *, #8865, .F. ) ;
#33 = CARTESIAN_POINT ( 'NONE',  ( 0.8360283031183790570, 0.7021650494806563891, 0.7600000000000000089 ) ) ;
#34 = DIRECTION ( 'NONE',  ( 1.000000000000000000, 0.000000000000000000, 0.000000000000000000 ) ) ;
#35 = ORIENTED_EDGE ( 'NONE', *, *, #9615, .T. ) ;
#36 = ORIENTED_EDGE ( 'NONE', *, *, #5280, .T. ) ;
#37 = DIRECTION ( 'NONE',  ( -3.491481338843133355E-15, 1.000000000000000000, 0.000000000000000000 ) ) ;
#38 = CARTESIAN_POINT ( 'NONE',  ( 0.1183130737978216884, 0.6172530840677115105, 0.7600000000000000089 ) ) ;
#39 = EDGE_CURVE ( 'NONE', #2651, #6062, #2292, .T. ) ;
#40 = ORIENTED_EDGE ( 'NONE', *, *, #6621, .F. ) ;
#41 = VECTOR ( 'NONE', #8090, 1000.000000000000000 ) ;
#42 = DIRECTION ( 'NONE',  ( -0.000000000000000000, 1.000000000000000000, -0.000000000000000000 ) ) ;
#43 = CARTESIAN_POINT ( 'NONE',  ( 0.1256910405033054012, 0.8539622931460290056, 0.7600000000000000089 ) ) ;
#44 = DIRECTION ( 'NONE',  ( 0.000000000000000000, 0.000000000000000000, 1.000000000000000000 ) ) ;
#45 = DIRECTION ( 'NONE',  ( -0.000000000000000000, 1.000000000000000000, -0.000000000000000000 ) ) ;
#46 = CARTESIAN_POINT ( 'NONE',  ( 0.6173868622858398325, 0.8718437169393019603, 0.7500000000000000000 ) ) ;
#47 = VERTEX_POINT ( 'NONE', #7481 ) ;
#48 = ADVANCED_FACE ( 'NONE', ( #9454 ), #3405, .T. ) ;
#49 = CARTESIAN_POINT ( 'NONE',  ( 0.5993491092052226632, 0.6934556441941168714, 0.7600000000000000089 ) ) ;
#50 = ORIENTED_EDGE ( 'NONE', *, *, #4805, .F. ) ;
#51 = CARTESIAN_POINT ( 'NONE',  ( 0.5759398193615726802, 0.8731700223125384852, 0.7500000000000000000 ) ) ;
#52 = CARTESIAN_POINT ( 'NONE',  ( 0.1453655675675734060, 0.6172530840677115105, 0.7500000000000000000 ) ) ;
#53 = VECTOR ( 'NONE', #932, 1000.000000000000000 ) ;
#54 = CARTESIAN_POINT ( 'NONE',  ( 0.7256796960381769468, 0.6679905810217212636, 0.7600000000000000089 ) ) ;
#55 = CARTESIAN_POINT ( 'NONE',  ( 0.6479139909674931364, 0.6387234424447046921, 0.7500000000000000000 ) ) ;
#56 = ORIENTED_EDGE ( 'NONE', *, *, #8415, .F. ) ;
#57 = EDGE_CURVE ( 'NONE', #8455, #4158, #7251, .T. ) ;
#58 = EDGE_CURVE ( 'NONE', #2358, #9111, #2553, .T. ) ;
#59 = CARTESIAN_POINT ( 'NONE',  ( 0.7566047163314419954, 0.7953158968843083709, 0.7500000000000000000 ) ) ;
#60 = B_SPLINE_SURFACE_WITH_KNOTS ( 'NONE', 3, 1, ( 
 ( #1515, #10236 ),
 ( #6270, #9348 ),
 ( #787, #3119 ),
 ( #2338, #3068 ),
 ( #2188, #568 ),
 ( #6067, #4683 ),
 ( #9298, #8587 ) ),
 .UNSPECIFIED., .F., .F., .F.,
 ( 4, 3, 4 ),
 ( 2, 2 ),
 ( 2.000000000000000000, 3.000000000000000000, 4.000000000000000000 ),
 ( 0.000000000000000000, 1.000000000000000000 ),
 .UNSPECIFIED. ) ;
#61 = B_SPLINE_CURVE_WITH_KNOTS ( 'NONE', 3,
 ( #8650, #6400, #8696, #1587 ),
 .UNSPECIFIED., .F., .F.,
 ( 4, 4 ),
 ( 11.00000000000000000, 12.00000000000000000 ),
 .UNSPECIFIED. ) ;
#62 = VECTOR ( 'NONE', #3359, 1000.000000000000000 ) ;
#63 = CARTESIAN_POINT ( 'NONE',  ( 0.5685346143593300594, 0.8731700223125384852, 0.7500000000000000000 ) ) ;
#64 = EDGE_LOOP ( 'NONE', ( #9592, #3051, #8034, #3994, #5276, #5761, #3816, #10115, #4979, #6331, #5014, #5238, #10205, #9329, #8326, #7697, #9810, #4365, #7499, #5435, #8935 ) ) ;
#65 = CARTESIAN_POINT ( 'NONE',  ( 0.7830645085340638412, 0.8707384624614092905, 0.7600000000000000089 ) ) ;
#66 = ORIENTED_EDGE ( 'NONE', *, *, #1020, .F. ) ;
#67 = CARTESIAN_POINT ( 'NONE',  ( 0.8854994935527360500, 0.7446068214348521286, 0.7500000000000000000 ) ) ;
#68 = CARTESIAN_POINT ( 'NONE',  ( 0.8347241028346763514, 0.6702453001565782387, 0.7600000000000000089 ) ) ;
#69 = CARTESIAN_POINT ( 'NONE',  ( 0.7773613954283229432, 0.6581317110782219926, 0.7600000000000000089 ) ) ;
#70 = LINE ( 'NONE', #970, #5723 ) ;
#71 = ORIENTED_EDGE ( 'NONE', *, *, #3164, .F. ) ;
#72 = VECTOR ( 'NONE', #4048, 1000.000000000000000 ) ;
#73 = ORIENTED_EDGE ( 'NONE', *, *, #6697, .T. ) ;
#74 = CARTESIAN_POINT ( 'NONE',  ( 0.3101397859677155755, 0.8730219974690239804, 0.7500000000000000000 ) ) ;
#75 = EDGE_LOOP ( 'NONE', ( #10160, #8582, #9847, #10085 ) ) ;
#76 = CARTESIAN_POINT ( 'NONE',  ( 0.6349604084856546038, 0.7080450033032648083, 0.7500000000000000000 ) ) ;
#77 = VERTEX_POINT ( 'NONE', #152 ) ;
#78 = VECTOR ( 'NONE', #8000, 1000.000000000000000 ) ;
#79 = CARTESIAN_POINT ( 'NONE',  ( 0.5352664545721839140, 0.8056610787981490773, 0.7600000000000000089 ) ) ;
#80 = MECHANICAL_DESIGN_GEOMETRIC_PRESENTATION_REPRESENTATION (  '', ( #4235 ), #1741 ) ;
#81 = DIRECTION ( 'NONE',  ( 3.491481338843133355E-15, -1.000000000000000000, 0.000000000000000000 ) ) ;
#82 = CARTESIAN_POINT ( 'NONE',  ( 0.8918436542561568592, 0.7306806150123267285, 0.7600000000000000089 ) ) ;
#83 = LINE ( 'NONE', #3207, #9569 ) ;
#84 = EDGE_CURVE ( 'NONE', #6027, #7673, #4937, .T. ) ;
#85 = ORIENTED_EDGE ( 'NONE', *, *, #3510, .F. ) ;
#86 = LINE ( 'NONE', #4767, #1292 ) ;
#87 =( GEOMETRIC_REPRESENTATION_CONTEXT ( 3 ) GLOBAL_UNCERTAINTY_ASSIGNED_CONTEXT ( ( #8749 ) ) GLOBAL_UNIT_ASSIGNED_CONTEXT ( ( #1853, #1127, #8242 ) ) REPRESENTATION_CONTEXT ( 'NONE', 'WORKASPACE' ) );
#88 = COLOUR_RGB ( '',0.6666666666666666297, 0.6666666666666666297, 0.6666666666666666297 ) ;
#89 = LINE ( 'NONE', #1757, #6011 ) ;
#90 = ORIENTED_EDGE ( 'NONE', *, *, #7891, .F. ) ;
#91 = EDGE_LOOP ( 'NONE', ( #2474, #2172, #8922, #2708 ) ) ;
#92 = CARTESIAN_POINT ( 'NONE',  ( 0.7394732719229082374, 0.8524796584848549630, 0.7600000000000000089 ) ) ;
#93 = CARTESIAN_POINT ( 'NONE',  ( 0.6519371172671560855, 0.6383255508324964245, 0.7600000000000000089 ) ) ;
#94 = VERTEX_POINT ( 'NONE', #4784 ) ;
#95 = CARTESIAN_POINT ( 'NONE',  ( 0.9999999999999965583, 1.000000000000003997, 0.7500000000000000000 ) ) ;
#96 = CARTESIAN_POINT ( 'NONE',  ( 0.5665230512093533122, 0.7125102313944980947, 0.7500000000000000000 ) ) ;
#97 = VECTOR ( 'NONE', #4577, 1000.000000000000000 ) ;
#98 = DIRECTION ( 'NONE',  ( -5.484558853623112879E-14, 1.000000000000000000, -0.000000000000000000 ) ) ;
#99 = VERTEX_POINT ( 'NONE', #8009 ) ;
#100 = EDGE_CURVE ( 'NONE', #7444, #3320, #5754, .T. ) ;
#101 = CARTESIAN_POINT ( 'NONE',  ( 0.6017364588775792056, 0.6675042690513746102, 0.7500000000000000000 ) ) ;
#102 = VERTEX_POINT ( 'NONE', #8112 ) ;
#103 = VECTOR ( 'NONE', #1095, 1000.000000000000000 ) ;
#104 = DIRECTION ( 'NONE',  ( 1.000000000000000000, 0.000000000000000000, 0.000000000000000000 ) ) ;
#105 = EDGE_CURVE ( 'NONE', #1435, #2417, #9715, .T. ) ;
#106 = LINE ( 'NONE', #8833, #4907 ) ;
#107 = DIRECTION ( 'NONE',  ( 1.000000000000000000, 3.491481338843133355E-15, -0.000000000000000000 ) ) ;
#108 = SURFACE_SIDE_STYLE ('',( #5453 ) ) ;
#109 = CARTESIAN_POINT ( 'NONE',  ( 0.1527435225458242118, 0.8810147781199886285, 0.7500000000000000000 ) ) ;
#110 = ORIENTED_EDGE ( 'NONE', *, *, #3544, .F. ) ;
#111 = PRESENTATION_LAYER_ASSIGNMENT (  '', '', ( #10059 ) ) ;
#112 = EDGE_CURVE ( 'NONE', #2890, #5079, #3958, .T. ) ;
#113 = CARTESIAN_POINT ( 'NONE',  ( 0.5366590752143179932, 0.8705174115654762401, 0.7600000000000000089 ) ) ;
#114 = FILL_AREA_STYLE ('',( #6649 ) ) ;
#115 = ORIENTED_EDGE ( 'NONE', *, *, #4319, .T. ) ;
#116 = CARTESIAN_POINT ( 'NONE',  ( 0.1115499738093310850, 0.8551919503543360390, 0.7600000000000000089 ) ) ;
#117 = AXIS2_PLACEMENT_3D ( 'NONE', #4219, #7210, #7159 ) ;
#118 = EDGE_CURVE ( 'NONE', #1327, #1670, #9461, .T. ) ;
#119 = VERTEX_POINT ( 'NONE', #997 ) ;
#120 = DIRECTION ( 'NONE',  ( -1.000000000000000000, -0.000000000000000000, -0.000000000000000000 ) ) ;
#121 = LINE ( 'NONE', #7266, #5155 ) ;
#122 = CARTESIAN_POINT ( 'NONE',  ( 0.5993491092052226632, 0.6934556441941168714, 0.7600000000000000089 ) ) ;
#123 = DIRECTION ( 'NONE',  ( -0.000000000000000000, 0.000000000000000000, -1.000000000000000000 ) ) ;
#124 = CARTESIAN_POINT ( 'NONE',  ( 0.8854994935527360500, 0.7446068214348521286, 0.7600000000000000089 ) ) ;
#125 = ORIENTED_EDGE ( 'NONE', *, *, #600, .F. ) ;
#126 = UNCERTAINTY_MEASURE_WITH_UNIT (LENGTH_MEASURE( 1.000000000000000082E-05 ), #341, 'distance_accuracy_value', 'NONE');
#127 = VECTOR ( 'NONE', #7234, 1000.000000000000000 ) ;
#128 = CARTESIAN_POINT ( 'NONE',  ( 0.5523978989807216688, 0.6948261597470143380, 0.7500000000000000000 ) ) ;
#129 = ORIENTED_EDGE ( 'NONE', *, *, #8193, .F. ) ;
#130 = CARTESIAN_POINT ( 'NONE',  ( 0.2572644849541571022, 0.9049931171414477005, 0.7500000000000000000 ) ) ;
#131 = ORIENTED_EDGE ( 'NONE', *, *, #1021, .T. ) ;
#132 = ORIENTED_EDGE ( 'NONE', *, *, #10258, .F. ) ;
#133 = AXIS2_PLACEMENT_3D ( 'NONE', #4679, #7053, #10279 ) ;
#134 = DIRECTION ( 'NONE',  ( 3.491481338843133355E-15, -1.000000000000000000, 0.000000000000000000 ) ) ;
#135 = CARTESIAN_POINT ( 'NONE',  ( 0.8000000000000008216, -0.2809999999999975850, -0.02000000000000000042 ) ) ;
#136 = ORIENTED_EDGE ( 'NONE', *, *, #9014, .T. ) ;
#137 = VECTOR ( 'NONE', #4199, 1000.000000000000000 ) ;
#138 = CARTESIAN_POINT ( 'NONE',  ( 0.6140268886727978659, 0.6655148109909306831, 0.7500000000000000000 ) ) ;
#139 = VERTEX_POINT ( 'NONE', #4006 ) ;
#140 = CARTESIAN_POINT ( 'NONE',  ( 0.8009254208984136758, 0.8189683427131280169, 0.7500000000000000000 ) ) ;
#141 = CARTESIAN_POINT ( 'NONE',  ( 0.7177439688859320599, 0.7993390231842658622, 0.7500000000000000000 ) ) ;
#142 = ORIENTED_EDGE ( 'NONE', *, *, #814, .F. ) ;
#143 = CARTESIAN_POINT ( 'NONE',  ( 0.7610257342436118622, 0.6581317110782208823, 0.7600000000000000089 ) ) ;
#144 =( NAMED_UNIT ( * ) SI_UNIT ( $, .STERADIAN. ) SOLID_ANGLE_UNIT ( ) );
#145 = EDGE_CURVE ( 'NONE', #9370, #5181, #1719, .T. ) ;
#146 = CARTESIAN_POINT ( 'NONE',  ( 0.7590583812727024204, 0.7446068214348511294, 0.7600000000000000089 ) ) ;
#147 = DIRECTION ( 'NONE',  ( 0.000000000000000000, 0.000000000000000000, 1.000000000000000000 ) ) ;
#148 = CARTESIAN_POINT ( 'NONE',  ( 0.5707009131360528675, 0.6831988826384144398, 0.7500000000000000000 ) ) ;
#149 = EDGE_LOOP ( 'NONE', ( #5629, #266, #10164, #8515 ) ) ;
#150 = PLANE ( 'NONE',  #5916 ) ;
#151 = FACE_OUTER_BOUND ( 'NONE', #7883, .T. ) ;
#152 = CARTESIAN_POINT ( 'NONE',  ( -0.8000000000000013767, 0.4999999999999973910, -0.02000000000000000042 ) ) ;
#153 = CARTESIAN_POINT ( 'NONE',  ( 0.5379411704087839752, 0.7050387111230599357, 0.7600000000000000089 ) ) ;
#154 =( NAMED_UNIT ( * ) SI_UNIT ( $, .STERADIAN. ) SOLID_ANGLE_UNIT ( ) );
#155 = EDGE_CURVE ( 'NONE', #7393, #2552, #4159, .T. ) ;
#156 = CARTESIAN_POINT ( 'NONE',  ( 0.3218215265175511375, 0.6953363725158325792, 0.7600000000000000089 ) ) ;
#157 = CARTESIAN_POINT ( 'NONE',  ( 0.7827992474596511263, 0.8707384624614092905, 0.7600000000000000089 ) ) ;
#158 = ORIENTED_EDGE ( 'NONE', *, *, #8978, .F. ) ;
#159 = CARTESIAN_POINT ( 'NONE',  ( 0.5649756949401822936, 0.7938569609732751831, 0.7600000000000000089 ) ) ;
#160 = EDGE_CURVE ( 'NONE', #3708, #8817, #7202, .T. ) ;
#161 = CARTESIAN_POINT ( 'NONE',  ( 0.8922857560480198513, 0.7286911569518822462, 0.7500000000000000000 ) ) ;
#162 = ORIENTED_EDGE ( 'NONE', *, *, #2600, .F. ) ;
#163 = CARTESIAN_POINT ( 'NONE',  ( 0.6937378416245608692, 0.8817910072409375077, 0.7600000000000000089 ) ) ;
#164 = STYLED_ITEM ( 'NONE', ( #6860 ), #8108 ) ;
#165 = VERTEX_POINT ( 'NONE', #6429 ) ;
#166 = CARTESIAN_POINT ( 'NONE',  ( 0.8260368026382639561, 0.6621548373775935081, 0.7500000000000000000 ) ) ;
#167 = CARTESIAN_POINT ( 'NONE',  ( 0.4861931557500382972, 0.6970808788818697588, 0.7500000000000000000 ) ) ;
#168 = EDGE_CURVE ( 'NONE', #7117, #5585, #6351, .T. ) ;
#169 = FILL_AREA_STYLE ('',( #3933 ) ) ;
#170 = CARTESIAN_POINT ( 'NONE',  ( 0.8360283031183790570, 0.7021650494806563891, 0.7500000000000000000 ) ) ;
#171 = EDGE_LOOP ( 'NONE', ( #1132, #7663, #4541, #5021 ) ) ;
#172 = VECTOR ( 'NONE', #3703, 1000.000000000000000 ) ;
#173 = CARTESIAN_POINT ( 'NONE',  ( 0.5387369536331990671, 0.6929251220447072424, 0.7500000000000000000 ) ) ;
#174 = ORIENTED_EDGE ( 'NONE', *, *, #4332, .T. ) ;
#175 = ORIENTED_EDGE ( 'NONE', *, *, #7034, .F. ) ;
#176 = LINE ( 'NONE', #9789, #2983 ) ;
#177 = VERTEX_POINT ( 'NONE', #6535 ) ;
#178 = VECTOR ( 'NONE', #7779, 1000.000000000000000 ) ;
#179 = FACE_OUTER_BOUND ( 'NONE', #3847, .T. ) ;
#180 =( NAMED_UNIT ( * ) SI_UNIT ( $, .STERADIAN. ) SOLID_ANGLE_UNIT ( ) );
#181 =( NAMED_UNIT ( * ) SI_UNIT ( $, .STERADIAN. ) SOLID_ANGLE_UNIT ( ) );
#182 = AXIS2_PLACEMENT_3D ( 'NONE', #6020, #8335, #1271 ) ;
#183 = EDGE_LOOP ( 'NONE', ( #3957, #7439, #4520, #9424 ) ) ;
#184 = FILL_AREA_STYLE ('',( #3268 ) ) ;
#185 = DIRECTION ( 'NONE',  ( -1.000000000000000000, -3.491481338843133355E-15, 0.000000000000000000 ) ) ;
#186 = EDGE_CURVE ( 'NONE', #3258, #1717, #893, .T. ) ;
#187 = ORIENTED_EDGE ( 'NONE', *, *, #7980, .T. ) ;
#188 = ORIENTED_EDGE ( 'NONE', *, *, #1939, .F. ) ;
#189 = ORIENTED_EDGE ( 'NONE', *, *, #7719, .F. ) ;
#190 = CARTESIAN_POINT ( 'NONE',  ( 0.7839929222956832922, 0.8658753427579670703, 0.7500000000000000000 ) ) ;
#191 =( NAMED_UNIT ( * ) PLANE_ANGLE_UNIT ( ) SI_UNIT ( $, .RADIAN. ) );
#192 = ORIENTED_EDGE ( 'NONE', *, *, #3156, .T. ) ;
#193 = CARTESIAN_POINT ( 'NONE',  ( 0.7999999999999964917, 1.001000000000003221, -0.02000000000000000042 ) ) ;
#194 = LINE ( 'NONE', #6527, #9366 ) ;
#195 =( GEOMETRIC_REPRESENTATION_CONTEXT ( 3 ) GLOBAL_UNCERTAINTY_ASSIGNED_CONTEXT ( ( #6048 ) ) GLOBAL_UNIT_ASSIGNED_CONTEXT ( ( #1868, #4976, #5026 ) ) REPRESENTATION_CONTEXT ( 'NONE', 'WORKASPACE' ) );
#196 = DIRECTION ( 'NONE',  ( 1.000000000000000000, -0.000000000000000000, -0.000000000000000000 ) ) ;
#197 = FACE_OUTER_BOUND ( 'NONE', #8969, .T. ) ;
#198 = ORIENTED_EDGE ( 'NONE', *, *, #1294, .T. ) ;
#199 = CARTESIAN_POINT ( 'NONE',  ( 0.6240183891535026062, 0.6797504886669357704, 0.7600000000000000089 ) ) ;
#200 = CARTESIAN_POINT ( 'NONE',  ( 0.7246628619184196651, 0.8201620175491580733, 0.7600000000000000089 ) ) ;
#201 = B_SPLINE_CURVE_WITH_KNOTS ( 'NONE', 3,
 ( #4768, #7330, #8966, #3426 ),
 .UNSPECIFIED., .F., .F.,
 ( 4, 4 ),
 ( 28.00000000000000000, 29.00000000000000000 ),
 .UNSPECIFIED. ) ;
#202 = EDGE_LOOP ( 'NONE', ( #7055, #6856, #3125, #615 ) ) ;
#203 = CARTESIAN_POINT ( 'NONE',  ( 0.1447507360313918801, 0.7020994842309644657, 0.7600000000000000089 ) ) ;
#204 = LINE ( 'NONE', #952, #7706 ) ;
#205 = CARTESIAN_POINT ( 'NONE',  ( 0.8477661056752422430, 0.7152954726787674744, 0.7600000000000000089 ) ) ;
#206 = CARTESIAN_POINT ( 'NONE',  ( 0.5598252090727940944, 0.6566727751671871394, 0.7600000000000000089 ) ) ;
#207 = CARTESIAN_POINT ( 'NONE',  ( 0.6690685616759852739, 0.8817910072409375077, 0.7600000000000000089 ) ) ;
#208 = ORIENTED_EDGE ( 'NONE', *, *, #1907, .F. ) ;
#209 = DIRECTION ( 'NONE',  ( 0.9369753459545030472, 0.3493954794690958265, -0.000000000000000000 ) ) ;
#210 = CARTESIAN_POINT ( 'NONE',  ( 0.7974770269269370049, 0.8287387922984869038, 0.7600000000000000089 ) ) ;
#211 = ORIENTED_EDGE ( 'NONE', *, *, #681, .T. ) ;
#212 = VERTEX_POINT ( 'NONE', #9614 ) ;
#213 = VECTOR ( 'NONE', #9901, 1000.000000000000000 ) ;
#214 = CARTESIAN_POINT ( 'NONE',  ( 0.6690685616759852739, 0.8817910072409375077, 0.7500000000000000000 ) ) ;
#215 = EDGE_LOOP ( 'NONE', ( #4174, #4618, #3190, #4306 ) ) ;
#216 = CARTESIAN_POINT ( 'NONE',  ( -0.7081802701769347452, -0.6148992480723534104, 0.7299999999999999822 ) ) ;
#217 = CARTESIAN_POINT ( 'NONE',  ( 0.1687290721208205557, 0.6652097327926949077, 0.7500000000000000000 ) ) ;
#218 = CARTESIAN_POINT ( 'NONE',  ( 0.5195718409848524288, 0.7446068214348511294, 0.7600000000000000089 ) ) ;
#219 =( LENGTH_UNIT ( ) NAMED_UNIT ( * ) SI_UNIT ( .MILLI., .METRE. ) );
#220 = COLOUR_RGB ( '',0.6666666666666666297, 0.6666666666666666297, 0.6666666666666666297 ) ;
#221 = UNCERTAINTY_MEASURE_WITH_UNIT (LENGTH_MEASURE( 1.000000000000000082E-05 ), #1641, 'distance_accuracy_value', 'NONE');
#222 = CARTESIAN_POINT ( 'NONE',  ( 0.8015885735850307725, 0.7346595311332154710, 0.7600000000000000089 ) ) ;
#223 = EDGE_CURVE ( 'NONE', #5911, #5624, #7108, .T. ) ;
#224 = ORIENTED_EDGE ( 'NONE', *, *, #8824, .F. ) ;
#225 = LINE ( 'NONE', #1591, #9843 ) ;
#226 = EDGE_LOOP ( 'NONE', ( #6143, #3476, #7542, #3794 ) ) ;
#227 = LINE ( 'NONE', #9893, #10286 ) ;
#228 = VERTEX_POINT ( 'NONE', #3287 ) ;
#229 = EDGE_CURVE ( 'NONE', #685, #7726, #6094, .T. ) ;
#230 = CARTESIAN_POINT ( 'NONE',  ( 0.8260368026382639561, 0.7408047460302370490, 0.7500000000000000000 ) ) ;
#231 = SURFACE_STYLE_USAGE ( .BOTH. , #7230 ) ;
#232 = VERTEX_POINT ( 'NONE', #8832 ) ;
#233 = VECTOR ( 'NONE', #1415, 1000.000000000000000 ) ;
#234 = LINE ( 'NONE', #8916, #6223 ) ;
#235 = ORIENTED_EDGE ( 'NONE', *, *, #4567, .F. ) ;
#236 = LINE ( 'NONE', #6774, #453 ) ;
#237 = CARTESIAN_POINT ( 'NONE',  ( 0.6622601940914670804, 0.6290414132174785289, 0.7500000000000000000 ) ) ;
#238 = ORIENTED_EDGE ( 'NONE', *, *, #1123, .T. ) ;
#239 = AXIS2_PLACEMENT_3D ( 'NONE', #7461, #2767, #5908 ) ;
#240 = ORIENTED_EDGE ( 'NONE', *, *, #481, .T. ) ;
#241 = CARTESIAN_POINT ( 'NONE',  ( 0.6126784782097328685, 0.6852767610569958645, 0.7600000000000000089 ) ) ;
#242 = VECTOR ( 'NONE', #1363, 1000.000000000000000 ) ;
#243 = CARTESIAN_POINT ( 'NONE',  ( 0.8477661056752422430, 0.7024745207341381859, 0.7600000000000000089 ) ) ;
#244 = EDGE_CURVE ( 'NONE', #2838, #7664, #4886, .T. ) ;
#245 = CARTESIAN_POINT ( 'NONE',  ( 0.6718095927811911228, 0.6734726432321217482, 0.7600000000000000089 ) ) ;
#246 = CARTESIAN_POINT ( 'NONE',  ( 0.8010801565251544076, 0.6679905810217222628, 0.7600000000000000089 ) ) ;
#247 = EDGE_CURVE ( 'NONE', #8579, #484, #8267, .T. ) ;
#248 = DIRECTION ( 'NONE',  ( 0.000000000000000000, 0.000000000000000000, -1.000000000000000000 ) ) ;
#249 = CARTESIAN_POINT ( 'NONE',  ( 0.000000000000000000, 0.000000000000000000, 0.7500000000000000000 ) ) ;
#250 = CARTESIAN_POINT ( 'NONE',  ( 0.6802316319037785552, 0.8051747668278049774, 0.7500000000000000000 ) ) ;
#251 = VERTEX_POINT ( 'NONE', #1050 ) ;
#252 = AXIS2_PLACEMENT_3D ( 'NONE', #1750, #1695, #6348 ) ;
#253 = AXIS2_PLACEMENT_3D ( 'NONE', #6987, #6938, #8473 ) ;
#254 = CARTESIAN_POINT ( 'NONE',  ( 0.8118895453198080592, 0.7346595311332154710, 0.7500000000000000000 ) ) ;
#255 = LINE ( 'NONE', #7249, #1714 ) ;
#256 = ORIENTED_EDGE ( 'NONE', *, *, #10153, .T. ) ;
#257 = DIRECTION ( 'NONE',  ( -1.000000000000000000, -3.491481338843133355E-15, 0.000000000000000000 ) ) ;
#258 = MECHANICAL_DESIGN_GEOMETRIC_PRESENTATION_REPRESENTATION (  '', ( #1755 ), #3257 ) ;
#259 = EDGE_CURVE ( 'NONE', #314, #5984, #8984, .T. ) ;
#260 = CARTESIAN_POINT ( 'NONE',  ( 0.7773613954283229432, 0.6581317110782219926, 0.7500000000000000000 ) ) ;
#261 = CARTESIAN_POINT ( 'NONE',  ( 0.7835508205044109387, 0.8678648008184131069, 0.7600000000000000089 ) ) ;
#262 = VECTOR ( 'NONE', #3774, 1000.000000000000000 ) ;
#263 =( NAMED_UNIT ( * ) PLANE_ANGLE_UNIT ( ) SI_UNIT ( $, .RADIAN. ) );
#264 = CARTESIAN_POINT ( 'NONE',  ( 0.6140268886727978659, 0.6655148109909306831, 0.7600000000000000089 ) ) ;
#265 = PLANE ( 'NONE',  #5540 ) ;
#266 = ORIENTED_EDGE ( 'NONE', *, *, #4677, .F. ) ;
#267 = CARTESIAN_POINT ( 'NONE',  ( -0.1500000000000035749, 1.000999999999999890, -0.02000000000000000042 ) ) ;
#268 = AXIS2_PLACEMENT_3D ( 'NONE', #1556, #3953, #6264 ) ;
#269 = FACE_OUTER_BOUND ( 'NONE', #6948, .T. ) ;
#270 = ORIENTED_EDGE ( 'NONE', *, *, #438, .T. ) ;
#271 = CARTESIAN_POINT ( 'NONE',  ( 0.4861931557500361323, 0.8817910072409375077, 0.7500000000000000000 ) ) ;
#272 = ORIENTED_EDGE ( 'NONE', *, *, #7838, .T. ) ;
#273 = DIRECTION ( 'NONE',  ( 3.347305518033890778E-15, -1.000000000000000000, 0.000000000000000000 ) ) ;
#274 = DIRECTION ( 'NONE',  ( -0.000000000000000000, 1.000000000000000000, -0.000000000000000000 ) ) ;
#275 = SURFACE_STYLE_USAGE ( .BOTH. , #7311 ) ;
#276 = B_SPLINE_CURVE_WITH_KNOTS ( 'NONE', 3,
 ( #2712, #9865, #5147, #5196 ),
 .UNSPECIFIED., .F., .F.,
 ( 4, 4 ),
 ( 10.00000000000000000, 11.00000000000000000 ),
 .UNSPECIFIED. ) ;
#277 = EDGE_CURVE ( 'NONE', #6038, #6670, #1100, .T. ) ;
#278 = ORIENTED_EDGE ( 'NONE', *, *, #8309, .F. ) ;
#279 = CARTESIAN_POINT ( 'NONE',  ( 0.3433405716436495614, 0.8244504908228398321, 0.7600000000000000089 ) ) ;
#280 = B_SPLINE_CURVE_WITH_KNOTS ( 'NONE', 3,
 ( #7334, #4146, #4871, #241 ),
 .UNSPECIFIED., .F., .F.,
 ( 4, 4 ),
 ( 4.000000000000000000, 5.000000000000000000 ),
 .UNSPECIFIED. ) ;
#281 = CARTESIAN_POINT ( 'NONE',  ( 0.6507655475206604034, 0.8817910072409375077, 0.7600000000000000089 ) ) ;
#282 = B_SPLINE_CURVE_WITH_KNOTS ( 'NONE', 3,
 ( #7878, #26, #9642, #3985 ),
 .UNSPECIFIED., .F., .F.,
 ( 4, 4 ),
 ( 21.00000000000000000, 22.00000000000000000 ),
 .UNSPECIFIED. ) ;
#283 = VERTEX_POINT ( 'NONE', #4370 ) ;
#284 = AXIS2_PLACEMENT_3D ( 'NONE', #8675, #7899, #2334 ) ;
#285 = CARTESIAN_POINT ( 'NONE',  ( 0.5508726478010885774, 0.6655590211699972114, 0.7600000000000000089 ) ) ;
#286 = VERTEX_POINT ( 'NONE', #4211 ) ;
#287 = CARTESIAN_POINT ( 'NONE',  ( 0.2892356075583163433, 0.6578318012680252069, 0.7600000000000000089 ) ) ;
#288 = ORIENTED_EDGE ( 'NONE', *, *, #5244, .F. ) ;
#289 = B_SPLINE_CURVE_WITH_KNOTS ( 'NONE', 3,
 ( #7540, #6567, #1128, #9120 ),
 .UNSPECIFIED., .F., .F.,
 ( 4, 4 ),
 ( 4.000000000000000000, 5.000000000000000000 ),
 .UNSPECIFIED. ) ;
#290 = EDGE_CURVE ( 'NONE', #1430, #6091, #1976, .T. ) ;
#291 = DIRECTION ( 'NONE',  ( 3.491481338843133355E-15, -1.000000000000000000, 0.000000000000000000 ) ) ;
#292 = VECTOR ( 'NONE', #3885, 1000.000000000000000 ) ;
#293 = CARTESIAN_POINT ( 'NONE',  ( 0.6507655475206604034, 0.8718437169393019603, 0.7500000000000000000 ) ) ;
#294 = ORIENTED_EDGE ( 'NONE', *, *, #2144, .T. ) ;
#295 = LINE ( 'NONE', #3474, #1791 ) ;
#296 = EDGE_CURVE ( 'NONE', #384, #8863, #7457, .T. ) ;
#297 = PLANE ( 'NONE',  #3550 ) ;
#298 = ORIENTED_EDGE ( 'NONE', *, *, #4930, .T. ) ;
#299 = PRESENTATION_LAYER_ASSIGNMENT (  '', '', ( #4616 ) ) ;
#300 = VERTEX_POINT ( 'NONE', #9811 ) ;
#301 = ORIENTED_EDGE ( 'NONE', *, *, #8166, .F. ) ;
#302 = ORIENTED_EDGE ( 'NONE', *, *, #1403, .F. ) ;
#303 = CARTESIAN_POINT ( 'NONE',  ( 0.1256910405033054012, 0.8539622931460290056, 0.7500000000000000000 ) ) ;
#304 = CARTESIAN_POINT ( 'NONE',  ( 0.6379224904864937429, 0.6749315791431509393, 0.7600000000000000089 ) ) ;
#305 = EDGE_CURVE ( 'NONE', #5117, #5660, #6738, .T. ) ;
#306 = FACE_OUTER_BOUND ( 'NONE', #5129, .T. ) ;
#307 = CARTESIAN_POINT ( 'NONE',  ( 0.3082953030864020172, 0.8342877602179995522, 0.7600000000000000089 ) ) ;
#308 = CARTESIAN_POINT ( 'NONE',  ( 0.6928536380420127205, 0.7953158968843083709, 0.7500000000000000000 ) ) ;
#309 = ORIENTED_EDGE ( 'NONE', *, *, #6431, .T. ) ;
#310 = CLOSED_SHELL ( 'NONE', ( #8367, #6510, #3770, #8919, #2508, #6781, #1835, #10199, #7295, #6963, #6949, #1544, #6392, #3024, #7098, #2605, #809, #7904, #9526, #2537, #9477, #2074, #10120, #9182, #8108, #4703, #6309, #9997, #2678, #1152, #6066, #6404, #7852, #3699, #1094, #7148, #6493, #3498, #4343, #2038, #749, #1377, #3666, #5982, #9207, #5393, #7245, #3587, #3422, #9045, #7232, #3281, #1885, #1947, #8752, #1785, #4177, #10229, #8738, #3428, #5344, #8400, #362, #4432, #8494, #3414, #3857, #2730, #844, #9058, #9125, #3408, #6714, #7653, #2215, #3029, #4978, #5441, #5315, #2778, #1203, #6838, #1589, #3810, #4192, #1188, #980, #5773, #2763, #9763, #7916, #1878, #3875, #6025, #5100, #9685, #902, #7535, #715, #6554, #6630, #1328, #1217, #1016, #3660, #6283, #5551, #6833, #9839, #1015, #5614, #6098, #5180, #4769, #7307, #804, #9632, #345, #1308, #6684, #9437, #1068, #4895, #1834, #2274, #9257, #6195, #1459, #5048, #5719, #9488, #2041, #7196, #9983, #9511, #10214, #10254, #7100, #4550, #10083, #4009, #783, #9954, #2655, #3729, #2280, #6707, #5599, #3140, #5489, #8113, #6447, #515, #6944, #9898, #8731, #2877, #322, #8207, #8392, #2705, #743, #475, #7085, #2620, #2517, #466, #4191, #48, #1735, #4221, #5626, #1634, #7843, #7458, #7868, #4053, #857, #5316, #6138, #553, #1519, #1746, #956, #1370, #6526, #1281, #7486, #8069, #3148, #6178, #1572, #8859, #9190, #7994, #2523, #8452, #9393, #1613, #5213, #2590, #2497, #8800, #3652, #3206, #433, #3082, #2467, #8610, #3299, #7923, #1511, #2529, #7773, #9928, #6239, #8963, #8457, #1033, #2387, #5512, #2402, #3468, #7431, #3797, #1427, #2817, #3939, #9755, #5703, #5124, #1417, #3444, #2914, #5634, #6768, #9430, #5356, #6648, #7261, #9396, #4783, #8694, #6884, #4161, #4447, #2857, #3736, #6115, #10127, #5220, #2827, #8538, #4487, #3395, #4387, #6299, #8685, #6142, #9503, #2347, #5621, #8118, #8299, #5743, #8599, #2935, #4765, #3601, #9229, #9680, #8093, #6154, #6060, #2897, #3312, #7500, #8172, #5019, #1558 ) ) ;
#311 = CARTESIAN_POINT ( 'NONE',  ( 0.5562441845641136196, 0.6871777987593001846, 0.7500000000000000000 ) ) ;
#312 = EDGE_CURVE ( 'NONE', #3913, #685, #8480, .T. ) ;
#313 = CARTESIAN_POINT ( 'NONE',  ( 0.3445702112618454493, 0.7912497168735491693, 0.7500000000000000000 ) ) ;
#314 = VERTEX_POINT ( 'NONE', #3645 ) ;
#315 = CARTESIAN_POINT ( 'NONE',  ( 0.6126784782097328685, 0.6852767610569958645, 0.7500000000000000000 ) ) ;
#316 = CARTESIAN_POINT ( 'NONE',  ( 0.5598252090727940944, 0.6566727751671871394, 0.7500000000000000000 ) ) ;
#317 = FACE_OUTER_BOUND ( 'NONE', #3364, .T. ) ;
#318 = CARTESIAN_POINT ( 'NONE',  ( 0.6435592883242243767, 0.7198933313072078954, 0.7600000000000000089 ) ) ;
#319 = CARTESIAN_POINT ( 'NONE',  ( 0.1500000000000035749, -1.000999999999999890, 0.1800000000000000211 ) ) ;
#320 = ORIENTED_EDGE ( 'NONE', *, *, #4594, .F. ) ;
#321 = DIRECTION ( 'NONE',  ( 0.000000000000000000, 0.000000000000000000, 1.000000000000000000 ) ) ;
#322 = ADVANCED_FACE ( 'NONE', ( #8371 ), #5781, .F. ) ;
#323 = B_SPLINE_SURFACE_WITH_KNOTS ( 'NONE', 3, 1, ( 
 ( #7713, #4610 ),
 ( #1440, #597 ),
 ( #6927, #3881 ),
 ( #4660, #7089 ) ),
 .UNSPECIFIED., .F., .F., .F.,
 ( 4, 4 ),
 ( 2, 2 ),
 ( 4.000000000000000000, 5.000000000000000000 ),
 ( 0.000000000000000000, 1.000000000000000000 ),
 .UNSPECIFIED. ) ;
#324 = CARTESIAN_POINT ( 'NONE',  ( 0.6140268886727978659, 0.6655148109909306831, 0.7500000000000000000 ) ) ;
#325 = B_SPLINE_CURVE_WITH_KNOTS ( 'NONE', 3,
 ( #9436, #2996, #706, #7036 ),
 .UNSPECIFIED., .F., .F.,
 ( 4, 4 ),
 ( 8.000000000000000000, 9.000000000000000000 ),
 .UNSPECIFIED. ) ;
#326 = ORIENTED_EDGE ( 'NONE', *, *, #8570, .T. ) ;
#327 = DIRECTION ( 'NONE',  ( -0.000000000000000000, 1.000000000000000000, -0.000000000000000000 ) ) ;
#328 = CARTESIAN_POINT ( 'NONE',  ( 0.5241696996132929609, 0.8508438818575453366, 0.7500000000000000000 ) ) ;
#329 = LINE ( 'NONE', #1893, #8001 ) ;
#330 = CARTESIAN_POINT ( 'NONE',  ( 0.1527435225458242118, 0.8810147781199886285, 0.7600000000000000089 ) ) ;
#331 = B_SPLINE_SURFACE_WITH_KNOTS ( 'NONE', 3, 1, ( 
 ( #6780, #3532 ),
 ( #5025, #5946 ),
 ( #9133, #4413 ),
 ( #6681, #9957 ) ),
 .UNSPECIFIED., .F., .F., .F.,
 ( 4, 4 ),
 ( 2, 2 ),
 ( 9.000000000000000000, 10.00000000000000000 ),
 ( 0.000000000000000000, 1.000000000000000000 ),
 .UNSPECIFIED. ) ;
#332 = CARTESIAN_POINT ( 'NONE',  ( 0.6258752166767415082, 0.6782031323977688597, 0.7500000000000000000 ) ) ;
#333 = DIRECTION ( 'NONE',  ( -0.000000000000000000, 0.000000000000000000, -1.000000000000000000 ) ) ;
#334 = VERTEX_POINT ( 'NONE', #412 ) ;
#335 = MECHANICAL_DESIGN_GEOMETRIC_PRESENTATION_REPRESENTATION (  '', ( #164 ), #5462 ) ;
#336 = EDGE_CURVE ( 'NONE', #99, #6624, #9143, .T. ) ;
#337 = CARTESIAN_POINT ( 'NONE',  ( 0.5481095116063531281, 0.6664874349316166624, 0.7600000000000000089 ) ) ;
#338 = VERTEX_POINT ( 'NONE', #8210 ) ;
#339 = CARTESIAN_POINT ( 'NONE',  ( 0.6342972557987428539, 0.6851441305197928378, 0.7600000000000000089 ) ) ;
#340 = VERTEX_POINT ( 'NONE', #3597 ) ;
#341 =( LENGTH_UNIT ( ) NAMED_UNIT ( * ) SI_UNIT ( .MILLI., .METRE. ) );
#342 = PRESENTATION_LAYER_ASSIGNMENT (  '', '', ( #9465 ) ) ;
#343 = CARTESIAN_POINT ( 'NONE',  ( 0.8011464717943481695, 0.6581317110782219926, 0.7600000000000000089 ) ) ;
#344 = VERTEX_POINT ( 'NONE', #5093 ) ;
#345 = ADVANCED_FACE ( 'NONE', ( #3489 ), #6790, .F. ) ;
#346 = DIRECTION ( 'NONE',  ( -0.000000000000000000, -0.000000000000000000, -1.000000000000000000 ) ) ;
#347 = ORIENTED_EDGE ( 'NONE', *, *, #10169, .T. ) ;
#348 = ORIENTED_EDGE ( 'NONE', *, *, #3086, .T. ) ;
#349 = ORIENTED_EDGE ( 'NONE', *, *, #4604, .F. ) ;
#350 = FACE_OUTER_BOUND ( 'NONE', #6240, .T. ) ;
#351 = ORIENTED_EDGE ( 'NONE', *, *, #10064, .F. ) ;
#352 = CARTESIAN_POINT ( 'NONE',  ( 0.6203268391971467066, 0.6566727751671871394, 0.7600000000000000089 ) ) ;
#353 = SURFACE_STYLE_FILL_AREA ( #7447 ) ;
#354 = DIRECTION ( 'NONE',  ( 0.000000000000000000, 0.000000000000000000, 1.000000000000000000 ) ) ;
#355 = LINE ( 'NONE', #1193, #7157 ) ;
#356 = EDGE_CURVE ( 'NONE', #9583, #7406, #8162, .T. ) ;
#357 = DIRECTION ( 'NONE',  ( 1.000000000000000000, 1.755283150515606412E-14, -0.000000000000000000 ) ) ;
#358 = ORIENTED_EDGE ( 'NONE', *, *, #8788, .F. ) ;
#359 = STYLED_ITEM ( 'NONE', ( #2490 ), #9045 ) ;
#360 = VERTEX_POINT ( 'NONE', #5194 ) ;
#361 = LINE ( 'NONE', #5190, #9244 ) ;
#362 = ADVANCED_FACE ( 'NONE', ( #2762 ), #9965, .F. ) ;
#363 = CARTESIAN_POINT ( 'NONE',  ( 0.5319064809591412812, 0.6862051748186153155, 0.7500000000000000000 ) ) ;
#364 = ORIENTED_EDGE ( 'NONE', *, *, #1965, .T. ) ;
#365 = DIRECTION ( 'NONE',  ( 0.000000000000000000, 1.000000000000000000, -0.000000000000000000 ) ) ;
#366 = CARTESIAN_POINT ( 'NONE',  ( 0.6272236271398095031, 0.6905819825511216870, 0.7500000000000000000 ) ) ;
#367 = CARTESIAN_POINT ( 'NONE',  ( -0.8000000000000013767, 0.4999999999999973910, -0.02000000000000000042 ) ) ;
#368 = CARTESIAN_POINT ( 'NONE',  ( 0.6263394235572565805, 0.6583085517944956555, 0.7600000000000000089 ) ) ;
#369 = CARTESIAN_POINT ( 'NONE',  ( 0.5661472646869724068, 0.6603422200340092196, 0.7600000000000000089 ) ) ;
#370 = EDGE_CURVE ( 'NONE', #8544, #1717, #3443, .T. ) ;
#371 = CARTESIAN_POINT ( 'NONE',  ( 0.5707009131360528675, 0.6581317110782208823, 0.7600000000000000089 ) ) ;
#372 = ORIENTED_EDGE ( 'NONE', *, *, #4151, .F. ) ;
#373 = PRESENTATION_STYLE_ASSIGNMENT (( #5965 ) ) ;
#374 = ORIENTED_EDGE ( 'NONE', *, *, #5446, .T. ) ;
#375 = CARTESIAN_POINT ( 'NONE',  ( 0.7394732719229082374, 0.8396587065408116501, 0.7500000000000000000 ) ) ;
#376 = CARTESIAN_POINT ( 'NONE',  ( 0.5278612495696457518, 0.8135304906812018677, 0.7600000000000000089 ) ) ;
#377 = PRESENTATION_STYLE_ASSIGNMENT (( #7424 ) ) ;
#378 = PLANE ( 'NONE',  #8653 ) ;
#379 = CARTESIAN_POINT ( 'NONE',  ( 0.6240183891535026062, 0.6797504886669357704, 0.7600000000000000089 ) ) ;
#380 =( NAMED_UNIT ( * ) SI_UNIT ( $, .STERADIAN. ) SOLID_ANGLE_UNIT ( ) );
#381 = VERTEX_POINT ( 'NONE', #5849 ) ;
#382 = CARTESIAN_POINT ( 'NONE',  ( 0.6435592883242243767, 0.7198933313072078954, 0.7600000000000000089 ) ) ;
#383 = VECTOR ( 'NONE', #3771, 1000.000000000000000 ) ;
#384 = VERTEX_POINT ( 'NONE', #5905 ) ;
#385 = CARTESIAN_POINT ( 'NONE',  ( 0.5815324070202413376, 0.6978766621056951003, 0.7600000000000000089 ) ) ;
#386 = CARTESIAN_POINT ( 'NONE',  ( 0.1687290721208205557, 0.6652097327926949077, 0.7600000000000000089 ) ) ;
#387 = EDGE_LOOP ( 'NONE', ( #2472, #7881, #2108, #7183 ) ) ;
#388 = CARTESIAN_POINT ( 'NONE',  ( 0.7264312690829315411, 0.8074294859626620635, 0.7500000000000000000 ) ) ;
#389 = ORIENTED_EDGE ( 'NONE', *, *, #7423, .F. ) ;
#390 = MECHANICAL_DESIGN_GEOMETRIC_PRESENTATION_REPRESENTATION (  '', ( #4382 ), #5684 ) ;
#391 =( NAMED_UNIT ( * ) SI_UNIT ( $, .STERADIAN. ) SOLID_ANGLE_UNIT ( ) );
#392 = DIRECTION ( 'NONE',  ( -0.000000000000000000, 0.000000000000000000, -1.000000000000000000 ) ) ;
#393 = ORIENTED_EDGE ( 'NONE', *, *, #7869, .F. ) ;
#394 = SURFACE_STYLE_FILL_AREA ( #448 ) ;
#395 = VERTEX_POINT ( 'NONE', #6589 ) ;
#396 = ORIENTED_EDGE ( 'NONE', *, *, #684, .T. ) ;
#397 = ORIENTED_EDGE ( 'NONE', *, *, #8691, .T. ) ;
#398 = CARTESIAN_POINT ( 'NONE',  ( 0.5000000000000008882, -0.2809999999999986398, -0.02000000000000000042 ) ) ;
#399 = FACE_OUTER_BOUND ( 'NONE', #7531, .T. ) ;
#400 = COLOUR_RGB ( '',0.6666666666666666297, 0.6666666666666666297, 0.6666666666666666297 ) ;
#401 = CARTESIAN_POINT ( 'NONE',  ( 0.2904652471765117316, 0.6959511923247825305, 0.7600000000000000089 ) ) ;
#402 = CARTESIAN_POINT ( 'NONE',  ( 0.1336838152908021993, 0.8644143882141983593, 0.7600000000000000089 ) ) ;
#403 = B_SPLINE_SURFACE_WITH_KNOTS ( 'NONE', 3, 1, ( 
 ( #5970, #4439 ),
 ( #6852, #7578 ),
 ( #376, #7681 ),
 ( #6760, #4384 ) ),
 .UNSPECIFIED., .F., .F., .F.,
 ( 4, 4 ),
 ( 2, 2 ),
 ( 2.000000000000000000, 3.000000000000000000 ),
 ( 0.000000000000000000, 1.000000000000000000 ),
 .UNSPECIFIED. ) ;
#404 = LINE ( 'NONE', #3535, #5397 ) ;
#405 = EDGE_CURVE ( 'NONE', #4142, #4751, #6055, .T. ) ;
#406 = B_SPLINE_CURVE_WITH_KNOTS ( 'NONE', 3,
 ( #4555, #10156, #6245, #3823 ),
 .UNSPECIFIED., .F., .F.,
 ( 4, 4 ),
 ( 7.000000000000000000, 8.000000000000000000 ),
 .UNSPECIFIED. ) ;
#407 = ORIENTED_EDGE ( 'NONE', *, *, #336, .F. ) ;
#408 = DIRECTION ( 'NONE',  ( 0.000000000000000000, -1.000000000000000000, 0.000000000000000000 ) ) ;
#409 = B_SPLINE_CURVE_WITH_KNOTS ( 'NONE', 3,
 ( #7906, #7744, #788, #3961 ),
 .UNSPECIFIED., .F., .F.,
 ( 4, 4 ),
 ( 11.00000000000000000, 12.00000000000000000 ),
 .UNSPECIFIED. ) ;
#410 = CARTESIAN_POINT ( 'NONE',  ( 0.5962765017564184422, 0.7032260937794797551, 0.7600000000000000089 ) ) ;
#411 = ORIENTED_EDGE ( 'NONE', *, *, #4437, .F. ) ;
#412 = CARTESIAN_POINT ( 'NONE',  ( 0.08757163771990406076, 0.7002550248041142789, 0.7500000000000000000 ) ) ;
#413 = B_SPLINE_SURFACE_WITH_KNOTS ( 'NONE', 3, 1, ( 
 ( #8513, #7882 ),
 ( #7714, #2994 ),
 ( #2319, #9326 ),
 ( #5476, #1494 ) ),
 .UNSPECIFIED., .F., .F., .F.,
 ( 4, 4 ),
 ( 2, 2 ),
 ( 34.00000000000000000, 35.00000000000000000 ),
 ( 0.000000000000000000, 1.000000000000000000 ),
 .UNSPECIFIED. ) ;
#414 = CARTESIAN_POINT ( 'NONE',  ( 0.5000000000000008882, -0.2809999999999986398, -0.02000000000000000042 ) ) ;
#415 = CARTESIAN_POINT ( 'NONE',  ( 0.5889155069332399073, 0.8797131288223546397, 0.7600000000000000089 ) ) ;
#416 = LINE ( 'NONE', #5198, #6370 ) ;
#417 = DIRECTION ( 'NONE',  ( -0.000000000000000000, -1.000000000000000000, -0.000000000000000000 ) ) ;
#418 = VECTOR ( 'NONE', #645, 1000.000000000000000 ) ;
#419 = FACE_OUTER_BOUND ( 'NONE', #215, .T. ) ;
#420 = VECTOR ( 'NONE', #7355, 1000.000000000000000 ) ;
#421 = B_SPLINE_CURVE_WITH_KNOTS ( 'NONE', 3,
 ( #4141, #3988, #1752, #4964 ),
 .UNSPECIFIED., .F., .F.,
 ( 4, 4 ),
 ( 8.000000000000000000, 9.000000000000000000 ),
 .UNSPECIFIED. ) ;
#422 = EDGE_CURVE ( 'NONE', #9892, #6150, #10070, .T. ) ;
#423 = ORIENTED_EDGE ( 'NONE', *, *, #4965, .T. ) ;
#424 = DIRECTION ( 'NONE',  ( 1.000000000000000000, -0.000000000000000000, -0.000000000000000000 ) ) ;
#425 = CARTESIAN_POINT ( 'NONE',  ( 0.4861931557500382972, 0.6679905810217201534, 0.7600000000000000089 ) ) ;
#426 = COLOUR_RGB ( '',0.6666666666666666297, 0.6666666666666666297, 0.6666666666666666297 ) ;
#427 = EDGE_CURVE ( 'NONE', #8194, #9127, #7042, .T. ) ;
#428 = COLOUR_RGB ( '',0.6666666666666666297, 0.6666666666666666297, 0.6666666666666666297 ) ;
#429 = CARTESIAN_POINT ( 'NONE',  ( 0.6457919023698426297, 0.6299256168000324507, 0.7500000000000000000 ) ) ;
#430 = SURFACE_SIDE_STYLE ('',( #1316 ) ) ;
#431 = CARTESIAN_POINT ( 'NONE',  ( 0.2271378452316094032, 0.8681033657031786976, 0.7600000000000000089 ) ) ;
#432 = PLANE ( 'NONE',  #5698 ) ;
#433 = ADVANCED_FACE ( 'NONE', ( #1353 ), #3892, .F. ) ;
#434 = ORIENTED_EDGE ( 'NONE', *, *, #4119, .F. ) ;
#435 = DIRECTION ( 'NONE',  ( -0.000000000000000000, -0.000000000000000000, -1.000000000000000000 ) ) ;
#436 = AXIS2_PLACEMENT_3D ( 'NONE', #1297, #4466, #7606 ) ;
#437 = CARTESIAN_POINT ( 'NONE',  ( 0.3255105157337611632, 0.6578318012680252069, 0.7500000000000000000 ) ) ;
#438 = EDGE_CURVE ( 'NONE', #9633, #8051, #1450, .T. ) ;
#439 = DIRECTION ( 'NONE',  ( 3.347305518033890778E-15, -1.000000000000000000, 0.000000000000000000 ) ) ;
#440 = ORIENTED_EDGE ( 'NONE', *, *, #4811, .T. ) ;
#441 = DIRECTION ( 'NONE',  ( 0.000000000000000000, 1.000000000000000000, -0.000000000000000000 ) ) ;
#442 = ORIENTED_EDGE ( 'NONE', *, *, #6758, .T. ) ;
#443 = CARTESIAN_POINT ( 'NONE',  ( 0.000000000000000000, 0.000000000000000000, -0.02000000000000000042 ) ) ;
#444 = LINE ( 'NONE', #5015, #3442 ) ;
#445 = VECTOR ( 'NONE', #721, 1000.000000000000000 ) ;
#446 = VERTEX_POINT ( 'NONE', #3690 ) ;
#447 = CARTESIAN_POINT ( 'NONE',  ( 0.5707009131360528675, 0.6973903501359423052, 0.7600000000000000089 ) ) ;
#448 = FILL_AREA_STYLE ('',( #6672 ) ) ;
#449 = ORIENTED_EDGE ( 'NONE', *, *, #8254, .T. ) ;
#450 = VERTEX_POINT ( 'NONE', #4472 ) ;
#451 = PLANE ( 'NONE',  #8697 ) ;
#452 = EDGE_LOOP ( 'NONE', ( #1107, #9150, #2594, #1549 ) ) ;
#453 = VECTOR ( 'NONE', #1910, 1000.000000000000000 ) ;
#454 = LINE ( 'NONE', #5182, #3915 ) ;
#455 = CARTESIAN_POINT ( 'NONE',  ( 0.6126784782097328685, 0.6852767610569958645, 0.7500000000000000000 ) ) ;
#456 = LINE ( 'NONE', #5233, #9317 ) ;
#457 = DIRECTION ( 'NONE',  ( -0.9910683662997703536, -0.1333547648938887553, 0.000000000000000000 ) ) ;
#458 = UNCERTAINTY_MEASURE_WITH_UNIT (LENGTH_MEASURE( 1.000000000000000082E-05 ), #7338, 'distance_accuracy_value', 'NONE');
#459 = ORIENTED_EDGE ( 'NONE', *, *, #8341, .F. ) ;
#460 = LINE ( 'NONE', #3539, #1955 ) ;
#461 =( GEOMETRIC_REPRESENTATION_CONTEXT ( 3 ) GLOBAL_UNCERTAINTY_ASSIGNED_CONTEXT ( ( #5140 ) ) GLOBAL_UNIT_ASSIGNED_CONTEXT ( ( #6440, #4846, #960 ) ) REPRESENTATION_CONTEXT ( 'NONE', 'WORKASPACE' ) );
#462 = LINE ( 'NONE', #2025, #8356 ) ;
#463 = VERTEX_POINT ( 'NONE', #9390 ) ;
#464 = DIRECTION ( 'NONE',  ( -1.128396311045734357E-14, 1.000000000000000000, 0.000000000000000000 ) ) ;
#465 = DIRECTION ( 'NONE',  ( -0.000000000000000000, -0.000000000000000000, -1.000000000000000000 ) ) ;
#466 = ADVANCED_FACE ( 'NONE', ( #4570 ), #5619, .F. ) ;
#467 = LINE ( 'NONE', #9920, #2086 ) ;
#468 = CARTESIAN_POINT ( 'NONE',  ( 0.4750300855225395580, 0.7953158968843062615, 0.7500000000000000000 ) ) ;
#469 = LINE ( 'NONE', #3647, #4891 ) ;
#470 = CARTESIAN_POINT ( 'NONE',  ( -0.7081802701769340791, -0.8148992480723536991, 0.7299999999999999822 ) ) ;
#471 = VECTOR ( 'NONE', #9403, 1000.000000000000000 ) ;
#472 = CARTESIAN_POINT ( 'NONE',  ( 0.6740864170061684479, 0.6712179240972643290, 0.7600000000000000089 ) ) ;
#473 = EDGE_LOOP ( 'NONE', ( #8506, #9384, #6000, #10041 ) ) ;
#474 = DIRECTION ( 'NONE',  ( 0.000000000000000000, -1.000000000000000000, 0.000000000000000000 ) ) ;
#475 = ADVANCED_FACE ( 'NONE', ( #6104 ), #4058, .F. ) ;
#476 = CARTESIAN_POINT ( 'NONE',  ( 0.5685346143593300594, 0.8731700223125384852, 0.7500000000000000000 ) ) ;
#477 = CARTESIAN_POINT ( 'NONE',  ( 0.6527771106706375948, 0.6290414132174785289, 0.7600000000000000089 ) ) ;
#478 = CARTESIAN_POINT ( 'NONE',  ( 0.6126784782097328685, 0.6852767610569958645, 0.7600000000000000089 ) ) ;
#479 = EDGE_CURVE ( 'NONE', #8305, #395, #8520, .T. ) ;
#480 = CARTESIAN_POINT ( 'NONE',  ( 0.6240183891535026062, 0.6797504886669357704, 0.7600000000000000089 ) ) ;
#481 = EDGE_CURVE ( 'NONE', #3300, #7650, #6840, .T. ) ;
#482 = VERTEX_POINT ( 'NONE', #2126 ) ;
#483 = FACE_OUTER_BOUND ( 'NONE', #75, .T. ) ;
#484 = VERTEX_POINT ( 'NONE', #2174 ) ;
#485 = CARTESIAN_POINT ( 'NONE',  ( 0.1499999999999984679, 0.5000000000000007772, 0.000000000000000000 ) ) ;
#486 = B_SPLINE_CURVE_WITH_KNOTS ( 'NONE', 3,
 ( #2042, #4438, #3504, #2774 ),
 .UNSPECIFIED., .F., .F.,
 ( 4, 4 ),
 ( 22.00000000000000000, 23.00000000000000000 ),
 .UNSPECIFIED. ) ;
#487 = B_SPLINE_SURFACE_WITH_KNOTS ( 'NONE', 3, 1, ( 
 ( #4456, #5175 ),
 ( #7598, #2693 ),
 ( #8247, #7545 ),
 ( #3523, #1084 ) ),
 .UNSPECIFIED., .F., .F., .F.,
 ( 4, 4 ),
 ( 2, 2 ),
 ( 17.00000000000000000, 18.00000000000000000 ),
 ( 0.000000000000000000, 1.000000000000000000 ),
 .UNSPECIFIED. ) ;
#488 = ORIENTED_EDGE ( 'NONE', *, *, #9731, .F. ) ;
#489 = CARTESIAN_POINT ( 'NONE',  ( 0.5707009131360528675, 0.6831988826384144398, 0.7600000000000000089 ) ) ;
#490 =( LENGTH_UNIT ( ) NAMED_UNIT ( * ) SI_UNIT ( .MILLI., .METRE. ) );
#491 = ORIENTED_EDGE ( 'NONE', *, *, #1939, .T. ) ;
#492 = VERTEX_POINT ( 'NONE', #8470 ) ;
#493 = FACE_OUTER_BOUND ( 'NONE', #601, .T. ) ;
#494 = ORIENTED_EDGE ( 'NONE', *, *, #1852, .T. ) ;
#495 = AXIS2_PLACEMENT_3D ( 'NONE', #9440, #7944, #7139 ) ;
#496 = LINE ( 'NONE', #7765, #8565 ) ;
#497 = CARTESIAN_POINT ( 'NONE',  ( 0.7830645085340638412, 0.8707384624614092905, 0.7500000000000000000 ) ) ;
#498 = LINE ( 'NONE', #5186, #873 ) ;
#499 = EDGE_CURVE ( 'NONE', #5716, #2841, #5335, .T. ) ;
#500 = LINE ( 'NONE', #3682, #8237 ) ;
#501 = VECTOR ( 'NONE', #8496, 1000.000000000000000 ) ;
#502 = ORIENTED_EDGE ( 'NONE', *, *, #5311, .F. ) ;
#503 = CARTESIAN_POINT ( 'NONE',  ( 0.3150584148018278907, 0.7912497168735491693, 0.7500000000000000000 ) ) ;
#504 = DIRECTION ( 'NONE',  ( 0.000000000000000000, 0.000000000000000000, 1.000000000000000000 ) ) ;
#505 = ORIENTED_EDGE ( 'NONE', *, *, #7220, .F. ) ;
#506 = CARTESIAN_POINT ( 'NONE',  ( 0.5507842274429501916, 0.7125102313944980947, 0.7600000000000000089 ) ) ;
#507 = DIRECTION ( 'NONE',  ( 1.000000000000000000, 3.491481338843133355E-15, -0.000000000000000000 ) ) ;
#508 = CARTESIAN_POINT ( 'NONE',  ( 0.8328672753114374494, 0.7210870061432395062, 0.7600000000000000089 ) ) ;
#509 = CARTESIAN_POINT ( 'NONE',  ( 0.7256796960381816097, 0.7346595311332154710, 0.7500000000000000000 ) ) ;
#510 = DIRECTION ( 'NONE',  ( -1.000000000000000000, 0.000000000000000000, 0.000000000000000000 ) ) ;
#511 = STYLED_ITEM ( 'NONE', ( #5757 ), #8752 ) ;
#512 = CARTESIAN_POINT ( 'NONE',  ( 0.7772066598009909066, 0.8817910072409395061, 0.7600000000000000089 ) ) ;
#513 =( NAMED_UNIT ( * ) SI_UNIT ( $, .STERADIAN. ) SOLID_ANGLE_UNIT ( ) );
#514 = ORIENTED_EDGE ( 'NONE', *, *, #3802, .F. ) ;
#515 = ADVANCED_FACE ( 'NONE', ( #10113 ), #910, .F. ) ;
#516 = CARTESIAN_POINT ( 'NONE',  ( 0.6519371172671560855, 0.6383255508324964245, 0.7500000000000000000 ) ) ;
#517 = VECTOR ( 'NONE', #9535, 1000.000000000000000 ) ;
#518 = CARTESIAN_POINT ( 'NONE',  ( 0.9999999999999965583, 1.000000000000003997, 0.7500000000000000000 ) ) ;
#519 = CARTESIAN_POINT ( 'NONE',  ( 0.6435592883242243767, 0.7198933313072078954, 0.7500000000000000000 ) ) ;
#520 = CARTESIAN_POINT ( 'NONE',  ( 0.1453655792945113823, 0.7408337537313613996, 0.7600000000000000089 ) ) ;
#521 = CARTESIAN_POINT ( 'NONE',  ( 0.5428927104703610285, 0.6789104952640417912, 0.7600000000000000089 ) ) ;
#522 = DIRECTION ( 'NONE',  ( -1.000000000000000000, -0.000000000000000000, -0.000000000000000000 ) ) ;
#523 = ORIENTED_EDGE ( 'NONE', *, *, #2854, .T. ) ;
#524 = VECTOR ( 'NONE', #1055, 1000.000000000000000 ) ;
#525 = EDGE_CURVE ( 'NONE', #8447, #314, #3054, .T. ) ;
#526 = CARTESIAN_POINT ( 'NONE',  ( 0.6734232643189621559, 0.6683884726333393367, 0.7600000000000000089 ) ) ;
#527 = PLANE ( 'NONE',  #6346 ) ;
#528 = STYLED_ITEM ( 'NONE', ( #3420 ), #6328 ) ;
#529 = ORIENTED_EDGE ( 'NONE', *, *, #9784, .F. ) ;
#530 = CARTESIAN_POINT ( 'NONE',  ( 0.5962765017564184422, 0.6994240183748651196, 0.7600000000000000089 ) ) ;
#531 = ORIENTED_EDGE ( 'NONE', *, *, #7132, .T. ) ;
#532 = CARTESIAN_POINT ( 'NONE',  ( 0.6173868622858398325, 0.8718437169393019603, 0.7500000000000000000 ) ) ;
#533 = DIRECTION ( 'NONE',  ( 1.000000000000000000, -0.000000000000000000, -0.000000000000000000 ) ) ;
#534 = ORIENTED_EDGE ( 'NONE', *, *, #9410, .T. ) ;
#535 = EDGE_CURVE ( 'NONE', #2833, #6360, #1533, .T. ) ;
#536 = ORIENTED_EDGE ( 'NONE', *, *, #3308, .T. ) ;
#537 = CARTESIAN_POINT ( 'NONE',  ( 0.8020306753763067897, 0.7446068214348521286, 0.7600000000000000089 ) ) ;
#538 = CARTESIAN_POINT ( 'NONE',  ( 0.1687290721208205557, 0.6916473832993281778, 0.7600000000000000089 ) ) ;
#539 = EDGE_CURVE ( 'NONE', #3969, #1337, #8623, .T. ) ;
#540 = EDGE_LOOP ( 'NONE', ( #1238, #1841, #6284, #2829 ) ) ;
#541 = FACE_OUTER_BOUND ( 'NONE', #3581, .T. ) ;
#542 = PRESENTATION_LAYER_ASSIGNMENT (  '', '', ( #6999 ) ) ;
#543 = ORIENTED_EDGE ( 'NONE', *, *, #8978, .T. ) ;
#544 = CARTESIAN_POINT ( 'NONE',  ( 0.8265452196975536792, 0.7265248581751615475, 0.7600000000000000089 ) ) ;
#545 = DIRECTION ( 'NONE',  ( 0.000000000000000000, 0.000000000000000000, -1.000000000000000000 ) ) ;
#546 = DIRECTION ( 'NONE',  ( -0.000000000000000000, -0.000000000000000000, -1.000000000000000000 ) ) ;
#547 = DIRECTION ( 'NONE',  ( -1.000000000000000000, -2.709813608826153565E-14, 0.000000000000000000 ) ) ;
#548 = DIRECTION ( 'NONE',  ( -0.000000000000000000, -0.000000000000000000, -1.000000000000000000 ) ) ;
#549 = ORIENTED_EDGE ( 'NONE', *, *, #9097, .T. ) ;
#550 = CARTESIAN_POINT ( 'NONE',  ( 0.6098048165667382392, 0.6984513944347666703, 0.7600000000000000089 ) ) ;
#551 = SURFACE_STYLE_USAGE ( .BOTH. , #5481 ) ;
#552 = ORIENTED_EDGE ( 'NONE', *, *, #1051, .T. ) ;
#553 = ADVANCED_FACE ( 'NONE', ( #9547 ), #7014, .T. ) ;
#554 = VERTEX_POINT ( 'NONE', #9605 ) ;
#555 = LINE ( 'NONE', #214, #6022 ) ;
#556 = CARTESIAN_POINT ( 'NONE',  ( 0.3470295374056933113, 0.6596762841493413188, 0.7500000000000000000 ) ) ;
#557 = EDGE_CURVE ( 'NONE', #5676, #1338, #2487, .T. ) ;
#558 = SURFACE_STYLE_USAGE ( .BOTH. , #9238 ) ;
#559 = CARTESIAN_POINT ( 'NONE',  ( 0.2941542129388484694, 0.6953363725158325792, 0.7600000000000000089 ) ) ;
#560 = CARTESIAN_POINT ( 'NONE',  ( 0.7123503270336647430, 0.8081810590080072965, 0.7500000000000000000 ) ) ;
#561 = FACE_OUTER_BOUND ( 'NONE', #5552, .T. ) ;
#562 = ORIENTED_EDGE ( 'NONE', *, *, #2926, .T. ) ;
#563 = CARTESIAN_POINT ( 'NONE',  ( 0.8896773554794356054, 0.7274974821158513016, 0.7500000000000000000 ) ) ;
#564 = ORIENTED_EDGE ( 'NONE', *, *, #3246, .T. ) ;
#565 = EDGE_CURVE ( 'NONE', #283, #5058, #7587, .T. ) ;
#566 = ORIENTED_EDGE ( 'NONE', *, *, #10105, .T. ) ;
#567 = VECTOR ( 'NONE', #4673, 1000.000000000000000 ) ;
#568 = CARTESIAN_POINT ( 'NONE',  ( 0.1207723999419626909, 0.6645948895298708914, 0.7500000000000000000 ) ) ;
#569 = DIRECTION ( 'NONE',  ( -1.000000000000000000, -0.000000000000000000, -0.000000000000000000 ) ) ;
#570 = VECTOR ( 'NONE', #2085, 1000.000000000000227 ) ;
#571 = CARTESIAN_POINT ( 'NONE',  ( 0.5889155069332399073, 0.8680416415352748549, 0.7600000000000000089 ) ) ;
#572 = B_SPLINE_SURFACE_WITH_KNOTS ( 'NONE', 3, 1, ( 
 ( #8499, #2255 ),
 ( #2203, #9419 ),
 ( #10196, #3138 ),
 ( #10145, #3031 ) ),
 .UNSPECIFIED., .F., .F., .F.,
 ( 4, 4 ),
 ( 2, 2 ),
 ( 3.000000000000000000, 4.000000000000000000 ),
 ( 0.000000000000000000, 1.000000000000000000 ),
 .UNSPECIFIED. ) ;
#573 = VERTEX_POINT ( 'NONE', #9492 ) ;
#574 = LINE ( 'NONE', #5305, #1783 ) ;
#575 = VECTOR ( 'NONE', #9690, 1000.000000000000114 ) ;
#576 =( GEOMETRIC_REPRESENTATION_CONTEXT ( 3 ) GLOBAL_UNCERTAINTY_ASSIGNED_CONTEXT ( ( #3977 ) ) GLOBAL_UNIT_ASSIGNED_CONTEXT ( ( #7297, #6537, #9616 ) ) REPRESENTATION_CONTEXT ( 'NONE', 'WORKASPACE' ) );
#577 = ORIENTED_EDGE ( 'NONE', *, *, #5871, .F. ) ;
#578 = SURFACE_STYLE_USAGE ( .BOTH. , #6177 ) ;
#579 = ORIENTED_EDGE ( 'NONE', *, *, #4389, .T. ) ;
#580 = CARTESIAN_POINT ( 'NONE',  ( 0.7182523859458088689, 0.8637090439812484810, 0.7600000000000000089 ) ) ;
#581 = EDGE_CURVE ( 'NONE', #119, #7233, #8768, .T. ) ;
#582 = ORIENTED_EDGE ( 'NONE', *, *, #1096, .F. ) ;
#583 = VECTOR ( 'NONE', #688, 1000.000000000000000 ) ;
#584 = AXIS2_PLACEMENT_3D ( 'NONE', #3948, #5485, #8668 ) ;
#585 = LINE ( 'NONE', #3767, #3074 ) ;
#586 = ORIENTED_EDGE ( 'NONE', *, *, #7113, .T. ) ;
#587 = DIRECTION ( 'NONE',  ( 0.000000000000000000, -0.000000000000000000, -1.000000000000000000 ) ) ;
#588 = VECTOR ( 'NONE', #944, 1000.000000000000000 ) ;
#589 = CARTESIAN_POINT ( 'NONE',  ( 0.4750300855225395580, 0.7953158968843062615, 0.7500000000000000000 ) ) ;
#590 = VERTEX_POINT ( 'NONE', #2374 ) ;
#591 =( NAMED_UNIT ( * ) PLANE_ANGLE_UNIT ( ) SI_UNIT ( $, .RADIAN. ) );
#592 = EDGE_CURVE ( 'NONE', #9936, #8955, #4926, .T. ) ;
#593 = VERTEX_POINT ( 'NONE', #5643 ) ;
#594 = CARTESIAN_POINT ( 'NONE',  ( 0.1256910405033054012, 0.8539622931460290056, 0.7600000000000000089 ) ) ;
#595 = CARTESIAN_POINT ( 'NONE',  ( 0.5523978989807216688, 0.6948261597470143380, 0.7600000000000000089 ) ) ;
#596 = CARTESIAN_POINT ( 'NONE',  ( 0.6802316319037785552, 0.8051747668278049774, 0.7600000000000000089 ) ) ;
#597 = CARTESIAN_POINT ( 'NONE',  ( 0.8434114030316806065, 0.6783357629355640794, 0.7500000000000000000 ) ) ;
#598 = VECTOR ( 'NONE', #7434, 1000.000000000000000 ) ;
#599 = LINE ( 'NONE', #2216, #6217 ) ;
#600 = EDGE_CURVE ( 'NONE', #6204, #4632, #881, .T. ) ;
#601 = EDGE_LOOP ( 'NONE', ( #4005, #1998, #3738, #3578, #2306, #3099 ) ) ;
#602 = LINE ( 'NONE', #7661, #3457 ) ;
#603 = FACE_OUTER_BOUND ( 'NONE', #9662, .T. ) ;
#604 = ORIENTED_EDGE ( 'NONE', *, *, #5432, .T. ) ;
#605 = VECTOR ( 'NONE', #6710, 1000.000000000000000 ) ;
#606 = ORIENTED_EDGE ( 'NONE', *, *, #6250, .F. ) ;
#607 = CARTESIAN_POINT ( 'NONE',  ( 0.1499999999999984679, 0.5000000000000007772, -0.02000000000000000042 ) ) ;
#608 = CARTESIAN_POINT ( 'NONE',  ( 0.7610257342436118622, 0.6679905810217212636, 0.7600000000000000089 ) ) ;
#609 = EDGE_CURVE ( 'NONE', #1224, #1763, #3762, .T. ) ;
#610 = DIRECTION ( 'NONE',  ( -3.347305518033890778E-15, 1.000000000000000000, 0.000000000000000000 ) ) ;
#611 = DIRECTION ( 'NONE',  ( -0.000000000000000000, -0.000000000000000000, -1.000000000000000000 ) ) ;
#612 = LINE ( 'NONE', #10227, #5060 ) ;
#613 = CARTESIAN_POINT ( 'NONE',  ( 0.05068188628163305953, 0.7906349205184703965, 0.7500000000000000000 ) ) ;
#614 = CARTESIAN_POINT ( 'NONE',  ( 0.5590515309382118048, 0.6655590211699972114, 0.7600000000000000089 ) ) ;
#615 = ORIENTED_EDGE ( 'NONE', *, *, #5255, .T. ) ;
#616 = VECTOR ( 'NONE', #7248, 1000.000000000000000 ) ;
#617 = CARTESIAN_POINT ( 'NONE',  ( 0.5358853970800290245, 0.8272356462083849671, 0.7600000000000000089 ) ) ;
#618 = ORIENTED_EDGE ( 'NONE', *, *, #1361, .F. ) ;
#619 = ORIENTED_EDGE ( 'NONE', *, *, #5661, .F. ) ;
#620 = MECHANICAL_DESIGN_GEOMETRIC_PRESENTATION_REPRESENTATION (  '', ( #5112 ), #1464 ) ;
#621 = DIRECTION ( 'NONE',  ( 1.000000000000000000, 3.491481338843133355E-15, 0.000000000000000000 ) ) ;
#622 = CARTESIAN_POINT ( 'NONE',  ( 0.6173868622858398325, 0.8718437169393019603, 0.7600000000000000089 ) ) ;
#623 = PLANE ( 'NONE',  #3735 ) ;
#624 = DIRECTION ( 'NONE',  ( -0.000000000000000000, 1.000000000000000000, -0.000000000000000000 ) ) ;
#625 = VECTOR ( 'NONE', #257, 1000.000000000000000 ) ;
#626 = CARTESIAN_POINT ( 'NONE',  ( 0.6677864664815245099, 0.6582643416154285720, 0.7500000000000000000 ) ) ;
#627 = EDGE_CURVE ( 'NONE', #9212, #3336, #5125, .T. ) ;
#628 = EDGE_LOOP ( 'NONE', ( #7071, #505, #2683, #9347, #7264, #9903, #7975, #129, #3569, #5714, #4018, #9790 ) ) ;
#629 = CARTESIAN_POINT ( 'NONE',  ( 0.5372117024535616459, 0.6615358948700397201, 0.7600000000000000089 ) ) ;
#630 = VERTEX_POINT ( 'NONE', #2326 ) ;
#631 = LINE ( 'NONE', #7639, #501 ) ;
#632 = B_SPLINE_CURVE_WITH_KNOTS ( 'NONE', 3,
 ( #3389, #8062, #9717, #1828 ),
 .UNSPECIFIED., .F., .F.,
 ( 4, 4 ),
 ( 8.000000000000000000, 9.000000000000000000 ),
 .UNSPECIFIED. ) ;
#633 = ORIENTED_EDGE ( 'NONE', *, *, #6466, .T. ) ;
#634 = PRESENTATION_STYLE_ASSIGNMENT (( #6285 ) ) ;
#635 = CARTESIAN_POINT ( 'NONE',  ( 0.7256796960381816097, 0.7069839590044382227, 0.7600000000000000089 ) ) ;
#636 = CARTESIAN_POINT ( 'NONE',  ( 0.8974362419154079396, 0.7446068214348521286, 0.7500000000000000000 ) ) ;
#637 = EDGE_CURVE ( 'NONE', #5891, #669, #4872, .T. ) ;
#638 = EDGE_LOOP ( 'NONE', ( #3010, #7428, #2974, #1559, #836, #3922, #4781, #9115, #6890, #3575, #5423, #7246, #6519, #2721, #4835, #2645, #1, #2148, #9211, #1171, #1899, #1984, #7825, #6281, #7392, #7432, #7832, #4237, #4568, #8767, #1421, #5673, #4912 ) ) ;
#639 = CARTESIAN_POINT ( 'NONE',  ( 0.1447507360313918801, 0.7020994842309644657, 0.7600000000000000089 ) ) ;
#640 = ORIENTED_EDGE ( 'NONE', *, *, #3220, .F. ) ;
#641 = CARTESIAN_POINT ( 'NONE',  ( 0.5372117024535616459, 0.6615358948700397201, 0.7600000000000000089 ) ) ;
#642 = EDGE_LOOP ( 'NONE', ( #709, #3117, #7536, #2941 ) ) ;
#643 = DIRECTION ( 'NONE',  ( -0.000000000000000000, -0.000000000000000000, -1.000000000000000000 ) ) ;
#644 =( NAMED_UNIT ( * ) SI_UNIT ( $, .STERADIAN. ) SOLID_ANGLE_UNIT ( ) );
#645 = DIRECTION ( 'NONE',  ( -0.000000000000000000, -0.000000000000000000, -1.000000000000000000 ) ) ;
#646 = LINE ( 'NONE', #10264, #9827 ) ;
#647 = CARTESIAN_POINT ( 'NONE',  ( 0.000000000000000000, 0.000000000000000000, 0.7600000000000000089 ) ) ;
#648 = EDGE_CURVE ( 'NONE', #2099, #5783, #3020, .T. ) ;
#649 = B_SPLINE_CURVE_WITH_KNOTS ( 'NONE', 3,
 ( #7670, #10074, #1259, #5294 ),
 .UNSPECIFIED., .F., .F.,
 ( 4, 4 ),
 ( 3.000000000000000000, 4.000000000000000000 ),
 .UNSPECIFIED. ) ;
#650 = ORIENTED_EDGE ( 'NONE', *, *, #8472, .T. ) ;
#651 = CARTESIAN_POINT ( 'NONE',  ( 0.1238465576222850945, 0.8183022340968790775, 0.7600000000000000089 ) ) ;
#652 = CARTESIAN_POINT ( 'NONE',  ( 0.2068484866314539150, 0.6787360031312968944, 0.7600000000000000089 ) ) ;
#653 = EDGE_LOOP ( 'NONE', ( #3375, #2979, #8398, #7983 ) ) ;
#654 = VECTOR ( 'NONE', #9604, 1000.000000000000000 ) ;
#655 = ORIENTED_EDGE ( 'NONE', *, *, #2616, .F. ) ;
#656 = CARTESIAN_POINT ( 'NONE',  ( 0.7891434081630708253, 0.8817910072409395061, 0.7600000000000000089 ) ) ;
#657 = CARTESIAN_POINT ( 'NONE',  ( 0.09617924404358400847, 0.7236185410845895616, 0.7600000000000000089 ) ) ;
#658 = EDGE_CURVE ( 'NONE', #7937, #4253, #6606, .T. ) ;
#659 = CARTESIAN_POINT ( 'NONE',  ( 0.1318393206828460673, 0.7020994842309644657, 0.7600000000000000089 ) ) ;
#660 = DIRECTION ( 'NONE',  ( -0.000000000000000000, 0.000000000000000000, -1.000000000000000000 ) ) ;
#661 = CARTESIAN_POINT ( 'NONE',  ( 0.1884036109120243718, 0.8681033657031786976, 0.7600000000000000089 ) ) ;
#662 = CARTESIAN_POINT ( 'NONE',  ( 0.1121648053452185684, 0.8183022340968790775, 0.7500000000000000000 ) ) ;
#663 = VERTEX_POINT ( 'NONE', #93 ) ;
#664 = PRESENTATION_LAYER_ASSIGNMENT (  '', '', ( #6642 ) ) ;
#665 = EDGE_CURVE ( 'NONE', #8684, #3135, #2394, .T. ) ;
#666 = CARTESIAN_POINT ( 'NONE',  ( 0.3101397859677155755, 0.8730219974690239804, 0.7600000000000000089 ) ) ;
#667 = ORIENTED_EDGE ( 'NONE', *, *, #1906, .T. ) ;
#668 = DIRECTION ( 'NONE',  ( -0.000000000000000000, -1.000000000000000000, -0.000000000000000000 ) ) ;
#669 = VERTEX_POINT ( 'NONE', #8049 ) ;
#670 = VECTOR ( 'NONE', #660, 1000.000000000000000 ) ;
#671 = EDGE_CURVE ( 'NONE', #5739, #484, #8871, .T. ) ;
#672 = CARTESIAN_POINT ( 'NONE',  ( -0.1499999999999964695, -1.001000000000000778, 0.1800000000000000211 ) ) ;
#673 = FACE_OUTER_BOUND ( 'NONE', #4254, .T. ) ;
#674 = CARTESIAN_POINT ( 'NONE',  ( 0.9303728253586537322, 0.6581317110782219926, 0.7600000000000000089 ) ) ;
#675 = LINE ( 'NONE', #5604, #2520 ) ;
#676 = PRESENTATION_STYLE_ASSIGNMENT (( #7795 ) ) ;
#677 = ORIENTED_EDGE ( 'NONE', *, *, #2773, .F. ) ;
#678 = CARTESIAN_POINT ( 'NONE',  ( 0.000000000000000000, 0.000000000000000000, 0.7600000000000000089 ) ) ;
#679 = ORIENTED_EDGE ( 'NONE', *, *, #7636, .F. ) ;
#680 = CARTESIAN_POINT ( 'NONE',  ( 0.7264312690829315411, 0.8074294859626620635, 0.7600000000000000089 ) ) ;
#681 = EDGE_CURVE ( 'NONE', #7224, #5004, #2874, .T. ) ;
#682 = ORIENTED_EDGE ( 'NONE', *, *, #5625, .F. ) ;
#683 = CARTESIAN_POINT ( 'NONE',  ( 0.1453655675675734060, 0.6172530840677115105, 0.7600000000000000089 ) ) ;
#684 = EDGE_CURVE ( 'NONE', #286, #3640, #8945, .T. ) ;
#685 = VERTEX_POINT ( 'NONE', #4718 ) ;
#686 = VECTOR ( 'NONE', #9510, 1000.000000000000000 ) ;
#687 = CARTESIAN_POINT ( 'NONE',  ( 0.6342972557987428539, 0.6851441305197928378, 0.7600000000000000089 ) ) ;
#688 = DIRECTION ( 'NONE',  ( -0.000000000000000000, -0.000000000000000000, -1.000000000000000000 ) ) ;
#689 = ORIENTED_EDGE ( 'NONE', *, *, #3669, .F. ) ;
#690 = CARTESIAN_POINT ( 'NONE',  ( 0.5707009131360528675, 0.6891230466406785826, 0.7500000000000000000 ) ) ;
#691 = COLOUR_RGB ( '',0.6666666666666666297, 0.6666666666666666297, 0.6666666666666666297 ) ;
#692 = EDGE_LOOP ( 'NONE', ( #8502, #4592, #6961, #5900 ) ) ;
#693 = LINE ( 'NONE', #5366, #3040 ) ;
#694 = ORIENTED_EDGE ( 'NONE', *, *, #6255, .T. ) ;
#695 = PLANE ( 'NONE',  #2152 ) ;
#696 = DIRECTION ( 'NONE',  ( 0.000000000000000000, 0.000000000000000000, 1.000000000000000000 ) ) ;
#697 = VERTEX_POINT ( 'NONE', #1915 ) ;
#698 = CARTESIAN_POINT ( 'NONE',  ( 0.5206328852839724464, 0.8051747668278049774, 0.7500000000000000000 ) ) ;
#699 = LINE ( 'NONE', #3878, #9478 ) ;
#700 = CARTESIAN_POINT ( 'NONE',  ( 0.7827992474596511263, 0.8707384624614092905, 0.7600000000000000089 ) ) ;
#701 = CARTESIAN_POINT ( 'NONE',  ( 0.8000000000000008216, -0.2809999999999975850, 0.000000000000000000 ) ) ;
#702 = CARTESIAN_POINT ( 'NONE',  ( 0.3433405716436495614, 0.8244504908228398321, 0.7600000000000000089 ) ) ;
#703 = B_SPLINE_CURVE_WITH_KNOTS ( 'NONE', 3,
 ( #116, #8842, #4019, #7069 ),
 .UNSPECIFIED., .F., .F.,
 ( 4, 4 ),
 ( 5.000000000000000000, 6.000000000000000000 ),
 .UNSPECIFIED. ) ;
#704 = LINE ( 'NONE', #10060, #8573 ) ;
#705 = VERTEX_POINT ( 'NONE', #5080 ) ;
#706 = CARTESIAN_POINT ( 'NONE',  ( 0.06789708720176092227, 0.6639800931747926738, 0.7600000000000000089 ) ) ;
#707 =( GEOMETRIC_REPRESENTATION_CONTEXT ( 3 ) GLOBAL_UNCERTAINTY_ASSIGNED_CONTEXT ( ( #6436 ) ) GLOBAL_UNIT_ASSIGNED_CONTEXT ( ( #3943, #10269, #8517 ) ) REPRESENTATION_CONTEXT ( 'NONE', 'WORKASPACE' ) );
#708 = CARTESIAN_POINT ( 'NONE',  ( 0.6802316319037785552, 0.8718437169393019603, 0.7600000000000000089 ) ) ;
#709 = ORIENTED_EDGE ( 'NONE', *, *, #5432, .F. ) ;
#710 = ORIENTED_EDGE ( 'NONE', *, *, #6110, .T. ) ;
#711 = DIRECTION ( 'NONE',  ( -0.000000000000000000, -0.000000000000000000, -1.000000000000000000 ) ) ;
#712 = CARTESIAN_POINT ( 'NONE',  ( 0.08757163771990406076, 0.7002550248041142789, 0.7600000000000000089 ) ) ;
#713 = DIRECTION ( 'NONE',  ( 1.000000000000000000, 3.491481338843133355E-15, 0.000000000000000000 ) ) ;
#714 = CARTESIAN_POINT ( 'NONE',  ( 0.8913573422864004003, 0.7335542766547332727, 0.7600000000000000089 ) ) ;
#715 = ADVANCED_FACE ( 'NONE', ( #8251 ), #5449, .F. ) ;
#716 = PLANE ( 'NONE',  #7696 ) ;
#717 = CARTESIAN_POINT ( 'NONE',  ( 0.1791811730524592305, 0.6172530840677115105, 0.7500000000000000000 ) ) ;
#718 = FACE_BOUND ( 'NONE', #7991, .T. ) ;
#719 = PRESENTATION_LAYER_ASSIGNMENT (  '', '', ( #1557 ) ) ;
#720 = EDGE_LOOP ( 'NONE', ( #6034, #618, #8630, #4486 ) ) ;
#721 = DIRECTION ( 'NONE',  ( -0.000000000000000000, 1.000000000000000000, -0.000000000000000000 ) ) ;
#722 = CARTESIAN_POINT ( 'NONE',  ( 0.1804108478514654668, 0.7328409789438632416, 0.7600000000000000089 ) ) ;
#723 = LINE ( 'NONE', #2783, #7419 ) ;
#724 = VECTOR ( 'NONE', #7614, 1000.000000000000000 ) ;
#725 = DIRECTION ( 'NONE',  ( -0.000000000000000000, -0.000000000000000000, -1.000000000000000000 ) ) ;
#726 = LINE ( 'NONE', #10131, #7452 ) ;
#727 = EDGE_CURVE ( 'NONE', #6478, #6301, #1187, .T. ) ;
#728 = FACE_OUTER_BOUND ( 'NONE', #3038, .T. ) ;
#729 =( NAMED_UNIT ( * ) PLANE_ANGLE_UNIT ( ) SI_UNIT ( $, .RADIAN. ) );
#730 = LINE ( 'NONE', #2140, #5372 ) ;
#731 = VECTOR ( 'NONE', #123, 1000.000000000000000 ) ;
#732 = ORIENTED_EDGE ( 'NONE', *, *, #10149, .T. ) ;
#733 = UNCERTAINTY_MEASURE_WITH_UNIT (LENGTH_MEASURE( 1.000000000000000082E-05 ), #861, 'distance_accuracy_value', 'NONE');
#734 = ORIENTED_EDGE ( 'NONE', *, *, #9820, .F. ) ;
#735 = CARTESIAN_POINT ( 'NONE',  ( 0.6527771106706375948, 0.6290414132174785289, 0.7600000000000000089 ) ) ;
#736 = EDGE_CURVE ( 'NONE', #8863, #7023, #7698, .T. ) ;
#737 = VECTOR ( 'NONE', #8636, 1000.000000000000000 ) ;
#738 = AXIS2_PLACEMENT_3D ( 'NONE', #6082, #2149, #6916 ) ;
#739 = ORIENTED_EDGE ( 'NONE', *, *, #1644, .T. ) ;
#740 = CARTESIAN_POINT ( 'NONE',  ( 0.8767458780877206426, 0.6915546064918139946, 0.7600000000000000089 ) ) ;
#741 = EDGE_LOOP ( 'NONE', ( #4688, #5813, #5119, #7174 ) ) ;
#742 = CARTESIAN_POINT ( 'NONE',  ( -0.7081802701769340791, -0.8148992480723536991, 0.7500000000000000000 ) ) ;
#743 = ADVANCED_FACE ( 'NONE', ( #6577 ), #3527, .F. ) ;
#744 = EDGE_LOOP ( 'NONE', ( #5168, #4421, #6542, #3904 ) ) ;
#745 = CARTESIAN_POINT ( 'NONE',  ( 0.05068188628163305953, 0.7316113158714996345, 0.7500000000000000000 ) ) ;
#746 = CARTESIAN_POINT ( 'NONE',  ( 0.1115499738093310850, 0.8551919503543360390, 0.7500000000000000000 ) ) ;
#747 =( GEOMETRIC_REPRESENTATION_CONTEXT ( 3 ) GLOBAL_UNCERTAINTY_ASSIGNED_CONTEXT ( ( #4804 ) ) GLOBAL_UNIT_ASSIGNED_CONTEXT ( ( #1710, #3165, #8720 ) ) REPRESENTATION_CONTEXT ( 'NONE', 'WORKASPACE' ) );
#748 = DIRECTION ( 'NONE',  ( -0.000000000000000000, -0.000000000000000000, -1.000000000000000000 ) ) ;
#749 = ADVANCED_FACE ( 'NONE', ( #350 ), #1039, .T. ) ;
#750 = ORIENTED_EDGE ( 'NONE', *, *, #4490, .F. ) ;
#751 = SURFACE_STYLE_USAGE ( .BOTH. , #1535 ) ;
#752 =( GEOMETRIC_REPRESENTATION_CONTEXT ( 3 ) GLOBAL_UNCERTAINTY_ASSIGNED_CONTEXT ( ( #8851 ) ) GLOBAL_UNIT_ASSIGNED_CONTEXT ( ( #6183, #2880, #1283 ) ) REPRESENTATION_CONTEXT ( 'NONE', 'WORKASPACE' ) );
#753 = ORIENTED_EDGE ( 'NONE', *, *, #9522, .F. ) ;
#754 = CARTESIAN_POINT ( 'NONE',  ( 0.8974362419154079396, 0.7446068214348521286, 0.7600000000000000089 ) ) ;
#755 = MECHANICAL_DESIGN_GEOMETRIC_PRESENTATION_REPRESENTATION (  '', ( #2091 ), #9885 ) ;
#756 = CARTESIAN_POINT ( 'NONE',  ( 0.6342972557987428539, 0.6851441305197928378, 0.7500000000000000000 ) ) ;
#757 = LINE ( 'NONE', #3093, #1689 ) ;
#758 = CARTESIAN_POINT ( 'NONE',  ( 0.6107332303283555808, 0.7102113020799839527, 0.7600000000000000089 ) ) ;
#759 = SURFACE_SIDE_STYLE ('',( #8169 ) ) ;
#760 = CARTESIAN_POINT ( 'NONE',  ( 0.4035938276351668241, 0.7807976159419112161, 0.7600000000000000089 ) ) ;
#761 = EDGE_LOOP ( 'NONE', ( #5687, #7644, #2770, #9626 ) ) ;
#762 = FILL_AREA_STYLE_COLOUR ( '', #7219 ) ;
#763 = COLOUR_RGB ( '',0.2980392156862745057, 0.2980392156862745057, 0.2980392156862745057 ) ;
#764 = EDGE_CURVE ( 'NONE', #7395, #9212, #7335, .T. ) ;
#765 = ORIENTED_EDGE ( 'NONE', *, *, #7585, .F. ) ;
#766 = CARTESIAN_POINT ( 'NONE',  ( 0.5581894324454893530, 0.7125102313944980947, 0.7500000000000000000 ) ) ;
#767 = CARTESIAN_POINT ( 'NONE',  ( 0.2068484866314539150, 0.6787360031312968944, 0.7500000000000000000 ) ) ;
#768 = VERTEX_POINT ( 'NONE', #9128 ) ;
#769 = CARTESIAN_POINT ( 'NONE',  ( 0.6082353552080327352, 0.6998219099870702786, 0.7500000000000000000 ) ) ;
#770 = CARTESIAN_POINT ( 'NONE',  ( 0.1115499738093310850, 0.8551919503543360390, 0.7500000000000000000 ) ) ;
#771 = VECTOR ( 'NONE', #1696, 1000.000000000000000 ) ;
#772 = CARTESIAN_POINT ( 'NONE',  ( 0.7177439688859320599, 0.8779889318369115125, 0.7600000000000000089 ) ) ;
#773 = DIRECTION ( 'NONE',  ( -0.000000000000000000, -0.000000000000000000, -1.000000000000000000 ) ) ;
#774 = B_SPLINE_CURVE_WITH_KNOTS ( 'NONE', 3,
 ( #10181, #4534, #5497, #10130, #7905, #7680, #6851 ),
 .UNSPECIFIED., .F., .F.,
 ( 4, 3, 4 ),
 ( 2.000000000000000000, 3.000000000000000000, 4.000000000000000000 ),
 .UNSPECIFIED. ) ;
#775 = DIRECTION ( 'NONE',  ( 0.000000000000000000, 1.000000000000000000, 0.000000000000000000 ) ) ;
#776 = CARTESIAN_POINT ( 'NONE',  ( 0.1500000000000017986, -0.4999999999999992784, 0.000000000000000000 ) ) ;
#777 = PRESENTATION_STYLE_ASSIGNMENT (( #9447 ) ) ;
#778 = ORIENTED_EDGE ( 'NONE', *, *, #7642, .T. ) ;
#779 = B_SPLINE_CURVE_WITH_KNOTS ( 'NONE', 3,
 ( #4286, #9783, #5110, #8336 ),
 .UNSPECIFIED., .F., .F.,
 ( 4, 4 ),
 ( 34.00000000000000000, 35.00000000000000000 ),
 .UNSPECIFIED. ) ;
#780 = B_SPLINE_CURVE_WITH_KNOTS ( 'NONE', 3,
 ( #4104, #1046, #4154, #148 ),
 .UNSPECIFIED., .F., .F.,
 ( 4, 4 ),
 ( 5.000000000000000000, 6.000000000000000000 ),
 .UNSPECIFIED. ) ;
#781 = CARTESIAN_POINT ( 'NONE',  ( 0.2265230254223644657, 0.9049931171414477005, 0.7600000000000000089 ) ) ;
#782 = COLOUR_RGB ( '',0.6666666666666666297, 0.6666666666666666297, 0.6666666666666666297 ) ;
#783 = ADVANCED_FACE ( 'NONE', ( #9073 ), #3139, .F. ) ;
#784 = CARTESIAN_POINT ( 'NONE',  ( 0.1638104550136437465, 0.7408337537313613996, 0.7500000000000000000 ) ) ;
#785 = EDGE_LOOP ( 'NONE', ( #6914, #2151, #6651, #5796 ) ) ;
#786 = CARTESIAN_POINT ( 'NONE',  ( -0.1500000000000026867, 0.7509999999999997788, 0.1800000000000000211 ) ) ;
#787 = CARTESIAN_POINT ( 'NONE',  ( 0.1207723999419626909, 0.6916473832993281778, 0.7600000000000000089 ) ) ;
#788 = CARTESIAN_POINT ( 'NONE',  ( 0.6157731907480710198, 0.7125102313944980947, 0.7500000000000000000 ) ) ;
#789 = B_SPLINE_CURVE_WITH_KNOTS ( 'NONE', 3,
 ( #9597, #2481, #9692, #5635 ),
 .UNSPECIFIED., .F., .F.,
 ( 4, 4 ),
 ( 0.000000000000000000, 1.000000000000000000 ),
 .UNSPECIFIED. ) ;
#790 = CARTESIAN_POINT ( 'NONE',  ( 0.01194762850846879318, 0.7309964608817367537, 0.7600000000000000089 ) ) ;
#791 = SURFACE_STYLE_USAGE ( .BOTH. , #108 ) ;
#792 = VECTOR ( 'NONE', #3439, 1000.000000000000000 ) ;
#793 = CARTESIAN_POINT ( 'NONE',  ( 0.6058480055356751937, 0.6880177921621973836, 0.7500000000000000000 ) ) ;
#794 = VERTEX_POINT ( 'NONE', #9321 ) ;
#795 = CARTESIAN_POINT ( 'NONE',  ( 0.8477661056752422430, 0.7024745207341381859, 0.7600000000000000089 ) ) ;
#796 = EDGE_CURVE ( 'NONE', #6992, #7382, #6585, .T. ) ;
#797 = DIRECTION ( 'NONE',  ( 0.8840949502478765432, 0.4673073067545644999, 0.000000000000000000 ) ) ;
#798 = STYLED_ITEM ( 'NONE', ( #2719 ), #6309 ) ;
#799 = EDGE_LOOP ( 'NONE', ( #3394, #3030, #682, #5367 ) ) ;
#800 = LINE ( 'NONE', #5613, #4390 ) ;
#801 = VERTEX_POINT ( 'NONE', #5368 ) ;
#802 = DIRECTION ( 'NONE',  ( -0.000000000000000000, -1.000000000000000000, -0.000000000000000000 ) ) ;
#803 = VERTEX_POINT ( 'NONE', #6187 ) ;
#804 = ADVANCED_FACE ( 'NONE', ( #541 ), #4571, .F. ) ;
#805 = LINE ( 'NONE', #2572, #4892 ) ;
#806 = DIRECTION ( 'NONE',  ( 0.000000000000000000, -0.000000000000000000, -1.000000000000000000 ) ) ;
#807 = VECTOR ( 'NONE', #7191, 1000.000000000000000 ) ;
#808 = CARTESIAN_POINT ( 'NONE',  ( 0.8206431607854106636, 0.6709968732013317227, 0.7600000000000000089 ) ) ;
#809 = ADVANCED_FACE ( 'NONE', ( #493 ), #4603, .T. ) ;
#810 = ORIENTED_EDGE ( 'NONE', *, *, #5782, .T. ) ;
#811 = SURFACE_STYLE_FILL_AREA ( #8033 ) ;
#812 = ORIENTED_EDGE ( 'NONE', *, *, #2802, .T. ) ;
#813 = B_SPLINE_SURFACE_WITH_KNOTS ( 'NONE', 3, 1, ( 
 ( #7574, #8481 ),
 ( #2037, #9197 ),
 ( #4277, #5204 ),
 ( #6013, #7622 ) ),
 .UNSPECIFIED., .F., .F., .F.,
 ( 4, 4 ),
 ( 2, 2 ),
 ( 5.000000000000000000, 6.000000000000000000 ),
 ( 0.000000000000000000, 1.000000000000000000 ),
 .UNSPECIFIED. ) ;
#814 = EDGE_CURVE ( 'NONE', #4183, #8200, #7764, .T. ) ;
#815 = CARTESIAN_POINT ( 'NONE',  ( 0.03777045334268263471, 0.6885732608001106092, 0.7600000000000000089 ) ) ;
#816 = DIRECTION ( 'NONE',  ( 0.000000000000000000, 0.000000000000000000, 1.000000000000000000 ) ) ;
#817 = LINE ( 'NONE', #5523, #4400 ) ;
#818 = CARTESIAN_POINT ( 'NONE',  ( 0.4042086474444112065, 0.7439078879575150571, 0.7500000000000000000 ) ) ;
#819 = CARTESIAN_POINT ( 'NONE',  ( 0.5598252090727940944, 0.6566727751671871394, 0.7600000000000000089 ) ) ;
#820 = EDGE_LOOP ( 'NONE', ( #3769, #9489, #6834, #8497 ) ) ;
#821 = SURFACE_STYLE_FILL_AREA ( #184 ) ;
#822 = DIRECTION ( 'NONE',  ( 1.000000000000000000, 0.000000000000000000, 0.000000000000000000 ) ) ;
#823 = ORIENTED_EDGE ( 'NONE', *, *, #3385, .F. ) ;
#824 = ORIENTED_EDGE ( 'NONE', *, *, #6128, .T. ) ;
#825 = DIRECTION ( 'NONE',  ( 1.000000000000000000, 3.491481338843133750E-15, -0.000000000000000000 ) ) ;
#826 = CARTESIAN_POINT ( 'NONE',  ( 0.7119303303313360143, 0.8691468960131699673, 0.7600000000000000089 ) ) ;
#827 = EDGE_CURVE ( 'NONE', #4997, #9187, #3133, .T. ) ;
#828 = CARTESIAN_POINT ( 'NONE',  ( 0.7566047163314477686, 0.7069839590044382227, 0.7600000000000000089 ) ) ;
#829 = CARTESIAN_POINT ( 'NONE',  ( 0.1884036109120243718, 0.8681033657031786976, 0.7600000000000000089 ) ) ;
#830 = EDGE_CURVE ( 'NONE', #6276, #5880, #2840, .T. ) ;
#831 = CARTESIAN_POINT ( 'NONE',  ( 0.6140268886727978659, 0.6655148109909306831, 0.7500000000000000000 ) ) ;
#832 = DIRECTION ( 'NONE',  ( -0.000000000000000000, -0.000000000000000000, -1.000000000000000000 ) ) ;
#833 = VERTEX_POINT ( 'NONE', #5991 ) ;
#834 = CARTESIAN_POINT ( 'NONE',  ( 0.5889155069332399073, 0.8680416415352748549, 0.7500000000000000000 ) ) ;
#835 = B_SPLINE_CURVE_WITH_KNOTS ( 'NONE', 3,
 ( #3642, #1250, #1974, #9916 ),
 .UNSPECIFIED., .F., .F.,
 ( 4, 4 ),
 ( 3.000000000000000000, 4.000000000000000000 ),
 .UNSPECIFIED. ) ;
#836 = ORIENTED_EDGE ( 'NONE', *, *, #5111, .F. ) ;
#837 = CARTESIAN_POINT ( 'NONE',  ( 0.8020306753763067897, 0.7446068214348521286, 0.7500000000000000000 ) ) ;
#838 = CARTESIAN_POINT ( 'NONE',  ( 0.5962765017564184422, 0.6994240183748651196, 0.7500000000000000000 ) ) ;
#839 = CARTESIAN_POINT ( 'NONE',  ( 0.8360283031183790570, 0.7129523331857756663, 0.7500000000000000000 ) ) ;
#840 = SURFACE_STYLE_USAGE ( .BOTH. , #9564 ) ;
#841 = MECHANICAL_DESIGN_GEOMETRIC_PRESENTATION_REPRESENTATION (  '', ( #6287 ), #1660 ) ;
#842 = CARTESIAN_POINT ( 'NONE',  ( 0.3866860190292185639, 0.7938627421063847445, 0.7600000000000000089 ) ) ;
#843 = SURFACE_STYLE_USAGE ( .BOTH. , #1725 ) ;
#844 = ADVANCED_FACE ( 'NONE', ( #3724 ), #5422, .T. ) ;
#845 = ORIENTED_EDGE ( 'NONE', *, *, #947, .F. ) ;
#846 = B_SPLINE_CURVE_WITH_KNOTS ( 'NONE', 3,
 ( #2206, #6139, #9319, #10203 ),
 .UNSPECIFIED., .F., .F.,
 ( 4, 4 ),
 ( 18.00000000000000000, 19.00000000000000000 ),
 .UNSPECIFIED. ) ;
#847 = VERTEX_POINT ( 'NONE', #7549 ) ;
#848 = CARTESIAN_POINT ( 'NONE',  ( 0.6126784782097328685, 0.6852767610569958645, 0.7600000000000000089 ) ) ;
#849 = CARTESIAN_POINT ( 'NONE',  ( 0.7277354693672223318, 0.8393492352867428785, 0.7600000000000000089 ) ) ;
#850 = VECTOR ( 'NONE', #3492, 1000.000000000000227 ) ;
#851 = ORIENTED_EDGE ( 'NONE', *, *, #9033, .T. ) ;
#852 = DIRECTION ( 'NONE',  ( -1.000000000000000000, 0.000000000000000000, 0.000000000000000000 ) ) ;
#853 = ORIENTED_EDGE ( 'NONE', *, *, #3234, .T. ) ;
#854 = CARTESIAN_POINT ( 'NONE',  ( 0.7819150438771039768, 0.8660963936539011199, 0.7500000000000000000 ) ) ;
#855 = CARTESIAN_POINT ( 'NONE',  ( 0.6483118825793947604, 0.8441681448105246011, 0.7600000000000000089 ) ) ;
#856 = CARTESIAN_POINT ( 'NONE',  ( 0.4999999999999965583, 1.000000000000002220, 0.7500000000000000000 ) ) ;
#857 = ADVANCED_FACE ( 'NONE', ( #7651 ), #451, .F. ) ;
#858 = DIRECTION ( 'NONE',  ( -0.000000000000000000, -0.000000000000000000, -1.000000000000000000 ) ) ;
#859 = PRESENTATION_LAYER_ASSIGNMENT (  '', '', ( #8980 ) ) ;
#860 = UNCERTAINTY_MEASURE_WITH_UNIT (LENGTH_MEASURE( 1.000000000000000082E-05 ), #1530, 'distance_accuracy_value', 'NONE');
#861 =( LENGTH_UNIT ( ) NAMED_UNIT ( * ) SI_UNIT ( .MILLI., .METRE. ) );
#862 = EDGE_LOOP ( 'NONE', ( #9990, #9016, #50, #5779 ) ) ;
#863 = ORIENTED_EDGE ( 'NONE', *, *, #1718, .T. ) ;
#864 = DIRECTION ( 'NONE',  ( -1.000000000000000000, -3.491481338843133355E-15, 0.000000000000000000 ) ) ;
#865 = B_SPLINE_CURVE_WITH_KNOTS ( 'NONE', 3,
 ( #2213, #9380, #7604, #4464 ),
 .UNSPECIFIED., .F., .F.,
 ( 4, 4 ),
 ( 3.000000000000000000, 4.000000000000000000 ),
 .UNSPECIFIED. ) ;
#866 = ORIENTED_EDGE ( 'NONE', *, *, #3616, .T. ) ;
#867 = FACE_OUTER_BOUND ( 'NONE', #8763, .T. ) ;
#868 = EDGE_CURVE ( 'NONE', #4433, #593, #10207, .T. ) ;
#869 = CARTESIAN_POINT ( 'NONE',  ( 0.08757163771990406076, 0.7002550248041142789, 0.7600000000000000089 ) ) ;
#870 = LINE ( 'NONE', #4814, #4070 ) ;
#871 = CARTESIAN_POINT ( 'NONE',  ( 0.000000000000000000, 0.000000000000000000, 0.000000000000000000 ) ) ;
#872 = LINE ( 'NONE', #8762, #1773 ) ;
#873 = VECTOR ( 'NONE', #9910, 1000.000000000000000 ) ;
#874 = ORIENTED_EDGE ( 'NONE', *, *, #7407, .F. ) ;
#875 = EDGE_CURVE ( 'NONE', #6670, #5507, #3873, .T. ) ;
#876 = CARTESIAN_POINT ( 'NONE',  ( 0.5665893664779527716, 0.8038042512749101753, 0.7500000000000000000 ) ) ;
#877 = EDGE_LOOP ( 'NONE', ( #7839, #3836, #5061, #10111 ) ) ;
#878 = ORIENTED_EDGE ( 'NONE', *, *, #5188, .T. ) ;
#879 = ORIENTED_EDGE ( 'NONE', *, *, #7623, .T. ) ;
#880 =( NAMED_UNIT ( * ) PLANE_ANGLE_UNIT ( ) SI_UNIT ( $, .RADIAN. ) );
#881 = LINE ( 'NONE', #3105, #807 ) ;
#882 = ORIENTED_EDGE ( 'NONE', *, *, #1268, .T. ) ;
#883 = CARTESIAN_POINT ( 'NONE',  ( 0.6240183891535026062, 0.6797504886669357704, 0.7600000000000000089 ) ) ;
#884 = CARTESIAN_POINT ( 'NONE',  ( 0.6058480055356751937, 0.6880177921621973836, 0.7500000000000000000 ) ) ;
#885 = CARTESIAN_POINT ( 'NONE',  ( 0.6507655475206604034, 0.8718437169393019603, 0.7600000000000000089 ) ) ;
#886 = LINE ( 'NONE', #6476, #4024 ) ;
#887 = FACE_OUTER_BOUND ( 'NONE', #5132, .T. ) ;
#888 = VERTEX_POINT ( 'NONE', #170 ) ;
#889 = CARTESIAN_POINT ( 'NONE',  ( 0.3365774599282234658, 0.8428953665413836394, 0.7500000000000000000 ) ) ;
#890 = EDGE_CURVE ( 'NONE', #5296, #4580, #805, .T. ) ;
#891 = CARTESIAN_POINT ( 'NONE',  ( 0.6032174998781467679, 0.7164007271566605883, 0.7500000000000000000 ) ) ;
#892 = ORIENTED_EDGE ( 'NONE', *, *, #6861, .F. ) ;
#893 = LINE ( 'NONE', #786, #8765 ) ;
#894 =( NAMED_UNIT ( * ) SI_UNIT ( $, .STERADIAN. ) SOLID_ANGLE_UNIT ( ) );
#895 = CARTESIAN_POINT ( 'NONE',  ( 0.8477661056752422430, 0.7024745207341381859, 0.7500000000000000000 ) ) ;
#896 = B_SPLINE_CURVE_WITH_KNOTS ( 'NONE', 3,
 ( #4542, #5312, #745, #9365 ),
 .UNSPECIFIED., .F., .F.,
 ( 4, 4 ),
 ( 17.00000000000000000, 18.00000000000000000 ),
 .UNSPECIFIED. ) ;
#897 =( NAMED_UNIT ( * ) SI_UNIT ( $, .STERADIAN. ) SOLID_ANGLE_UNIT ( ) );
#898 = PLANE ( 'NONE',  #7296 ) ;
#899 = CARTESIAN_POINT ( 'NONE',  ( 0.6113963830152694401, 0.6970366687028025643, 0.7500000000000000000 ) ) ;
#900 = VERTEX_POINT ( 'NONE', #7221 ) ;
#901 = DIRECTION ( 'NONE',  ( -0.000000000000000000, -0.000000000000000000, -1.000000000000000000 ) ) ;
#902 = ADVANCED_FACE ( 'NONE', ( #4853 ), #6706, .F. ) ;
#903 = COLOUR_RGB ( '',0.6666666666666666297, 0.6666666666666666297, 0.6666666666666666297 ) ;
#904 = VERTEX_POINT ( 'NONE', #4955 ) ;
#905 = DIRECTION ( 'NONE',  ( -0.000000000000000000, -0.000000000000000000, -1.000000000000000000 ) ) ;
#906 = ORIENTED_EDGE ( 'NONE', *, *, #9644, .F. ) ;
#907 = CARTESIAN_POINT ( 'NONE',  ( 0.8267883756830199937, 0.6770094575617373600, 0.7500000000000000000 ) ) ;
#908 = CARTESIAN_POINT ( 'NONE',  ( 0.2068484866314539150, 0.6787360031312968944, 0.7600000000000000089 ) ) ;
#909 = CARTESIAN_POINT ( 'NONE',  ( 0.6192657948983233407, 0.7125102313944980947, 0.7600000000000000089 ) ) ;
#910 = B_SPLINE_SURFACE_WITH_KNOTS ( 'NONE', 3, 1, ( 
 ( #3001, #5383 ),
 ( #7831, #4621 ),
 ( #657, #3835 ),
 ( #712, #10167 ) ),
 .UNSPECIFIED., .F., .F., .F.,
 ( 4, 4 ),
 ( 2, 2 ),
 ( 16.00000000000000000, 17.00000000000000000 ),
 ( 0.000000000000000000, 1.000000000000000000 ),
 .UNSPECIFIED. ) ;
#911 = FACE_OUTER_BOUND ( 'NONE', #2432, .T. ) ;
#912 = CARTESIAN_POINT ( 'NONE',  ( 0.5523978989807216688, 0.6948261597470143380, 0.7600000000000000089 ) ) ;
#913 = AXIS2_PLACEMENT_3D ( 'NONE', #8334, #1214, #6853 ) ;
#914 = STYLED_ITEM ( 'NONE', ( #676 ), #1152 ) ;
#915 = ORIENTED_EDGE ( 'NONE', *, *, #830, .F. ) ;
#916 = EDGE_CURVE ( 'NONE', #9399, #9414, #4179, .T. ) ;
#917 = SURFACE_SIDE_STYLE ('',( #811 ) ) ;
#918 = VERTEX_POINT ( 'NONE', #6397 ) ;
#919 = PRESENTATION_STYLE_ASSIGNMENT (( #4758 ) ) ;
#920 = ORIENTED_EDGE ( 'NONE', *, *, #5292, .T. ) ;
#921 = AXIS2_PLACEMENT_3D ( 'NONE', #8294, #2639, #9791 ) ;
#922 = LINE ( 'NONE', #9049, #5819 ) ;
#923 = STYLED_ITEM ( 'NONE', ( #634 ), #1544 ) ;
#924 = LINE ( 'NONE', #2531, #4069 ) ;
#925 = DIRECTION ( 'NONE',  ( -0.000000000000000000, 1.000000000000000000, -0.000000000000000000 ) ) ;
#926 = CARTESIAN_POINT ( 'NONE',  ( 0.5457663721130647794, 0.6833757233546897680, 0.7500000000000000000 ) ) ;
#927 = ORIENTED_EDGE ( 'NONE', *, *, #9300, .T. ) ;
#928 = CARTESIAN_POINT ( 'NONE',  ( 0.6074395719839118524, 0.7041987177201679549, 0.7600000000000000089 ) ) ;
#929 = AXIS2_PLACEMENT_3D ( 'NONE', #9830, #2680, #4957 ) ;
#930 = AXIS2_PLACEMENT_3D ( 'NONE', #414, #6590, #6751 ) ;
#931 = EDGE_CURVE ( 'NONE', #7092, #794, #4752, .T. ) ;
#932 = DIRECTION ( 'NONE',  ( -0.000000000000000000, 0.000000000000000000, -1.000000000000000000 ) ) ;
#933 = ORIENTED_EDGE ( 'NONE', *, *, #535, .F. ) ;
#934 = EDGE_LOOP ( 'NONE', ( #4470, #2913, #7640, #2796, #5777, #10136 ) ) ;
#935 = LINE ( 'NONE', #3272, #8306 ) ;
#936 = CARTESIAN_POINT ( 'NONE',  ( 0.01194762850846879318, 0.7820272790136842955, 0.7600000000000000089 ) ) ;
#937 = ORIENTED_EDGE ( 'NONE', *, *, #259, .T. ) ;
#938 = CARTESIAN_POINT ( 'NONE',  ( -0.8000000000000000444, -2.793185071074506684E-15, 0.000000000000000000 ) ) ;
#939 = SURFACE_STYLE_USAGE ( .BOTH. , #2491 ) ;
#940 = LINE ( 'NONE', #5794, #6819 ) ;
#941 =( GEOMETRIC_REPRESENTATION_CONTEXT ( 3 ) GLOBAL_UNCERTAINTY_ASSIGNED_CONTEXT ( ( #7607 ) ) GLOBAL_UNIT_ASSIGNED_CONTEXT ( ( #4627, #10230, #3842 ) ) REPRESENTATION_CONTEXT ( 'NONE', 'WORKASPACE' ) );
#942 = EDGE_CURVE ( 'NONE', #945, #8354, #8079, .T. ) ;
#943 = AXIS2_PLACEMENT_3D ( 'NONE', #6019, #9103, #4336 ) ;
#944 = DIRECTION ( 'NONE',  ( -0.000000000000000000, 0.000000000000000000, -1.000000000000000000 ) ) ;
#945 = VERTEX_POINT ( 'NONE', #968 ) ;
#946 = FACE_OUTER_BOUND ( 'NONE', #2310, .T. ) ;
#947 = EDGE_CURVE ( 'NONE', #7967, #2372, #5565, .T. ) ;
#948 = FACE_BOUND ( 'NONE', #5790, .T. ) ;
#949 = ORIENTED_EDGE ( 'NONE', *, *, #2101, .T. ) ;
#950 = VECTOR ( 'NONE', #748, 1000.000000000000000 ) ;
#951 = CARTESIAN_POINT ( 'NONE',  ( 0.6240183891535026062, 0.6797504886669357704, 0.7500000000000000000 ) ) ;
#952 = CARTESIAN_POINT ( 'NONE',  ( 0.7145166258103879953, 0.6581317110782208823, 0.7500000000000000000 ) ) ;
#953 = SURFACE_STYLE_FILL_AREA ( #1053 ) ;
#954 = CARTESIAN_POINT ( 'NONE',  ( 0.3660892329340721951, 0.7180850455328957604, 0.7500000000000000000 ) ) ;
#955 = DIRECTION ( 'NONE',  ( 0.000000000000000000, 0.000000000000000000, 1.000000000000000000 ) ) ;
#956 = ADVANCED_FACE ( 'NONE', ( #3974 ), #4130, .T. ) ;
#957 = VERTEX_POINT ( 'NONE', #7312 ) ;
#958 = AXIS2_PLACEMENT_3D ( 'NONE', #3700, #6847, #321 ) ;
#959 = LINE ( 'NONE', #5764, #7917 ) ;
#960 =( NAMED_UNIT ( * ) SI_UNIT ( $, .STERADIAN. ) SOLID_ANGLE_UNIT ( ) );
#961 = VERTEX_POINT ( 'NONE', #1737 ) ;
#962 = CARTESIAN_POINT ( 'NONE',  ( 0.6527329004912759691, 0.7953158968843083709, 0.7500000000000000000 ) ) ;
#963 = VECTOR ( 'NONE', #8539, 1000.000000000000000 ) ;
#964 = EDGE_LOOP ( 'NONE', ( #5177, #1952, #1247, #7305 ) ) ;
#965 = CARTESIAN_POINT ( 'NONE',  ( 0.7819150438771039768, 0.8660963936539011199, 0.7600000000000000089 ) ) ;
#966 = CARTESIAN_POINT ( 'NONE',  ( 0.7566047163314477686, 0.7069839590044382227, 0.7600000000000000089 ) ) ;
#967 = EDGE_CURVE ( 'NONE', #3783, #803, #8747, .T. ) ;
#968 = CARTESIAN_POINT ( 'NONE',  ( 0.1500000000000035749, -1.000999999999999890, -0.02000000000000000042 ) ) ;
#969 = EDGE_CURVE ( 'NONE', #3674, #1433, #7122, .T. ) ;
#970 = CARTESIAN_POINT ( 'NONE',  ( 0.5815324070202413376, 0.6978766621056951003, 0.7600000000000000089 ) ) ;
#971 = UNCERTAINTY_MEASURE_WITH_UNIT (LENGTH_MEASURE( 1.000000000000000082E-05 ), #7909, 'distance_accuracy_value', 'NONE');
#972 = CARTESIAN_POINT ( 'NONE',  ( 0.5215391939557646461, 0.6581317110782198831, 0.7600000000000000089 ) ) ;
#973 = ORIENTED_EDGE ( 'NONE', *, *, #2204, .F. ) ;
#974 = ORIENTED_EDGE ( 'NONE', *, *, #6504, .F. ) ;
#975 = CARTESIAN_POINT ( 'NONE',  ( 0.7394732719229082374, 0.8396587065408116501, 0.7500000000000000000 ) ) ;
#976 = ORIENTED_EDGE ( 'NONE', *, *, #5931, .F. ) ;
#977 = CARTESIAN_POINT ( 'NONE',  ( 0.5449705888889437855, 0.8635764134440407913, 0.7600000000000000089 ) ) ;
#978 = CARTESIAN_POINT ( 'NONE',  ( 0.3365774599282234658, 0.8428953665413836394, 0.7500000000000000000 ) ) ;
#979 = CARTESIAN_POINT ( 'NONE',  ( 0.5428927104703610285, 0.6789104952640417912, 0.7500000000000000000 ) ) ;
#980 = ADVANCED_FACE ( 'NONE', ( #3247 ), #15, .F. ) ;
#981 = EDGE_LOOP ( 'NONE', ( #7754, #2208, #1174, #1183 ) ) ;
#982 = CARTESIAN_POINT ( 'NONE',  ( 0.7394732719229082374, 0.8396587065408116501, 0.7600000000000000089 ) ) ;
#983 = PLANE ( 'NONE',  #7848 ) ;
#984 = ORIENTED_EDGE ( 'NONE', *, *, #5465, .T. ) ;
#985 = ORIENTED_EDGE ( 'NONE', *, *, #1130, .T. ) ;
#986 = CARTESIAN_POINT ( 'NONE',  ( 0.6527329004912759691, 0.7953158968843083709, 0.7600000000000000089 ) ) ;
#987 = CARTESIAN_POINT ( 'NONE',  ( 0.7035967115674726102, 0.8718437169393019603, 0.7600000000000000089 ) ) ;
#988 = VERTEX_POINT ( 'NONE', #5618 ) ;
#989 = CARTESIAN_POINT ( 'NONE',  ( 0.5500326543979000560, 0.8068547536341806881, 0.7600000000000000089 ) ) ;
#990 = B_SPLINE_SURFACE_WITH_KNOTS ( 'NONE', 3, 1, ( 
 ( #246, #8103 ),
 ( #4150, #1818 ),
 ( #7285, #3376 ),
 ( #5646, #7192 ) ),
 .UNSPECIFIED., .F., .F., .F.,
 ( 4, 4 ),
 ( 2, 2 ),
 ( 2.000000000000000000, 3.000000000000000000 ),
 ( 0.000000000000000000, 1.000000000000000000 ),
 .UNSPECIFIED. ) ;
#991 = CARTESIAN_POINT ( 'NONE',  ( 0.6747495696927860998, 0.6733842228739844726, 0.7500000000000000000 ) ) ;
#992 = EDGE_CURVE ( 'NONE', #2651, #9638, #6553, .T. ) ;
#993 = EDGE_LOOP ( 'NONE', ( #1325, #2550, #7600, #6886, #5843, #2342 ) ) ;
#994 = CARTESIAN_POINT ( 'NONE',  ( 0.1914777685923488570, 0.7199295635950248018, 0.7600000000000000089 ) ) ;
#995 = FACE_BOUND ( 'NONE', #638, .T. ) ;
#996 = VERTEX_POINT ( 'NONE', #8847 ) ;
#997 = CARTESIAN_POINT ( 'NONE',  ( -1.000000000000003553, 0.9999999999999970024, 0.7500000000000000000 ) ) ;
#998 = CARTESIAN_POINT ( 'NONE',  ( 0.7839929222956832922, 0.8658753427579670703, 0.7500000000000000000 ) ) ;
#999 = CARTESIAN_POINT ( 'NONE',  ( 0.3218215265175511375, 0.6953363725158325792, 0.7500000000000000000 ) ) ;
#1000 = FACE_OUTER_BOUND ( 'NONE', #8490, .T. ) ;
#1001 = FACE_OUTER_BOUND ( 'NONE', #8082, .T. ) ;
#1002 = EDGE_CURVE ( 'NONE', #4808, #9084, #8797, .T. ) ;
#1003 = ORIENTED_EDGE ( 'NONE', *, *, #5063, .T. ) ;
#1004 = DIRECTION ( 'NONE',  ( -0.000000000000000000, -0.000000000000000000, -1.000000000000000000 ) ) ;
#1005 = CARTESIAN_POINT ( 'NONE',  ( 0.6268036304380679713, 0.6683000522752003958, 0.7600000000000000089 ) ) ;
#1006 = EDGE_CURVE ( 'NONE', #1597, #4433, #4717, .T. ) ;
#1007 = ORIENTED_EDGE ( 'NONE', *, *, #9307, .F. ) ;
#1008 = DIRECTION ( 'NONE',  ( 1.000000000000000000, -0.000000000000000000, -0.000000000000000000 ) ) ;
#1009 = COLOUR_RGB ( '',0.6666666666666666297, 0.6666666666666666297, 0.6666666666666666297 ) ;
#1010 = ORIENTED_EDGE ( 'NONE', *, *, #6420, .T. ) ;
#1011 = LINE ( 'NONE', #7971, #5253 ) ;
#1012 = LINE ( 'NONE', #1891, #8314 ) ;
#1013 = DIRECTION ( 'NONE',  ( 0.000000000000000000, 0.000000000000000000, -1.000000000000000000 ) ) ;
#1014 = DIRECTION ( 'NONE',  ( 0.000000000000000000, 0.000000000000000000, 1.000000000000000000 ) ) ;
#1015 = ADVANCED_FACE ( 'NONE', ( #3194 ), #1796, .T. ) ;
#1016 = ADVANCED_FACE ( 'NONE', ( #5772 ), #9864, .F. ) ;
#1017 = AXIS2_PLACEMENT_3D ( 'NONE', #855, #2466, #5617 ) ;
#1018 = CARTESIAN_POINT ( 'NONE',  ( 0.5319064809591412812, 0.6746663180687393346, 0.7500000000000000000 ) ) ;
#1019 = VERTEX_POINT ( 'NONE', #330 ) ;
#1020 = EDGE_CURVE ( 'NONE', #6909, #5360, #3384, .T. ) ;
#1021 = EDGE_CURVE ( 'NONE', #6467, #463, #2679, .T. ) ;
#1022 = DIRECTION ( 'NONE',  ( 3.491481338843133355E-15, -1.000000000000000000, -0.000000000000000000 ) ) ;
#1023 = B_SPLINE_CURVE_WITH_KNOTS ( 'NONE', 3,
 ( #10103, #6350, #7768, #1594 ),
 .UNSPECIFIED., .F., .F.,
 ( 4, 4 ),
 ( 7.000000000000000000, 8.000000000000000000 ),
 .UNSPECIFIED. ) ;
#1024 = ORIENTED_EDGE ( 'NONE', *, *, #6372, .T. ) ;
#1025 = CARTESIAN_POINT ( 'NONE',  ( 0.7394732719229082374, 0.8396587065408116501, 0.7600000000000000089 ) ) ;
#1026 = ORIENTED_EDGE ( 'NONE', *, *, #8674, .F. ) ;
#1027 = PRESENTATION_LAYER_ASSIGNMENT (  '', '', ( #359 ) ) ;
#1028 = B_SPLINE_CURVE_WITH_KNOTS ( 'NONE', 3,
 ( #5876, #3416, #2636, #4913 ),
 .UNSPECIFIED., .F., .F.,
 ( 4, 4 ),
 ( 3.000000000000000000, 4.000000000000000000 ),
 .UNSPECIFIED. ) ;
#1029 = SURFACE_SIDE_STYLE ('',( #7090 ) ) ;
#1030 = AXIS2_PLACEMENT_3D ( 'NONE', #1165, #25, #7473 ) ;
#1031 = ORIENTED_EDGE ( 'NONE', *, *, #8293, .T. ) ;
#1032 =( NAMED_UNIT ( * ) PLANE_ANGLE_UNIT ( ) SI_UNIT ( $, .RADIAN. ) );
#1033 = ADVANCED_FACE ( 'NONE', ( #5866 ), #1944, .F. ) ;
#1034 = CARTESIAN_POINT ( 'NONE',  ( 0.6695990838254016753, 0.6356287299063639873, 0.7500000000000000000 ) ) ;
#1035 = ORIENTED_EDGE ( 'NONE', *, *, #4260, .T. ) ;
#1036 = ORIENTED_EDGE ( 'NONE', *, *, #9624, .F. ) ;
#1037 = ORIENTED_EDGE ( 'NONE', *, *, #8233, .F. ) ;
#1038 = CARTESIAN_POINT ( 'NONE',  ( 0.6630338722260507023, 0.6470349561190323895, 0.7600000000000000089 ) ) ;
#1039 = PLANE ( 'NONE',  #5862 ) ;
#1040 = ORIENTED_EDGE ( 'NONE', *, *, #5995, .F. ) ;
#1041 = CARTESIAN_POINT ( 'NONE',  ( 0.5449926939784760505, 0.8790057659566666848, 0.7500000000000000000 ) ) ;
#1042 = LINE ( 'NONE', #8926, #7990 ) ;
#1043 = CARTESIAN_POINT ( 'NONE',  ( 0.5443737514706356029, 0.8129115481736538529, 0.7600000000000000089 ) ) ;
#1044 = MECHANICAL_DESIGN_GEOMETRIC_PRESENTATION_REPRESENTATION (  '', ( #3021 ), #8008 ) ;
#1045 = DIRECTION ( 'NONE',  ( -0.000000000000000000, -1.000000000000000000, -0.000000000000000000 ) ) ;
#1046 = CARTESIAN_POINT ( 'NONE',  ( 0.5691535568668817380, 0.6739147450233931025, 0.7500000000000000000 ) ) ;
#1047 = CARTESIAN_POINT ( 'NONE',  ( 0.5675702798272200811, 0.7087302610797845404, 0.7600000000000000089 ) ) ;
#1048 = PLANE ( 'NONE',  #9751 ) ;
#1049 = EDGE_LOOP ( 'NONE', ( #667, #8087, #4772, #9230 ) ) ;
#1050 = CARTESIAN_POINT ( 'NONE',  ( 0.3660892329340721951, 0.7432930446946898195, 0.7600000000000000089 ) ) ;
#1051 = EDGE_CURVE ( 'NONE', #212, #1372, #7474, .T. ) ;
#1052 = FACE_OUTER_BOUND ( 'NONE', #2746, .T. ) ;
#1053 = FILL_AREA_STYLE ('',( #7411 ) ) ;
#1054 = FACE_OUTER_BOUND ( 'NONE', #8218, .T. ) ;
#1055 = DIRECTION ( 'NONE',  ( 0.000000000000000000, 0.000000000000000000, 1.000000000000000000 ) ) ;
#1056 = CARTESIAN_POINT ( 'NONE',  ( 0.7123503270336647430, 0.8081810590080072965, 0.7600000000000000089 ) ) ;
#1057 = EDGE_LOOP ( 'NONE', ( #9650, #1687, #7659, #270 ) ) ;
#1058 = CARTESIAN_POINT ( 'NONE',  ( 0.5352664545721839140, 0.8056610787981490773, 0.7600000000000000089 ) ) ;
#1059 = DIRECTION ( 'NONE',  ( -0.9398440417769687860, -0.3416038306815827319, 0.000000000000000000 ) ) ;
#1060 = ORIENTED_EDGE ( 'NONE', *, *, #2382, .T. ) ;
#1061 = AXIS2_PLACEMENT_3D ( 'NONE', #2743, #3577, #1233 ) ;
#1063 = EDGE_CURVE ( 'NONE', #9948, #4020, #1160, .T. ) ;
#1062 = CARTESIAN_POINT ( 'NONE',  ( 0.5574378594004397725, 0.8038042512749101753, 0.7500000000000000000 ) ) ;
#1064 = ORIENTED_EDGE ( 'NONE', *, *, #7645, .T. ) ;
#1065 = CARTESIAN_POINT ( 'NONE',  ( 0.1527435225458242118, 0.8810147781199886285, 0.7600000000000000089 ) ) ;
#1066 = CARTESIAN_POINT ( 'NONE',  ( 0.3660892329340721951, 0.7697306952013218684, 0.7600000000000000089 ) ) ;
#1067 = CARTESIAN_POINT ( 'NONE',  ( 0.5514915903089311344, 0.6566727751671871394, 0.7500000000000000000 ) ) ;
#1068 = ADVANCED_FACE ( 'NONE', ( #1990 ), #1636, .F. ) ;
#1069 = B_SPLINE_CURVE_WITH_KNOTS ( 'NONE', 3,
 ( #3780, #6050, #9276, #7826 ),
 .UNSPECIFIED., .F., .F.,
 ( 4, 4 ),
 ( 5.000000000000000000, 6.000000000000000000 ),
 .UNSPECIFIED. ) ;
#1070 = AXIS2_PLACEMENT_3D ( 'NONE', #9309, #1422, #6858 ) ;
#1071 = DIRECTION ( 'NONE',  ( 0.000000000000000000, 0.000000000000000000, 1.000000000000000000 ) ) ;
#1072 = ORIENTED_EDGE ( 'NONE', *, *, #31, .F. ) ;
#1074 = EDGE_CURVE ( 'NONE', #7633, #3993, #779, .T. ) ;
#1073 = LINE ( 'NONE', #5163, #5038 ) ;
#1075 = ORIENTED_EDGE ( 'NONE', *, *, #3360, .T. ) ;
#1076 = CARTESIAN_POINT ( 'NONE',  ( 0.8000000000000034861, -1.000999999999997447, -0.02000000000000000042 ) ) ;
#1077 = VECTOR ( 'NONE', #6103, 1000.000000000000000 ) ;
#1078 = ORIENTED_EDGE ( 'NONE', *, *, #9121, .F. ) ;
#1079 = FACE_OUTER_BOUND ( 'NONE', #6837, .T. ) ;
#1080 = EDGE_CURVE ( 'NONE', #5739, #1620, #4736, .T. ) ;
#1081 = VECTOR ( 'NONE', #7025, 1000.000000000000000 ) ;
#1082 = DIRECTION ( 'NONE',  ( -0.000000000000000000, 0.000000000000000000, -1.000000000000000000 ) ) ;
#1083 = ORIENTED_EDGE ( 'NONE', *, *, #3510, .T. ) ;
#1084 = CARTESIAN_POINT ( 'NONE',  ( 0.05068188628163305953, 0.7568193150332921393, 0.7500000000000000000 ) ) ;
#1085 = ORIENTED_EDGE ( 'NONE', *, *, #6372, .F. ) ;
#1086 = AXIS2_PLACEMENT_3D ( 'NONE', #4987, #1723, #4215 ) ;
#1087 = ORIENTED_EDGE ( 'NONE', *, *, #5203, .F. ) ;
#1088 = VECTOR ( 'NONE', #5760, 1000.000000000000000 ) ;
#1089 = DIRECTION ( 'NONE',  ( 1.000000000000000000, 3.491481338843133355E-15, -0.000000000000000000 ) ) ;
#1090 = ORIENTED_EDGE ( 'NONE', *, *, #6597, .F. ) ;
#1091 = CARTESIAN_POINT ( 'NONE',  ( 0.7277354693672223318, 0.8393492352867428785, 0.7500000000000000000 ) ) ;
#1092 = CARTESIAN_POINT ( 'NONE',  ( 0.1499999999999973299, 0.7510000000000008891, 0.000000000000000000 ) ) ;
#1093 = SURFACE_STYLE_FILL_AREA ( #9024 ) ;
#1094 = ADVANCED_FACE ( 'NONE', ( #8229 ), #432, .T. ) ;
#1095 = DIRECTION ( 'NONE',  ( -0.000000000000000000, -0.000000000000000000, -1.000000000000000000 ) ) ;
#1096 = EDGE_CURVE ( 'NONE', #232, #10195, #10033, .T. ) ;
#1097 = CARTESIAN_POINT ( 'NONE',  ( 0.5457663721130647794, 0.6833757233546897680, 0.7600000000000000089 ) ) ;
#1098 = CARTESIAN_POINT ( 'NONE',  ( 0.6078595686856549385, 0.7196722804118629302, 0.7500000000000000000 ) ) ;
#1099 = ORIENTED_EDGE ( 'NONE', *, *, #557, .T. ) ;
#1100 = LINE ( 'NONE', #3543, #9255 ) ;
#1101 = CARTESIAN_POINT ( 'NONE',  ( 0.6318656959473176737, 0.6878851616249908041, 0.7600000000000000089 ) ) ;
#1102 = CARTESIAN_POINT ( 'NONE',  ( 0.7835508205044109387, 0.8678648008184131069, 0.7500000000000000000 ) ) ;
#1103 = VECTOR ( 'NONE', #3305, 1000.000000000000000 ) ;
#1104 = CARTESIAN_POINT ( 'NONE',  ( 0.7813845217276892408, 0.8646816679219360147, 0.7600000000000000089 ) ) ;
#1105 = DIRECTION ( 'NONE',  ( -3.491481338843133355E-15, 1.000000000000000000, 0.000000000000000000 ) ) ;
#1106 = CARTESIAN_POINT ( 'NONE',  ( 0.5993491092052226632, 0.6934556441941168714, 0.7500000000000000000 ) ) ;
#1107 = ORIENTED_EDGE ( 'NONE', *, *, #1784, .T. ) ;
#1108 = EDGE_CURVE ( 'NONE', #1211, #2205, #8440, .T. ) ;
#1109 = FACE_OUTER_BOUND ( 'NONE', #4873, .T. ) ;
#1110 = VECTOR ( 'NONE', #3222, 1000.000000000000000 ) ;
#1111 = CARTESIAN_POINT ( 'NONE',  ( 0.6268036304380679713, 0.6738705348443274623, 0.7500000000000000000 ) ) ;
#1112 = EDGE_LOOP ( 'NONE', ( #7073, #7740 ) ) ;
#1113 = CARTESIAN_POINT ( 'NONE',  ( 0.8525629101089017281, 0.6581317110782219926, 0.7600000000000000089 ) ) ;
#1114 = DIRECTION ( 'NONE',  ( 0.000000000000000000, 0.000000000000000000, 1.000000000000000000 ) ) ;
#1115 = CARTESIAN_POINT ( 'NONE',  ( 0.6457919023698426297, 0.6299256168000324507, 0.7600000000000000089 ) ) ;
#1116 = DIRECTION ( 'NONE',  ( -0.000000000000000000, -0.000000000000000000, -1.000000000000000000 ) ) ;
#1117 = CARTESIAN_POINT ( 'NONE',  ( 0.5372117024535616459, 0.6615358948700397201, 0.7500000000000000000 ) ) ;
#1118 = EDGE_CURVE ( 'NONE', #6355, #1970, #2243, .T. ) ;
#1119 = CARTESIAN_POINT ( 'NONE',  ( 0.5962101864878148749, 0.6602980098549425803, 0.7600000000000000089 ) ) ;
#1120 = ORIENTED_EDGE ( 'NONE', *, *, #4039, .F. ) ;
#1121 = VECTOR ( 'NONE', #9256, 1000.000000000000000 ) ;
#1122 = DIRECTION ( 'NONE',  ( -0.000000000000000000, -0.000000000000000000, -1.000000000000000000 ) ) ;
#1123 = EDGE_CURVE ( 'NONE', #8318, #9399, #9303, .T. ) ;
#1124 = ORIENTED_EDGE ( 'NONE', *, *, #1317, .F. ) ;
#1125 = FACE_OUTER_BOUND ( 'NONE', #4404, .T. ) ;
#1126 = EDGE_LOOP ( 'NONE', ( #10077, #9170, #7198, #4133 ) ) ;
#1127 =( NAMED_UNIT ( * ) PLANE_ANGLE_UNIT ( ) SI_UNIT ( $, .RADIAN. ) );
#1128 = CARTESIAN_POINT ( 'NONE',  ( 0.6479139909674931364, 0.6387234424447046921, 0.7600000000000000089 ) ) ;
#1129 = B_SPLINE_CURVE_WITH_KNOTS ( 'NONE', 3,
 ( #3726, #6043, #9223, #6924 ),
 .UNSPECIFIED., .F., .F.,
 ( 4, 4 ),
 ( 18.00000000000000000, 19.00000000000000000 ),
 .UNSPECIFIED. ) ;
#1130 = EDGE_CURVE ( 'NONE', #5975, #888, #3758, .T. ) ;
#1131 = ORIENTED_EDGE ( 'NONE', *, *, #7345, .T. ) ;
#1132 = ORIENTED_EDGE ( 'NONE', *, *, #3626, .T. ) ;
#1133 = AXIS2_PLACEMENT_3D ( 'NONE', #3297, #8896, #1787 ) ;
#1134 = EDGE_CURVE ( 'NONE', #2014, #996, #5472, .T. ) ;
#1135 = ORIENTED_EDGE ( 'NONE', *, *, #2661, .T. ) ;
#1136 = ORIENTED_EDGE ( 'NONE', *, *, #6536, .F. ) ;
#1137 = CARTESIAN_POINT ( 'NONE',  ( 0.6203268391971467066, 0.7213080570391718904, 0.7500000000000000000 ) ) ;
#1138 = VERTEX_POINT ( 'NONE', #9352 ) ;
#1139 = LINE ( 'NONE', #9850, #5724 ) ;
#1140 = CARTESIAN_POINT ( 'NONE',  ( 0.5835218650806816010, 0.8820562683159376416, 0.7500000000000000000 ) ) ;
#1141 = DIRECTION ( 'NONE',  ( -0.9434452330799515396, 0.3315284183576361343, 0.000000000000000000 ) ) ;
#1142 = LINE ( 'NONE', #4313, #3855 ) ;
#1143 = CARTESIAN_POINT ( 'NONE',  ( 0.1164686026437385113, 0.8551919503543360390, 0.7500000000000000000 ) ) ;
#1144 = EDGE_CURVE ( 'NONE', #3945, #4628, #2191, .T. ) ;
#1145 = EDGE_LOOP ( 'NONE', ( #2368, #8313, #976, #4491 ) ) ;
#1146 = VECTOR ( 'NONE', #1826, 1000.000000000000000 ) ;
#1147 = CARTESIAN_POINT ( 'NONE',  ( 0.5476895149046111522, 0.6852325508779255614, 0.7600000000000000089 ) ) ;
#1148 = CARTESIAN_POINT ( 'NONE',  ( 0.1238465576222850945, 0.8183022340968790775, 0.7500000000000000000 ) ) ;
#1149 = ORIENTED_EDGE ( 'NONE', *, *, #84, .T. ) ;
#1150 = EDGE_CURVE ( 'NONE', #2603, #1950, #6072, .T. ) ;
#1151 = DIRECTION ( 'NONE',  ( 0.000000000000000000, 0.000000000000000000, 1.000000000000000000 ) ) ;
#1152 = ADVANCED_FACE ( 'NONE', ( #4536 ), #1520, .T. ) ;
#1153 = B_SPLINE_CURVE_WITH_KNOTS ( 'NONE', 3,
 ( #9130, #3530, #9077, #1091 ),
 .UNSPECIFIED., .F., .F.,
 ( 4, 4 ),
 ( 3.000000000000000000, 4.000000000000000000 ),
 .UNSPECIFIED. ) ;
#1154 = PLANE ( 'NONE',  #930 ) ;
#1155 = CARTESIAN_POINT ( 'NONE',  ( 0.7827992474596511263, 0.8707384624614092905, 0.7600000000000000089 ) ) ;
#1156 = PLANE ( 'NONE',  #239 ) ;
#1157 = CARTESIAN_POINT ( 'NONE',  ( 0.8974362419154079396, 0.7446068214348521286, 0.7600000000000000089 ) ) ;
#1158 = DIRECTION ( 'NONE',  ( -0.000000000000000000, -0.000000000000000000, -1.000000000000000000 ) ) ;
#1159 = ORIENTED_EDGE ( 'NONE', *, *, #5306, .T. ) ;
#1160 = B_SPLINE_CURVE_WITH_KNOTS ( 'NONE', 3,
 ( #6705, #7523, #9105, #1117 ),
 .UNSPECIFIED., .F., .F.,
 ( 4, 4 ),
 ( 8.000000000000000000, 9.000000000000000000 ),
 .UNSPECIFIED. ) ;
#1161 =( NAMED_UNIT ( * ) PLANE_ANGLE_UNIT ( ) SI_UNIT ( $, .RADIAN. ) );
#1162 = FACE_OUTER_BOUND ( 'NONE', #2202, .T. ) ;
#1163 = DIRECTION ( 'NONE',  ( -0.000000000000000000, 0.000000000000000000, -1.000000000000000000 ) ) ;
#1164 = PLANE ( 'NONE',  #943 ) ;
#1165 = CARTESIAN_POINT ( 'NONE',  ( 0.5815324070202413376, 0.6978766621056951003, 0.7600000000000000089 ) ) ;
#1166 = DIRECTION ( 'NONE',  ( 3.491481338843133355E-15, -1.000000000000000000, 0.000000000000000000 ) ) ;
#1167 = B_SPLINE_SURFACE_WITH_KNOTS ( 'NONE', 3, 1, ( 
 ( #3141, #8748 ),
 ( #9107, #332 ),
 ( #5818, #3461 ),
 ( #3509, #2777 ) ),
 .UNSPECIFIED., .F., .F., .F.,
 ( 4, 4 ),
 ( 2, 2 ),
 ( 2.000000000000000000, 3.000000000000000000 ),
 ( 0.000000000000000000, 1.000000000000000000 ),
 .UNSPECIFIED. ) ;
#1168 = B_SPLINE_CURVE_WITH_KNOTS ( 'NONE', 3,
 ( #5005, #1895, #7371, #279 ),
 .UNSPECIFIED., .F., .F.,
 ( 4, 4 ),
 ( 35.00000000000000000, 36.00000000000000000 ),
 .UNSPECIFIED. ) ;
#1169 = SURFACE_SIDE_STYLE ('',( #8337 ) ) ;
#1170 = CARTESIAN_POINT ( 'NONE',  ( 0.1500000000000000777, 5.237222008264702005E-16, 0.000000000000000000 ) ) ;
#1171 = ORIENTED_EDGE ( 'NONE', *, *, #356, .F. ) ;
#1172 = VECTOR ( 'NONE', #1760, 1000.000000000000000 ) ;
#1173 = SURFACE_STYLE_FILL_AREA ( #7480 ) ;
#1174 = ORIENTED_EDGE ( 'NONE', *, *, #405, .T. ) ;
#1175 = LINE ( 'NONE', #7484, #9625 ) ;
#1176 = EDGE_CURVE ( 'NONE', #8357, #8346, #730, .T. ) ;
#1177 = ORIENTED_EDGE ( 'NONE', *, *, #9807, .T. ) ;
#1178 = PRESENTATION_STYLE_ASSIGNMENT (( #1226 ) ) ;
#1179 = VECTOR ( 'NONE', #7521, 1000.000000000000114 ) ;
#1180 = ORIENTED_EDGE ( 'NONE', *, *, #7590, .T. ) ;
#1181 = FACE_OUTER_BOUND ( 'NONE', #8468, .T. ) ;
#1182 = SURFACE_STYLE_FILL_AREA ( #9068 ) ;
#1183 = ORIENTED_EDGE ( 'NONE', *, *, #6073, .T. ) ;
#1184 = STYLED_ITEM ( 'NONE', ( #8704 ), #9207 ) ;
#1185 = ORIENTED_EDGE ( 'NONE', *, *, #3107, .F. ) ;
#1186 = VERTEX_POINT ( 'NONE', #8489 ) ;
#1187 = LINE ( 'NONE', #1237, #137 ) ;
#1188 = ADVANCED_FACE ( 'NONE', ( #10084 ), #10241, .F. ) ;
#1189 = ORIENTED_EDGE ( 'NONE', *, *, #9377, .F. ) ;
#1190 = DIRECTION ( 'NONE',  ( -1.000000000000000000, -3.491481338843133355E-15, 0.000000000000000000 ) ) ;
#1191 = FILL_AREA_STYLE_COLOUR ( '', #5649 ) ;
#1192 = CARTESIAN_POINT ( 'NONE',  ( 0.2714055516484271124, 0.6873435742744616883, 0.7600000000000000089 ) ) ;
#1193 = CARTESIAN_POINT ( 'NONE',  ( 0.1121648053452185684, 0.8183022340968790775, 0.7600000000000000089 ) ) ;
#1194 = CARTESIAN_POINT ( 'NONE',  ( 0.9092182546501599294, 0.6817841569064504448, 0.7600000000000000089 ) ) ;
#1195 = VERTEX_POINT ( 'NONE', #5353 ) ;
#1196 = VECTOR ( 'NONE', #2212, 1000.000000000000000 ) ;
#1197 = EDGE_CURVE ( 'NONE', #3480, #4187, #8536, .T. ) ;
#1198 = ORIENTED_EDGE ( 'NONE', *, *, #2947, .F. ) ;
#1199 = CARTESIAN_POINT ( 'NONE',  ( 0.6718095927811911228, 0.6734726432321217482, 0.7500000000000000000 ) ) ;
#1200 = CARTESIAN_POINT ( 'NONE',  ( 0.3365774599282234658, 0.8428953665413836394, 0.7600000000000000089 ) ) ;
#1201 = ORIENTED_EDGE ( 'NONE', *, *, #7034, .T. ) ;
#1202 = CARTESIAN_POINT ( 'NONE',  ( 0.6126784782097328685, 0.6852767610569958645, 0.7600000000000000089 ) ) ;
#1203 = ADVANCED_FACE ( 'NONE', ( #1001 ), #9206, .F. ) ;
#1204 = DIRECTION ( 'NONE',  ( -0.000000000000000000, -0.000000000000000000, -1.000000000000000000 ) ) ;
#1205 = CARTESIAN_POINT ( 'NONE',  ( 0.9999999999999965583, 1.000000000000003997, 0.000000000000000000 ) ) ;
#1206 = FACE_OUTER_BOUND ( 'NONE', #653, .T. ) ;
#1207 = CARTESIAN_POINT ( 'NONE',  ( 0.5962765017564184422, 0.6994240183748651196, 0.7500000000000000000 ) ) ;
#1208 = EDGE_LOOP ( 'NONE', ( #10075, #5345, #1367, #5020 ) ) ;
#1209 = EDGE_CURVE ( 'NONE', #8756, #4999, #8589, .T. ) ;
#1210 = SURFACE_SIDE_STYLE ('',( #7517 ) ) ;
#1211 = VERTEX_POINT ( 'NONE', #8067 ) ;
#1212 = CARTESIAN_POINT ( 'NONE',  ( 0.6379224904864937429, 0.6692726762158859311, 0.7600000000000000089 ) ) ;
#1213 = CARTESIAN_POINT ( 'NONE',  ( 0.6032174998781467679, 0.7164007271566605883, 0.7500000000000000000 ) ) ;
#1214 = DIRECTION ( 'NONE',  ( 0.000000000000000000, 0.000000000000000000, 1.000000000000000000 ) ) ;
#1215 = SURFACE_STYLE_USAGE ( .BOTH. , #8535 ) ;
#1216 = CARTESIAN_POINT ( 'NONE',  ( 0.5440642802168587089, 0.7194070193368612420, 0.7600000000000000089 ) ) ;
#1217 = ADVANCED_FACE ( 'NONE', ( #6275 ), #4323, .F. ) ;
#1218 = CARTESIAN_POINT ( 'NONE',  ( 0.4861931557500382972, 0.6970808788818697588, 0.7600000000000000089 ) ) ;
#1219 = COLOUR_RGB ( '',0.2980392156862745057, 0.2980392156862745057, 0.2980392156862745057 ) ;
#1220 = ORIENTED_EDGE ( 'NONE', *, *, #681, .F. ) ;
#1221 = FACE_OUTER_BOUND ( 'NONE', #8743, .T. ) ;
#1222 = ORIENTED_EDGE ( 'NONE', *, *, #9966, .T. ) ;
#1223 = ORIENTED_EDGE ( 'NONE', *, *, #4996, .T. ) ;
#1224 = VERTEX_POINT ( 'NONE', #9512 ) ;
#1225 = VECTOR ( 'NONE', #3132, 1000.000000000000000 ) ;
#1226 = SURFACE_STYLE_USAGE ( .BOTH. , #4299 ) ;
#1227 = ORIENTED_EDGE ( 'NONE', *, *, #229, .F. ) ;
#1228 = CARTESIAN_POINT ( 'NONE',  ( 0.1914777685923488570, 0.7199295635950248018, 0.7600000000000000089 ) ) ;
#1229 = EDGE_CURVE ( 'NONE', #2124, #8408, #2391, .T. ) ;
#1230 = ORIENTED_EDGE ( 'NONE', *, *, #1718, .F. ) ;
#1231 = SURFACE_STYLE_FILL_AREA ( #3522 ) ;
#1232 = VECTOR ( 'NONE', #8, 1000.000000000000000 ) ;
#1233 = DIRECTION ( 'NONE',  ( 0.000000000000000000, 0.000000000000000000, 1.000000000000000000 ) ) ;
#1234 = ORIENTED_EDGE ( 'NONE', *, *, #6960, .F. ) ;
#1235 = VERTEX_POINT ( 'NONE', #109 ) ;
#1236 = ORIENTED_EDGE ( 'NONE', *, *, #8140, .F. ) ;
#1237 = CARTESIAN_POINT ( 'NONE',  ( 0.1447507360313918801, 0.7020994842309644657, 0.7600000000000000089 ) ) ;
#1238 = ORIENTED_EDGE ( 'NONE', *, *, #1697, .F. ) ;
#1239 = CARTESIAN_POINT ( 'NONE',  ( 0.7182523859458088689, 0.8637090439812484810, 0.7500000000000000000 ) ) ;
#1240 = CARTESIAN_POINT ( 'NONE',  ( 0.5352664545721839140, 0.8056610787981490773, 0.7500000000000000000 ) ) ;
#1241 = AXIS2_PLACEMENT_3D ( 'NONE', #6825, #9221, #10000 ) ;
#1242 = DIRECTION ( 'NONE',  ( -0.8840949502478765432, -0.4673073067545644999, 0.000000000000000000 ) ) ;
#1243 = CARTESIAN_POINT ( 'NONE',  ( 0.1422914216141863974, 0.8736368260734705959, 0.7500000000000000000 ) ) ;
#1244 = B_SPLINE_SURFACE_WITH_KNOTS ( 'NONE', 3, 1, ( 
 ( #9941, #3664 ),
 ( #5166, #7753 ),
 ( #10142, #8397 ),
 ( #4593, #6079 ) ),
 .UNSPECIFIED., .F., .F., .F.,
 ( 4, 4 ),
 ( 2, 2 ),
 ( 10.00000000000000000, 11.00000000000000000 ),
 ( 0.000000000000000000, 1.000000000000000000 ),
 .UNSPECIFIED. ) ;
#1245 = DIRECTION ( 'NONE',  ( -0.000000000000000000, 1.000000000000000000, -0.000000000000000000 ) ) ;
#1246 = EDGE_CURVE ( 'NONE', #7406, #5559, #5502, .T. ) ;
#1247 = ORIENTED_EDGE ( 'NONE', *, *, #3360, .F. ) ;
#1248 = CARTESIAN_POINT ( 'NONE',  ( 0.2572644849541571022, 0.9049931171414477005, 0.7500000000000000000 ) ) ;
#1249 = COLOUR_RGB ( '',0.6666666666666666297, 0.6666666666666666297, 0.6666666666666666297 ) ;
#1250 = CARTESIAN_POINT ( 'NONE',  ( 0.5481095116063531281, 0.6664874349316166624, 0.7500000000000000000 ) ) ;
#1251 = ORIENTED_EDGE ( 'NONE', *, *, #5853, .F. ) ;
#1252 = CARTESIAN_POINT ( 'NONE',  ( 0.3181325607552124013, 0.7912497168735491693, 0.7600000000000000089 ) ) ;
#1253 = DIRECTION ( 'NONE',  ( -0.000000000000000000, -0.000000000000000000, -1.000000000000000000 ) ) ;
#1254 = B_SPLINE_SURFACE_WITH_KNOTS ( 'NONE', 3, 1, ( 
 ( #7412, #8988 ),
 ( #9192, #7569 ),
 ( #6694, #5095 ),
 ( #9146, #4272 ) ),
 .UNSPECIFIED., .F., .F., .F.,
 ( 4, 4 ),
 ( 2, 2 ),
 ( 5.000000000000000000, 6.000000000000000000 ),
 ( 0.000000000000000000, 1.000000000000000000 ),
 .UNSPECIFIED. ) ;
#1255 = EDGE_CURVE ( 'NONE', #5081, #9304, #2650, .T. ) ;
#1256 = DIRECTION ( 'NONE',  ( -0.3559357243643058166, -0.9345104387438680771, -0.000000000000000000 ) ) ;
#1257 = DIRECTION ( 'NONE',  ( 0.000000000000000000, 0.000000000000000000, -1.000000000000000000 ) ) ;
#1258 = FACE_OUTER_BOUND ( 'NONE', #183, .T. ) ;
#1259 = CARTESIAN_POINT ( 'NONE',  ( 0.1336838152908021993, 0.8644143882141983593, 0.7500000000000000000 ) ) ;
#1260 = CARTESIAN_POINT ( 'NONE',  ( 0.9180381853849560736, 0.6581317110782219926, 0.7600000000000000089 ) ) ;
#1261 = MECHANICAL_DESIGN_GEOMETRIC_PRESENTATION_REPRESENTATION (  '', ( #6546 ), #9543 ) ;
#1262 = ORIENTED_EDGE ( 'NONE', *, *, #6929, .F. ) ;
#1263 = EDGE_CURVE ( 'NONE', #9819, #573, #9566, .T. ) ;
#1264 = FACE_OUTER_BOUND ( 'NONE', #5682, .T. ) ;
#1265 = SURFACE_STYLE_FILL_AREA ( #9043 ) ;
#1266 = VECTOR ( 'NONE', #533, 1000.000000000000000 ) ;
#1267 = AXIS2_PLACEMENT_3D ( 'NONE', #4657, #8612, #5720 ) ;
#1268 = EDGE_CURVE ( 'NONE', #6230, #5891, #1618, .T. ) ;
#1269 = CARTESIAN_POINT ( 'NONE',  ( 0.6477150451613898907, 0.6293508844715505202, 0.7600000000000000089 ) ) ;
#1270 = CARTESIAN_POINT ( 'NONE',  ( 0.7028451385227174608, 0.7198933313072090057, 0.7600000000000000089 ) ) ;
#1271 = DIRECTION ( 'NONE',  ( -0.000000000000000000, 0.000000000000000000, -1.000000000000000000 ) ) ;
#1272 =( NAMED_UNIT ( * ) PLANE_ANGLE_UNIT ( ) SI_UNIT ( $, .RADIAN. ) );
#1273 = AXIS2_PLACEMENT_3D ( 'NONE', #647, #3732, #9274 ) ;
#1274 = ORIENTED_EDGE ( 'NONE', *, *, #8796, .F. ) ;
#1275 = CARTESIAN_POINT ( 'NONE',  ( 0.8015885735850307725, 0.7346595311332154710, 0.7600000000000000089 ) ) ;
#1276 =( LENGTH_UNIT ( ) NAMED_UNIT ( * ) SI_UNIT ( .MILLI., .METRE. ) );
#1277 = VECTOR ( 'NONE', #2309, 1000.000000000000000 ) ;
#1278 = EDGE_CURVE ( 'NONE', #7146, #384, #2503, .T. ) ;
#1279 = ORIENTED_EDGE ( 'NONE', *, *, #2742, .T. ) ;
#1280 =( NAMED_UNIT ( * ) SI_UNIT ( $, .STERADIAN. ) SOLID_ANGLE_UNIT ( ) );
#1281 = ADVANCED_FACE ( 'NONE', ( #2559 ), #1570, .F. ) ;
#1282 = ORIENTED_EDGE ( 'NONE', *, *, #3355, .F. ) ;
#1283 =( NAMED_UNIT ( * ) SI_UNIT ( $, .STERADIAN. ) SOLID_ANGLE_UNIT ( ) );
#1284 = AXIS2_PLACEMENT_3D ( 'NONE', #678, #4792, #4016 ) ;
#1285 = ORIENTED_EDGE ( 'NONE', *, *, #9582, .T. ) ;
#1286 = DIRECTION ( 'NONE',  ( -0.9434452330824798505, 0.3315284183504416116, 0.000000000000000000 ) ) ;
#1287 = FACE_OUTER_BOUND ( 'NONE', #8924, .T. ) ;
#1288 = VERTEX_POINT ( 'NONE', #8378 ) ;
#1289 = ORIENTED_EDGE ( 'NONE', *, *, #5130, .T. ) ;
#1290 = CARTESIAN_POINT ( 'NONE',  ( 0.6107332303283555808, 0.7102113020799839527, 0.7500000000000000000 ) ) ;
#1291 = ORIENTED_EDGE ( 'NONE', *, *, #2573, .T. ) ;
#1292 = VECTOR ( 'NONE', #7938, 1000.000000000000000 ) ;
#1293 = CARTESIAN_POINT ( 'NONE',  ( 0.1183130737978216884, 0.6172530840677115105, 0.7500000000000000000 ) ) ;
#1294 = EDGE_CURVE ( 'NONE', #1950, #945, #7415, .T. ) ;
#1295 = PLANE ( 'NONE',  #6545 ) ;
#1296 = FACE_OUTER_BOUND ( 'NONE', #7477, .T. ) ;
#1297 = CARTESIAN_POINT ( 'NONE',  ( 0.6690685616759873833, 0.7953158968843083709, 0.7600000000000000089 ) ) ;
#1298 = EDGE_LOOP ( 'NONE', ( #2281, #10246, #3027, #4602, #564, #1713, #3517, #6415 ) ) ;
#1299 = CARTESIAN_POINT ( 'NONE',  ( 0.6192657948983233407, 0.7125102313944980947, 0.7500000000000000000 ) ) ;
#1300 = MECHANICAL_DESIGN_GEOMETRIC_PRESENTATION_REPRESENTATION (  '', ( #9413 ), #2293 ) ;
#1301 = FACE_OUTER_BOUND ( 'NONE', #820, .T. ) ;
#1302 = ORIENTED_EDGE ( 'NONE', *, *, #1992, .F. ) ;
#1303 = FACE_OUTER_BOUND ( 'NONE', #5131, .T. ) ;
#1304 = DIRECTION ( 'NONE',  ( 0.000000000000000000, 1.000000000000000000, -0.000000000000000000 ) ) ;
#1305 = LINE ( 'NONE', #7778, #2250 ) ;
#1306 = CARTESIAN_POINT ( 'NONE',  ( 0.6268036304380679713, 0.6738705348443274623, 0.7600000000000000089 ) ) ;
#1307 = B_SPLINE_CURVE_WITH_KNOTS ( 'NONE', 3,
 ( #9514, #3073, #2396, #5455 ),
 .UNSPECIFIED., .F., .F.,
 ( 4, 4 ),
 ( 28.00000000000000000, 29.00000000000000000 ),
 .UNSPECIFIED. ) ;
#1308 = ADVANCED_FACE ( 'NONE', ( #419 ), #265, .F. ) ;
#1309 = CARTESIAN_POINT ( 'NONE',  ( 0.7394732719229082374, 0.8396587065408116501, 0.7500000000000000000 ) ) ;
#1310 = CARTESIAN_POINT ( 'NONE',  ( 0.6309593872752314869, 0.6615801050491079138, 0.7500000000000000000 ) ) ;
#1311 = VECTOR ( 'NONE', #2078, 1000.000000000000000 ) ;
#1312 = CARTESIAN_POINT ( 'NONE',  ( -0.7999999999999964917, -1.001000000000003221, 0.1800000000000000211 ) ) ;
#1313 = EDGE_LOOP ( 'NONE', ( #9129, #1185, #2192, #8043 ) ) ;
#1314 = DIRECTION ( 'NONE',  ( 0.000000000000000000, 0.000000000000000000, 1.000000000000000000 ) ) ;
#1315 = CARTESIAN_POINT ( 'NONE',  ( 0.5745693038089718652, 0.7938569609732751831, 0.7600000000000000089 ) ) ;
#1316 = SURFACE_STYLE_FILL_AREA ( #2919 ) ;
#1317 = EDGE_CURVE ( 'NONE', #8194, #8689, #8706, .T. ) ;
#1318 = CARTESIAN_POINT ( 'NONE',  ( 0.1914777685923488570, 0.7199295635950248018, 0.7600000000000000089 ) ) ;
#1319 = CARTESIAN_POINT ( 'NONE',  ( 0.2904652471765117316, 0.6959511923247825305, 0.7600000000000000089 ) ) ;
#1320 = ORIENTED_EDGE ( 'NONE', *, *, #5755, .T. ) ;
#1321 = LINE ( 'NONE', #1275, #605 ) ;
#1322 = EDGE_CURVE ( 'NONE', #2794, #9111, #6696, .T. ) ;
#1323 = B_SPLINE_CURVE_WITH_KNOTS ( 'NONE', 3,
 ( #3174, #1561, #6318, #3848 ),
 .UNSPECIFIED., .F., .F.,
 ( 4, 4 ),
 ( 1.000000000000000000, 2.000000000000000000 ),
 .UNSPECIFIED. ) ;
#1324 = DIRECTION ( 'NONE',  ( -0.000000000000000000, 1.000000000000000000, -0.000000000000000000 ) ) ;
#1325 = ORIENTED_EDGE ( 'NONE', *, *, #3063, .F. ) ;
#1326 = DIRECTION ( 'NONE',  ( 0.8863488427958606808, 0.4630180653866959872, 0.000000000000000000 ) ) ;
#1327 = VERTEX_POINT ( 'NONE', #5962 ) ;
#1328 = ADVANCED_FACE ( 'NONE', ( #1935 ), #7951, .F. ) ;
#1329 = CARTESIAN_POINT ( 'NONE',  ( 0.6483118825793947604, 0.8342650646879571363, 0.7500000000000000000 ) ) ;
#1330 = EDGE_LOOP ( 'NONE', ( #4914, #3979, #4200, #2251 ) ) ;
#1331 = EDGE_CURVE ( 'NONE', #7673, #945, #8216, .T. ) ;
#1332 = EDGE_CURVE ( 'NONE', #9913, #7997, #2034, .T. ) ;
#1333 = B_SPLINE_SURFACE_WITH_KNOTS ( 'NONE', 3, 1, ( 
 ( #2473, #74 ),
 ( #20, #7173 ),
 ( #5519, #130 ),
 ( #3199, #8802 ) ),
 .UNSPECIFIED., .F., .F., .F.,
 ( 4, 4 ),
 ( 2, 2 ),
 ( 1.000000000000000000, 2.000000000000000000 ),
 ( 0.000000000000000000, 1.000000000000000000 ),
 .UNSPECIFIED. ) ;
#1334 = ORIENTED_EDGE ( 'NONE', *, *, #168, .F. ) ;
#1335 = LINE ( 'NONE', #3916, #8107 ) ;
#1336 = FACE_OUTER_BOUND ( 'NONE', #8906, .T. ) ;
#1337 = VERTEX_POINT ( 'NONE', #1260 ) ;
#1338 = VERTEX_POINT ( 'NONE', #207 ) ;
#1339 = DIRECTION ( 'NONE',  ( -0.000000000000000000, -0.000000000000000000, -1.000000000000000000 ) ) ;
#1340 = ORIENTED_EDGE ( 'NONE', *, *, #3520, .T. ) ;
#1341 = VECTOR ( 'NONE', #9009, 1000.000000000000000 ) ;
#1342 = CARTESIAN_POINT ( 'NONE',  ( 0.1422914216141863974, 0.8736368260734705959, 0.7600000000000000089 ) ) ;
#1343 = CARTESIAN_POINT ( 'NONE',  ( 0.6107332303283555808, 0.7102113020799839527, 0.7500000000000000000 ) ) ;
#1344 = FACE_OUTER_BOUND ( 'NONE', #8908, .T. ) ;
#1345 = DIRECTION ( 'NONE',  ( -0.000000000000000000, -0.000000000000000000, -1.000000000000000000 ) ) ;
#1346 = EDGE_CURVE ( 'NONE', #5081, #8344, #8990, .T. ) ;
#1347 = AXIS2_PLACEMENT_3D ( 'NONE', #7534, #441, #3808 ) ;
#1348 = ORIENTED_EDGE ( 'NONE', *, *, #1074, .F. ) ;
#1349 = CARTESIAN_POINT ( 'NONE',  ( 0.6556728774028761642, 0.7198933313072078954, 0.7600000000000000089 ) ) ;
#1350 = CARTESIAN_POINT ( 'NONE',  ( 0.3660892329340721951, 0.7432930446946898195, 0.7500000000000000000 ) ) ;
#1351 = VERTEX_POINT ( 'NONE', #8325 ) ;
#1352 = CARTESIAN_POINT ( 'NONE',  ( 0.1453655792945113823, 0.7408337537313613996, 0.7500000000000000000 ) ) ;
#1353 = FACE_OUTER_BOUND ( 'NONE', #8542, .T. ) ;
#1354 = CARTESIAN_POINT ( 'NONE',  ( -0.9999999999999965583, -1.000000000000003109, 0.000000000000000000 ) ) ;
#1355 = CARTESIAN_POINT ( 'NONE',  ( 0.6140268886727978659, 0.6655148109909306831, 0.7600000000000000089 ) ) ;
#1356 = CARTESIAN_POINT ( 'NONE',  ( 0.5707009131360528675, 0.6891230466406785826, 0.7500000000000000000 ) ) ;
#1357 = DIRECTION ( 'NONE',  ( 0.000000000000000000, -1.000000000000000000, 0.000000000000000000 ) ) ;
#1358 = DIRECTION ( 'NONE',  ( 3.491481338843133355E-15, -1.000000000000000000, -0.000000000000000000 ) ) ;
#1359 = ORIENTED_EDGE ( 'NONE', *, *, #1563, .T. ) ;
#1360 = CARTESIAN_POINT ( 'NONE',  ( 0.7885244656555233655, 0.6679905810217222628, 0.7600000000000000089 ) ) ;
#1361 = EDGE_CURVE ( 'NONE', #7138, #5787, #1881, .T. ) ;
#1362 = PLANE ( 'NONE',  #133 ) ;
#1363 = DIRECTION ( 'NONE',  ( -0.000000000000000000, -0.000000000000000000, -1.000000000000000000 ) ) ;
#1364 = CARTESIAN_POINT ( 'NONE',  ( 0.5665893664779527716, 0.8038042512749101753, 0.7600000000000000089 ) ) ;
#1365 =( NAMED_UNIT ( * ) SI_UNIT ( $, .STERADIAN. ) SOLID_ANGLE_UNIT ( ) );
#1366 = DIRECTION ( 'NONE',  ( -0.000000000000000000, 1.000000000000000000, -0.000000000000000000 ) ) ;
#1367 = ORIENTED_EDGE ( 'NONE', *, *, #7684, .F. ) ;
#1368 = VECTOR ( 'NONE', #4941, 1000.000000000000000 ) ;
#1369 = CARTESIAN_POINT ( 'NONE',  ( 0.3660892329340721951, 0.7432930446946898195, 0.7500000000000000000 ) ) ;
#1370 = ADVANCED_FACE ( 'NONE', ( #4274 ), #2825, .T. ) ;
#1371 = CARTESIAN_POINT ( 'NONE',  ( 0.3433405716436495614, 0.8244504908228398321, 0.7600000000000000089 ) ) ;
#1372 = VERTEX_POINT ( 'NONE', #9039 ) ;
#1373 = FACE_OUTER_BOUND ( 'NONE', #202, .T. ) ;
#1374 = ORIENTED_EDGE ( 'NONE', *, *, #9740, .T. ) ;
#1375 = EDGE_CURVE ( 'NONE', #961, #139, #8274, .T. ) ;
#1376 = CARTESIAN_POINT ( 'NONE',  ( 0.4999999999999972800, 0.7510000000000021103, 0.1800000000000000211 ) ) ;
#1377 = ADVANCED_FACE ( 'NONE', ( #1832 ), #4328, .T. ) ;
#1378 = EDGE_LOOP ( 'NONE', ( #823, #3373, #6494, #3315, #6214, #7548 ) ) ;
#1379 = CARTESIAN_POINT ( 'NONE',  ( 0.000000000000000000, 0.000000000000000000, 0.7600000000000000089 ) ) ;
#1380 = CARTESIAN_POINT ( 'NONE',  ( 0.7830645085340638412, 0.8707384624614092905, 0.7600000000000000089 ) ) ;
#1381 = VERTEX_POINT ( 'NONE', #9483 ) ;
#1382 = STYLED_ITEM ( 'NONE', ( #5831 ), #6963 ) ;
#1383 = EDGE_CURVE ( 'NONE', #2726, #7146, #1541, .T. ) ;
#1384 = CARTESIAN_POINT ( 'NONE',  ( 0.08695678859331436306, 0.6590614643403862605, 0.7600000000000000089 ) ) ;
#1385 = DIRECTION ( 'NONE',  ( 3.355956067282445301E-15, -1.000000000000000000, 0.000000000000000000 ) ) ;
#1386 = CARTESIAN_POINT ( 'NONE',  ( 0.05068188628163305953, 0.7906349205184703965, 0.7500000000000000000 ) ) ;
#1387 = FACE_OUTER_BOUND ( 'NONE', #9002, .T. ) ;
#1388 = CARTESIAN_POINT ( 'NONE',  ( 0.8220799916069071456, 0.7953158968843083709, 0.7500000000000000000 ) ) ;
#1389 = ORIENTED_EDGE ( 'NONE', *, *, #6071, .T. ) ;
#1390 = STYLED_ITEM ( 'NONE', ( #9939 ), #7245 ) ;
#1391 = ORIENTED_EDGE ( 'NONE', *, *, #5924, .F. ) ;
#1392 = CARTESIAN_POINT ( 'NONE',  ( 0.2738648777922717548, 0.7629676069394741855, 0.7600000000000000089 ) ) ;
#1393 = ORIENTED_EDGE ( 'NONE', *, *, #1080, .T. ) ;
#1394 = ORIENTED_EDGE ( 'NONE', *, *, #1508, .F. ) ;
#1395 = DIRECTION ( 'NONE',  ( -0.000000000000000000, -0.000000000000000000, -1.000000000000000000 ) ) ;
#1396 = DIRECTION ( 'NONE',  ( 1.000000000000000000, 3.491481338843133355E-15, -0.000000000000000000 ) ) ;
#1397 = EDGE_CURVE ( 'NONE', #7490, #4958, #4245, .T. ) ;
#1398 = FILL_AREA_STYLE_COLOUR ( '', #88 ) ;
#1399 = CARTESIAN_POINT ( 'NONE',  ( 0.7037735522843359126, 0.8051747668278049774, 0.7500000000000000000 ) ) ;
#1400 = PLANE ( 'NONE',  #2193 ) ;
#1401 = CARTESIAN_POINT ( 'NONE',  ( 0.08695678859331436306, 0.6590614643403862605, 0.7500000000000000000 ) ) ;
#1402 = ORIENTED_EDGE ( 'NONE', *, *, #627, .F. ) ;
#1403 = EDGE_CURVE ( 'NONE', #9668, #8756, #2757, .T. ) ;
#1404 =( GEOMETRIC_REPRESENTATION_CONTEXT ( 3 ) GLOBAL_UNCERTAINTY_ASSIGNED_CONTEXT ( ( #9474 ) ) GLOBAL_UNIT_ASSIGNED_CONTEXT ( ( #2452, #8782, #8891 ) ) REPRESENTATION_CONTEXT ( 'NONE', 'WORKASPACE' ) );
#1405 = AXIS2_PLACEMENT_3D ( 'NONE', #10099, #10152, #6141 ) ;
#1406 = PLANE ( 'NONE',  #284 ) ;
#1407 = ORIENTED_EDGE ( 'NONE', *, *, #7318, .T. ) ;
#1408 = CARTESIAN_POINT ( 'NONE',  ( 0.2265230254223644657, 0.9049931171414477005, 0.7500000000000000000 ) ) ;
#1409 = ORIENTED_EDGE ( 'NONE', *, *, #3198, .F. ) ;
#1410 = VECTOR ( 'NONE', #354, 1000.000000000000000 ) ;
#1411 = CARTESIAN_POINT ( 'NONE',  ( 0.6802316319037785552, 0.8718437169393019603, 0.7500000000000000000 ) ) ;
#1412 = DIRECTION ( 'NONE',  ( -1.000000000000000000, -0.000000000000000000, -0.000000000000000000 ) ) ;
#1413 = AXIS2_PLACEMENT_3D ( 'NONE', #1312, #1358, #3935 ) ;
#1414 = SURFACE_STYLE_FILL_AREA ( #2389 ) ;
#1415 = DIRECTION ( 'NONE',  ( 3.491481338843133355E-15, -1.000000000000000000, 0.000000000000000000 ) ) ;
#1416 = B_SPLINE_SURFACE_WITH_KNOTS ( 'NONE', 3, 1, ( 
 ( #10032, #5351 ),
 ( #3962, #4685 ),
 ( #7110, #9301 ),
 ( #1364, #3180 ) ),
 .UNSPECIFIED., .F., .F., .F.,
 ( 4, 4 ),
 ( 2, 2 ),
 ( 12.00000000000000000, 13.00000000000000000 ),
 ( 0.000000000000000000, 1.000000000000000000 ),
 .UNSPECIFIED. ) ;
#1417 = ADVANCED_FACE ( 'NONE', ( #3204 ), #10211, .F. ) ;
#1418 = DIRECTION ( 'NONE',  ( -0.000000000000000000, -0.000000000000000000, -1.000000000000000000 ) ) ;
#1419 = STYLED_ITEM ( 'NONE', ( #1178 ), #3422 ) ;
#1420 = PRESENTATION_LAYER_ASSIGNMENT (  '', '', ( #1749 ) ) ;
#1421 = ORIENTED_EDGE ( 'NONE', *, *, #6481, .F. ) ;
#1422 = DIRECTION ( 'NONE',  ( 0.7071067811865452413, 0.7071067811865497932, 0.000000000000000000 ) ) ;
#1423 = EDGE_LOOP ( 'NONE', ( #9275, #679, #3541, #6012 ) ) ;
#1424 = FACE_OUTER_BOUND ( 'NONE', #9308, .T. ) ;
#1425 = ORIENTED_EDGE ( 'NONE', *, *, #9463, .F. ) ;
#1426 = DIRECTION ( 'NONE',  ( -1.000000000000000000, 0.000000000000000000, -0.000000000000000000 ) ) ;
#1427 = ADVANCED_FACE ( 'NONE', ( #7932 ), #4477, .F. ) ;
#1428 = CARTESIAN_POINT ( 'NONE',  ( 0.8020306753763067897, 0.7446068214348521286, 0.7500000000000000000 ) ) ;
#1429 = DIRECTION ( 'NONE',  ( -0.9910683662997703536, -0.1333547648938887553, 0.000000000000000000 ) ) ;
#1430 = VERTEX_POINT ( 'NONE', #2364 ) ;
#1431 = VECTOR ( 'NONE', #548, 1000.000000000000000 ) ;
#1432 = EDGE_CURVE ( 'NONE', #4561, #9041, #10023, .T. ) ;
#1433 = VERTEX_POINT ( 'NONE', #701 ) ;
#1434 = SURFACE_STYLE_USAGE ( .BOTH. , #5277 ) ;
#1435 = VERTEX_POINT ( 'NONE', #8760 ) ;
#1436 = CARTESIAN_POINT ( 'NONE',  ( 0.4999999999999964473, 1.000000000000002220, 0.000000000000000000 ) ) ;
#1437 = CARTESIAN_POINT ( 'NONE',  ( 0.5660588443285435867, 0.6705989815897152040, 0.7600000000000000089 ) ) ;
#1438 = EDGE_CURVE ( 'NONE', #9995, #3863, #817, .T. ) ;
#1439 = CARTESIAN_POINT ( 'NONE',  ( 0.5745693038089718652, 0.7938569609732751831, 0.7500000000000000000 ) ) ;
#1440 = CARTESIAN_POINT ( 'NONE',  ( 0.8434114030316806065, 0.6783357629355640794, 0.7600000000000000089 ) ) ;
#1441 = VECTOR ( 'NONE', #1739, 1000.000000000000000 ) ;
#1442 = LINE ( 'NONE', #4611, #3266 ) ;
#1443 = VERTEX_POINT ( 'NONE', #5249 ) ;
#1444 = DIRECTION ( 'NONE',  ( -0.000000000000000000, 1.000000000000000000, -0.000000000000000000 ) ) ;
#1445 = EDGE_CURVE ( 'NONE', #5503, #2966, #8815, .T. ) ;
#1446 = CARTESIAN_POINT ( 'NONE',  ( 0.5241696996132929609, 0.8369176754350188263, 0.7600000000000000089 ) ) ;
#1447 = VERTEX_POINT ( 'NONE', #7671 ) ;
#1448 = VECTOR ( 'NONE', #4067, 1000.000000000000000 ) ;
#1449 = CARTESIAN_POINT ( 'NONE',  ( 0.3814599626998216864, 0.6854991148470219731, 0.7600000000000000089 ) ) ;
#1450 = LINE ( 'NONE', #608, #2638 ) ;
#1451 = EDGE_LOOP ( 'NONE', ( #6725, #7429, #5832, #6483 ) ) ;
#1452 = CARTESIAN_POINT ( 'NONE',  ( 0.1499999999999964695, 1.001000000000000778, 0.1800000000000000211 ) ) ;
#1453 = DIRECTION ( 'NONE',  ( -1.000000000000000000, -2.549070185074372794E-13, 0.000000000000000000 ) ) ;
#1454 = EDGE_CURVE ( 'NONE', #1624, #10267, #7960, .T. ) ;
#1455 = CARTESIAN_POINT ( 'NONE',  ( 0.2068484866314539150, 0.6449203976461206356, 0.7500000000000000000 ) ) ;
#1456 = ORIENTED_EDGE ( 'NONE', *, *, #2133, .F. ) ;
#1457 = AXIS2_PLACEMENT_3D ( 'NONE', #5127, #9795, #5073 ) ;
#1458 = CARTESIAN_POINT ( 'NONE',  ( 0.5460316331877688167, 0.6683442624542664801, 0.7600000000000000089 ) ) ;
#1459 = ADVANCED_FACE ( 'NONE', ( #9194 ), #9972, .T. ) ;
#1460 = EDGE_CURVE ( 'NONE', #6930, #4139, #870, .T. ) ;
#1461 = EDGE_LOOP ( 'NONE', ( #7464, #142, #9137, #7888 ) ) ;
#1462 = FACE_BOUND ( 'NONE', #7802, .T. ) ;
#1463 = ORIENTED_EDGE ( 'NONE', *, *, #7579, .F. ) ;
#1464 =( GEOMETRIC_REPRESENTATION_CONTEXT ( 3 ) GLOBAL_UNCERTAINTY_ASSIGNED_CONTEXT ( ( #5608 ) ) GLOBAL_UNIT_ASSIGNED_CONTEXT ( ( #6801, #1161, #9151 ) ) REPRESENTATION_CONTEXT ( 'NONE', 'WORKASPACE' ) );
#1465 = FACE_OUTER_BOUND ( 'NONE', #226, .T. ) ;
#1466 = DIRECTION ( 'NONE',  ( -0.3409177962187311950, -0.9400931103999027316, -0.000000000000000000 ) ) ;
#1467 = LINE ( 'NONE', #9406, #737 ) ;
#1468 = DIRECTION ( 'NONE',  ( -1.000000000000000000, 0.000000000000000000, -0.000000000000000000 ) ) ;
#1469 = SURFACE_STYLE_FILL_AREA ( #10185 ) ;
#1470 = ORIENTED_EDGE ( 'NONE', *, *, #6124, .T. ) ;
#1471 = EDGE_LOOP ( 'NONE', ( #2105, #8998, #5776, #2350 ) ) ;
#1472 = MECHANICAL_DESIGN_GEOMETRIC_PRESENTATION_REPRESENTATION (  '', ( #9100 ), #8380 ) ;
#1473 = CARTESIAN_POINT ( 'NONE',  ( 0.1453655675675734060, 0.6172530840677115105, 0.7600000000000000089 ) ) ;
#1474 = ORIENTED_EDGE ( 'NONE', *, *, #1118, .F. ) ;
#1475 = CARTESIAN_POINT ( 'NONE',  ( 0.6076606228795498055, 0.6655148109909301279, 0.7600000000000000089 ) ) ;
#1476 = ORIENTED_EDGE ( 'NONE', *, *, #8331, .F. ) ;
#1477 = DIRECTION ( 'NONE',  ( -3.252606517456508174E-15, 1.000000000000000000, 0.000000000000000000 ) ) ;
#1478 = ORIENTED_EDGE ( 'NONE', *, *, #5701, .F. ) ;
#1479 = CARTESIAN_POINT ( 'NONE',  ( 0.000000000000000000, 0.000000000000000000, 0.7600000000000000089 ) ) ;
#1480 = CARTESIAN_POINT ( 'NONE',  ( 0.5889155069332399073, 0.7988969213929889568, 0.7600000000000000089 ) ) ;
#1481 = ORIENTED_EDGE ( 'NONE', *, *, #100, .F. ) ;
#1482 = CARTESIAN_POINT ( 'NONE',  ( 0.5685346143593300594, 0.8731700223125384852, 0.7600000000000000089 ) ) ;
#1483 = VERTEX_POINT ( 'NONE', #7987 ) ;
#1484 = EDGE_CURVE ( 'NONE', #9318, #8958, #7180, .T. ) ;
#1485 = CARTESIAN_POINT ( 'NONE',  ( 0.6747495696927860998, 0.6733842228739844726, 0.7600000000000000089 ) ) ;
#1486 = VERTEX_POINT ( 'NONE', #532 ) ;
#1487 = CARTESIAN_POINT ( 'NONE',  ( 0.6379224904864937429, 0.6749315791431509393, 0.7600000000000000089 ) ) ;
#1488 = VERTEX_POINT ( 'NONE', #3714 ) ;
#1489 = DIRECTION ( 'NONE',  ( 1.000000000000000000, -0.000000000000000000, -0.000000000000000000 ) ) ;
#1490 = CARTESIAN_POINT ( 'NONE',  ( 0.1499999999999964695, 1.001000000000000778, -0.02000000000000000042 ) ) ;
#1491 = CARTESIAN_POINT ( 'NONE',  ( 0.1121648053452185684, 0.8183022340968790775, 0.7500000000000000000 ) ) ;
#1492 = CARTESIAN_POINT ( 'NONE',  ( 0.6203268391971467066, 0.6931461729400500982, 0.7600000000000000089 ) ) ;
#1493 = EDGE_CURVE ( 'NONE', #8023, #10250, #3253, .T. ) ;
#1494 = CARTESIAN_POINT ( 'NONE',  ( 0.4042086474444112065, 0.7439078879575150571, 0.7500000000000000000 ) ) ;
#1495 = ORIENTED_EDGE ( 'NONE', *, *, #9852, .T. ) ;
#1496 = CARTESIAN_POINT ( 'NONE',  ( 0.2265230254223644657, 0.9049931171414477005, 0.7500000000000000000 ) ) ;
#1497 = EDGE_CURVE ( 'NONE', #334, #9157, #896, .T. ) ;
#1498 = CARTESIAN_POINT ( 'NONE',  ( 0.6747495696927860998, 0.6733842228739844726, 0.7500000000000000000 ) ) ;
#1499 = ORIENTED_EDGE ( 'NONE', *, *, #8220, .F. ) ;
#1500 = VECTOR ( 'NONE', #711, 1000.000000000000000 ) ;
#1501 = ORIENTED_EDGE ( 'NONE', *, *, #3827, .F. ) ;
#1502 = DIRECTION ( 'NONE',  ( -1.000000000000000000, -0.000000000000000000, -0.000000000000000000 ) ) ;
#1503 = CARTESIAN_POINT ( 'NONE',  ( 0.5523978989807216688, 0.6948261597470143380, 0.7600000000000000089 ) ) ;
#1504 = ORIENTED_EDGE ( 'NONE', *, *, #5415, .T. ) ;
#1505 = SURFACE_STYLE_FILL_AREA ( #5290 ) ;
#1506 = LINE ( 'NONE', #9240, #4399 ) ;
#1507 = CARTESIAN_POINT ( 'NONE',  ( 0.1121648053452185684, 0.8183022340968790775, 0.7500000000000000000 ) ) ;
#1508 = EDGE_CURVE ( 'NONE', #1769, #3192, #1529, .T. ) ;
#1509 = ORIENTED_EDGE ( 'NONE', *, *, #1445, .F. ) ;
#1510 = DIRECTION ( 'NONE',  ( -0.8631877589411949270, -0.5048830486499598091, 0.000000000000000000 ) ) ;
#1511 = ADVANCED_FACE ( 'NONE', ( #9262 ), #572, .T. ) ;
#1512 = LINE ( 'NONE', #4729, #3462 ) ;
#1513 = ORIENTED_EDGE ( 'NONE', *, *, #3265, .F. ) ;
#1514 = VECTOR ( 'NONE', #3599, 1000.000000000000000 ) ;
#1515 = CARTESIAN_POINT ( 'NONE',  ( 0.1447507360313918801, 0.7020994842309644657, 0.7600000000000000089 ) ) ;
#1516 = DIRECTION ( 'NONE',  ( -1.000000000000000000, -5.484558853623112879E-14, 0.000000000000000000 ) ) ;
#1517 = CARTESIAN_POINT ( 'NONE',  ( 0.6129658443739728346, 0.6566727751671871394, 0.7600000000000000089 ) ) ;
#1518 = FACE_OUTER_BOUND ( 'NONE', #8537, .T. ) ;
#1519 = ADVANCED_FACE ( 'NONE', ( #2354 ), #6182, .T. ) ;
#1520 = PLANE ( 'NONE',  #9860 ) ;
#1521 = VERTEX_POINT ( 'NONE', #8601 ) ;
#1522 = CARTESIAN_POINT ( 'NONE',  ( 0.5449926939784760505, 0.8790057659566666848, 0.7600000000000000089 ) ) ;
#1523 = ORIENTED_EDGE ( 'NONE', *, *, #6438, .T. ) ;
#1524 = ORIENTED_EDGE ( 'NONE', *, *, #8556, .T. ) ;
#1525 = LINE ( 'NONE', #6395, #4988 ) ;
#1526 = VERTEX_POINT ( 'NONE', #4697 ) ;
#1527 = VECTOR ( 'NONE', #1105, 1000.000000000000000 ) ;
#1528 = EDGE_CURVE ( 'NONE', #9008, #2288, #2307, .T. ) ;
#1529 = LINE ( 'NONE', #7806, #5711 ) ;
#1530 =( LENGTH_UNIT ( ) NAMED_UNIT ( * ) SI_UNIT ( .MILLI., .METRE. ) );
#1531 = PRODUCT_RELATED_PRODUCT_CATEGORY ( 'part', '', ( #6528 ) ) ;
#1532 = CARTESIAN_POINT ( 'NONE',  ( 0.6113963830152694401, 0.6970366687028025643, 0.7600000000000000089 ) ) ;
#1533 = B_SPLINE_CURVE_WITH_KNOTS ( 'NONE', 3,
 ( #1503, #6307, #8716, #3947 ),
 .UNSPECIFIED., .F., .F.,
 ( 4, 4 ),
 ( 9.000000000000000000, 10.00000000000000000 ),
 .UNSPECIFIED. ) ;
#1534 = ORIENTED_EDGE ( 'NONE', *, *, #827, .T. ) ;
#1535 = SURFACE_SIDE_STYLE ('',( #6087 ) ) ;
#1536 = ORIENTED_EDGE ( 'NONE', *, *, #3905, .F. ) ;
#1537 = CARTESIAN_POINT ( 'NONE',  ( 0.7256796960381769468, 0.6679905810217212636, 0.7500000000000000000 ) ) ;
#1538 = CARTESIAN_POINT ( 'NONE',  ( -0.9999999999999965583, -1.000000000000003109, 0.7500000000000000000 ) ) ;
#1539 = LINE ( 'NONE', #2268, #6146 ) ;
#1540 = PLANE ( 'NONE',  #252 ) ;
#1541 = LINE ( 'NONE', #7879, #570 ) ;
#1542 = DIRECTION ( 'NONE',  ( -0.000000000000000000, -0.000000000000000000, -1.000000000000000000 ) ) ;
#1543 = DIRECTION ( 'NONE',  ( -0.000000000000000000, -0.000000000000000000, -1.000000000000000000 ) ) ;
#1544 = ADVANCED_FACE ( 'NONE', ( #3083 ), #2932, .T. ) ;
#1545 = VERTEX_POINT ( 'NONE', #10093 ) ;
#1546 = CARTESIAN_POINT ( 'NONE',  ( 0.4999999999999964473, 1.001000000000002110, -0.02000000000000000042 ) ) ;
#1547 = AXIS2_PLACEMENT_3D ( 'NONE', #8096, #6465, #6413 ) ;
#1548 = DIRECTION ( 'NONE',  ( 0.000000000000000000, -1.000000000000000000, 0.000000000000000000 ) ) ;
#1549 = ORIENTED_EDGE ( 'NONE', *, *, #2320, .T. ) ;
#1550 = CARTESIAN_POINT ( 'NONE',  ( 0.6630338722260507023, 0.6470349561190323895, 0.7500000000000000000 ) ) ;
#1551 = CARTESIAN_POINT ( 'NONE',  ( 0.09494956924428082923, 0.6344682967144802399, 0.7600000000000000089 ) ) ;
#1552 = CARTESIAN_POINT ( 'NONE',  ( 0.2892356075583163433, 0.6578318012680252069, 0.7600000000000000089 ) ) ;
#1553 = LINE ( 'NONE', #4720, #2337 ) ;
#1554 = DIRECTION ( 'NONE',  ( 0.9345104387438681881, -0.3559357243643058166, 0.000000000000000000 ) ) ;
#1555 = FACE_OUTER_BOUND ( 'NONE', #6788, .T. ) ;
#1556 = CARTESIAN_POINT ( 'NONE',  ( 0.000000000000000000, 0.000000000000000000, 0.000000000000000000 ) ) ;
#1557 = STYLED_ITEM ( 'NONE', ( #9889 ), #7232 ) ;
#1558 = ADVANCED_FACE ( 'NONE', ( #6134 ), #9314, .F. ) ;
#1559 = ORIENTED_EDGE ( 'NONE', *, *, #223, .F. ) ;
#1560 = CARTESIAN_POINT ( 'NONE',  ( 0.6203268391971467066, 0.7213080570391718904, 0.7600000000000000089 ) ) ;
#1561 = CARTESIAN_POINT ( 'NONE',  ( 0.5815324070202413376, 0.7135270655142534890, 0.7600000000000000089 ) ) ;
#1562 = VERTEX_POINT ( 'NONE', #4596 ) ;
#1563 = EDGE_CURVE ( 'NONE', #7783, #3778, #486, .T. ) ;
#1564 = CARTESIAN_POINT ( 'NONE',  ( 0.8260368026382639561, 0.7408047460302370490, 0.7500000000000000000 ) ) ;
#1565 = VECTOR ( 'NONE', #4425, 1000.000000000000000 ) ;
#1566 = DIRECTION ( 'NONE',  ( 1.000000000000000000, 0.000000000000000000, -0.000000000000000000 ) ) ;
#1567 = CARTESIAN_POINT ( 'NONE',  ( 0.8328672753114374494, 0.7210870061432395062, 0.7500000000000000000 ) ) ;
#1568 = DIRECTION ( 'NONE',  ( 3.491481338843133355E-15, -1.000000000000000000, 0.000000000000000000 ) ) ;
#1569 = DIRECTION ( 'NONE',  ( -3.491481338843133355E-15, 1.000000000000000000, 0.000000000000000000 ) ) ;
#1570 = PLANE ( 'NONE',  #3240 ) ;
#1571 =( GEOMETRIC_REPRESENTATION_CONTEXT ( 3 ) GLOBAL_UNCERTAINTY_ASSIGNED_CONTEXT ( ( #4181 ) ) GLOBAL_UNIT_ASSIGNED_CONTEXT ( ( #3676, #591, #2063 ) ) REPRESENTATION_CONTEXT ( 'NONE', 'WORKASPACE' ) );
#1572 = ADVANCED_FACE ( 'NONE', ( #3607 ), #3741, .F. ) ;
#1573 = ORIENTED_EDGE ( 'NONE', *, *, #2367, .T. ) ;
#1574 = UNCERTAINTY_MEASURE_WITH_UNIT (LENGTH_MEASURE( 1.000000000000000082E-05 ), #6325, 'distance_accuracy_value', 'NONE');
#1575 = FACE_OUTER_BOUND ( 'NONE', #6507, .T. ) ;
#1576 = CARTESIAN_POINT ( 'NONE',  ( 0.5428927104703610285, 0.6789104952640417912, 0.7600000000000000089 ) ) ;
#1577 = VECTOR ( 'NONE', #327, 1000.000000000000000 ) ;
#1578 = ORIENTED_EDGE ( 'NONE', *, *, #3919, .T. ) ;
#1579 = LINE ( 'NONE', #6442, #4220 ) ;
#1580 = VERTEX_POINT ( 'NONE', #7422 ) ;
#1581 = DIRECTION ( 'NONE',  ( 0.000000000000000000, 0.000000000000000000, 1.000000000000000000 ) ) ;
#1582 = ORIENTED_EDGE ( 'NONE', *, *, #2717, .T. ) ;
#1583 = CARTESIAN_POINT ( 'NONE',  ( 0.6303404447676793643, 0.7110070853043972683, 0.7500000000000000000 ) ) ;
#1584 = LINE ( 'NONE', #8080, #9876 ) ;
#1585 = AXIS2_PLACEMENT_3D ( 'NONE', #2115, #3044, #6246 ) ;
#1586 = MECHANICAL_DESIGN_GEOMETRIC_PRESENTATION_REPRESENTATION (  '', ( #3418 ), #8395 ) ;
#1587 = CARTESIAN_POINT ( 'NONE',  ( 0.5443737514706356029, 0.8129115481736538529, 0.7500000000000000000 ) ) ;
#1588 = ORIENTED_EDGE ( 'NONE', *, *, #1563, .F. ) ;
#1589 = ADVANCED_FACE ( 'NONE', ( #9930 ), #4401, .F. ) ;
#1590 = EDGE_CURVE ( 'NONE', #6401, #2694, #7541, .T. ) ;
#1591 = CARTESIAN_POINT ( 'NONE',  ( 0.6062237920583464224, 0.7953158968843062615, 0.7600000000000000089 ) ) ;
#1592 = AXIS2_PLACEMENT_3D ( 'NONE', #443, #3624, #291 ) ;
#1593 = ORIENTED_EDGE ( 'NONE', *, *, #7443, .F. ) ;
#1594 = CARTESIAN_POINT ( 'NONE',  ( 0.03777045334268263471, 0.6885732608001106092, 0.7600000000000000089 ) ) ;
#1595 = CARTESIAN_POINT ( 'NONE',  ( -0.5000000000000026645, 0.7509999999999986686, -0.02000000000000000042 ) ) ;
#1596 = AXIS2_PLACEMENT_3D ( 'NONE', #8562, #10159, #6249 ) ;
#1597 = VERTEX_POINT ( 'NONE', #8280 ) ;
#1598 = CARTESIAN_POINT ( 'NONE',  ( 0.6082353552080327352, 0.6998219099870702786, 0.7500000000000000000 ) ) ;
#1599 = CARTESIAN_POINT ( 'NONE',  ( 0.2068484866314539150, 0.6449203976461206356, 0.7600000000000000089 ) ) ;
#1600 = ORIENTED_EDGE ( 'NONE', *, *, #4243, .F. ) ;
#1601 = CARTESIAN_POINT ( 'NONE',  ( 0.6074395719839118524, 0.7017229476893762641, 0.7500000000000000000 ) ) ;
#1602 = CARTESIAN_POINT ( 'NONE',  ( 0.6062237920583464224, 0.8817910072409375077, 0.7500000000000000000 ) ) ;
#1603 = EDGE_CURVE ( 'NONE', #8068, #3349, #6759, .T. ) ;
#1604 = VECTOR ( 'NONE', #9792, 1000.000000000000000 ) ;
#1605 = PRESENTATION_STYLE_ASSIGNMENT (( #9653 ) ) ;
#1606 = DIRECTION ( 'NONE',  ( 0.000000000000000000, -0.000000000000000000, -1.000000000000000000 ) ) ;
#1607 = CARTESIAN_POINT ( 'NONE',  ( 0.6268036304380679713, 0.6683000522752003958, 0.7500000000000000000 ) ) ;
#1608 = CARTESIAN_POINT ( 'NONE',  ( 0.6457919023698426297, 0.6299256168000324507, 0.7500000000000000000 ) ) ;
#1609 = FACE_OUTER_BOUND ( 'NONE', #1802, .T. ) ;
#1610 = MECHANICAL_DESIGN_GEOMETRIC_PRESENTATION_REPRESENTATION (  '', ( #10067 ), #6579 ) ;
#1611 = VERTEX_POINT ( 'NONE', #518 ) ;
#1612 = DIRECTION ( 'NONE',  ( -0.000000000000000000, 0.000000000000000000, -1.000000000000000000 ) ) ;
#1613 = ADVANCED_FACE ( 'NONE', ( #1162 ), #2154, .F. ) ;
#1614 = CARTESIAN_POINT ( 'NONE',  ( 0.08695678859331436306, 0.6590614643403862605, 0.7500000000000000000 ) ) ;
#1615 = CARTESIAN_POINT ( 'NONE',  ( 0.8000000000000034861, -1.000999999999997447, 0.1800000000000000211 ) ) ;
#1616 = DIRECTION ( 'NONE',  ( 3.491481338843133355E-15, -1.000000000000000000, 0.000000000000000000 ) ) ;
#1617 = VECTOR ( 'NONE', #4665, 1000.000000000000000 ) ;
#1618 = LINE ( 'NONE', #4790, #8549 ) ;
#1619 = ORIENTED_EDGE ( 'NONE', *, *, #8058, .T. ) ;
#1620 = VERTEX_POINT ( 'NONE', #4334 ) ;
#1621 = PLANE ( 'NONE',  #1284 ) ;
#1622 = CARTESIAN_POINT ( 'NONE',  ( 0.5660588443285435867, 0.6705989815897152040, 0.7600000000000000089 ) ) ;
#1623 = AXIS2_PLACEMENT_3D ( 'NONE', #6114, #2185, #5346 ) ;
#1624 = VERTEX_POINT ( 'NONE', #2092 ) ;
#1626 = EDGE_CURVE ( 'NONE', #6232, #7092, #5256, .T. ) ;
#1625 = CARTESIAN_POINT ( 'NONE',  ( 0.7264312690829315411, 0.8703405708492010229, 0.7500000000000000000 ) ) ;
#1627 = VERTEX_POINT ( 'NONE', #1113 ) ;
#1628 = CARTESIAN_POINT ( 'NONE',  ( 0.8000000000000008216, -0.2809999999999975850, 0.000000000000000000 ) ) ;
#1629 = CARTESIAN_POINT ( 'NONE',  ( 0.5389137943494727301, 0.8571217272923619124, 0.7600000000000000089 ) ) ;
#1630 = CARTESIAN_POINT ( 'NONE',  ( 0.6303404447676793643, 0.7110070853043972683, 0.7600000000000000089 ) ) ;
#1631 = VECTOR ( 'NONE', #5544, 1000.000000000000000 ) ;
#1632 = EDGE_CURVE ( 'NONE', #9391, #3336, #8436, .T. ) ;
#1633 = ORIENTED_EDGE ( 'NONE', *, *, #4956, .F. ) ;
#1634 = ADVANCED_FACE ( 'NONE', ( #5860 ), #5055, .F. ) ;
#1635 = ORIENTED_EDGE ( 'NONE', *, *, #9005, .F. ) ;
#1636 = B_SPLINE_SURFACE_WITH_KNOTS ( 'NONE', 3, 1, ( 
 ( #5158, #4443 ),
 ( #5003, #7426 ),
 ( #5054, #5973 ),
 ( #9933, #7369 ) ),
 .UNSPECIFIED., .F., .F., .F.,
 ( 4, 4 ),
 ( 2, 2 ),
 ( 1.000000000000000000, 2.000000000000000000 ),
 ( 0.000000000000000000, 1.000000000000000000 ),
 .UNSPECIFIED. ) ;
#1637 = CARTESIAN_POINT ( 'NONE',  ( -0.1499999999999964695, -1.001000000000000778, 0.1800000000000000211 ) ) ;
#1638 = ORIENTED_EDGE ( 'NONE', *, *, #6929, .T. ) ;
#1639 = CARTESIAN_POINT ( 'NONE',  ( 0.5449705888889437855, 0.8635764134440407913, 0.7500000000000000000 ) ) ;
#1640 = CARTESIAN_POINT ( 'NONE',  ( 0.8267883756830199937, 0.6770094575617373600, 0.7600000000000000089 ) ) ;
#1641 =( LENGTH_UNIT ( ) NAMED_UNIT ( * ) SI_UNIT ( .MILLI., .METRE. ) );
#1642 = CARTESIAN_POINT ( 'NONE',  ( 0.5457663721130647794, 0.6833757233546897680, 0.7500000000000000000 ) ) ;
#1643 = EDGE_CURVE ( 'NONE', #2560, #6131, #4282, .T. ) ;
#1644 = EDGE_CURVE ( 'NONE', #2552, #1580, #7470, .T. ) ;
#1645 =( LENGTH_UNIT ( ) NAMED_UNIT ( * ) SI_UNIT ( .MILLI., .METRE. ) );
#1646 = ORIENTED_EDGE ( 'NONE', *, *, #3385, .T. ) ;
#1647 = DIRECTION ( 'NONE',  ( -0.000000000000000000, -0.000000000000000000, -1.000000000000000000 ) ) ;
#1648 = CARTESIAN_POINT ( 'NONE',  ( 0.6076606228795498055, 0.6655148109909301279, 0.7500000000000000000 ) ) ;
#1649 = ORIENTED_EDGE ( 'NONE', *, *, #6656, .T. ) ;
#1650 = VERTEX_POINT ( 'NONE', #9455 ) ;
#1651 =( LENGTH_UNIT ( ) NAMED_UNIT ( * ) SI_UNIT ( .MILLI., .METRE. ) );
#1652 = DIRECTION ( 'NONE',  ( -1.000000000000000000, -0.000000000000000000, -0.000000000000000000 ) ) ;
#1653 = CARTESIAN_POINT ( 'NONE',  ( 0.5428927104703610285, 0.6755505216507020627, 0.7500000000000000000 ) ) ;
#1654 = CARTESIAN_POINT ( 'NONE',  ( 0.8913573422864004003, 0.7335542766547332727, 0.7500000000000000000 ) ) ;
#1655 = CARTESIAN_POINT ( 'NONE',  ( 0.6527771106706375948, 0.6290414132174785289, 0.7500000000000000000 ) ) ;
#1656 = CARTESIAN_POINT ( 'NONE',  ( 0.6802316319037785552, 0.8051747668278049774, 0.7500000000000000000 ) ) ;
#1657 = EDGE_CURVE ( 'NONE', #177, #9267, #7743, .T. ) ;
#1658 = CARTESIAN_POINT ( 'NONE',  ( 0.5171181760438913200, 0.6970808788818697588, 0.7600000000000000089 ) ) ;
#1659 = ORIENTED_EDGE ( 'NONE', *, *, #7519, .F. ) ;
#1660 =( GEOMETRIC_REPRESENTATION_CONTEXT ( 3 ) GLOBAL_UNCERTAINTY_ASSIGNED_CONTEXT ( ( #3126 ) ) GLOBAL_UNIT_ASSIGNED_CONTEXT ( ( #1651, #880, #3259 ) ) REPRESENTATION_CONTEXT ( 'NONE', 'WORKASPACE' ) );
#1661 = CARTESIAN_POINT ( 'NONE',  ( 0.3101397859677155755, 0.8730219974690239804, 0.7500000000000000000 ) ) ;
#1662 = SURFACE_STYLE_USAGE ( .BOTH. , #5651 ) ;
#1663 = DIRECTION ( 'NONE',  ( -0.000000000000000000, -0.000000000000000000, -1.000000000000000000 ) ) ;
#1664 = FACE_OUTER_BOUND ( 'NONE', #8174, .T. ) ;
#1665 = CARTESIAN_POINT ( 'NONE',  ( 0.1121648053452185684, 0.8183022340968790775, 0.7500000000000000000 ) ) ;
#1666 = SURFACE_SIDE_STYLE ('',( #5707 ) ) ;
#1667 = VECTOR ( 'NONE', #4008, 1000.000000000000000 ) ;
#1668 = CARTESIAN_POINT ( 'NONE',  ( 0.6129658443739728346, 0.6566727751671871394, 0.7600000000000000089 ) ) ;
#1669 = CARTESIAN_POINT ( 'NONE',  ( 0.6479139909674931364, 0.6387234424447046921, 0.7600000000000000089 ) ) ;
#1670 = VERTEX_POINT ( 'NONE', #2294 ) ;
#1671 = UNCERTAINTY_MEASURE_WITH_UNIT (LENGTH_MEASURE( 1.000000000000000082E-05 ), #4817, 'distance_accuracy_value', 'NONE');
#1672 = ORIENTED_EDGE ( 'NONE', *, *, #6036, .T. ) ;
#1673 = EDGE_CURVE ( 'NONE', #9327, #10024, #3852, .T. ) ;
#1674 = CARTESIAN_POINT ( 'NONE',  ( 0.5195718409848524288, 0.7346595311332124734, 0.7600000000000000089 ) ) ;
#1675 =( GEOMETRIC_REPRESENTATION_CONTEXT ( 3 ) GLOBAL_UNCERTAINTY_ASSIGNED_CONTEXT ( ( #5504 ) ) GLOBAL_UNIT_ASSIGNED_CONTEXT ( ( #3531, #9224, #4506 ) ) REPRESENTATION_CONTEXT ( 'NONE', 'WORKASPACE' ) );
#1676 = VERTEX_POINT ( 'NONE', #5450 ) ;
#1677 = CARTESIAN_POINT ( 'NONE',  ( 0.6928536380420127205, 0.7953158968843083709, 0.7600000000000000089 ) ) ;
#1678 = ORIENTED_EDGE ( 'NONE', *, *, #2643, .F. ) ;
#1679 = LINE ( 'NONE', #4951, #6402 ) ;
#1680 = LINE ( 'NONE', #4851, #3821 ) ;
#1681 = CARTESIAN_POINT ( 'NONE',  ( -0.7081802701769344122, -0.7148992480723534992, 0.7299999999999999822 ) ) ;
#1682 = CARTESIAN_POINT ( 'NONE',  ( 0.4042086474444112065, 0.7439078879575150571, 0.7500000000000000000 ) ) ;
#1683 = AXIS2_PLACEMENT_3D ( 'NONE', #7655, #5521, #545 ) ;
#1684 = EDGE_CURVE ( 'NONE', #5857, #8249, #2238, .T. ) ;
#1685 = UNCERTAINTY_MEASURE_WITH_UNIT (LENGTH_MEASURE( 1.000000000000000082E-05 ), #10285, 'distance_accuracy_value', 'NONE');
#1686 = DIRECTION ( 'NONE',  ( 0.000000000000000000, 0.000000000000000000, 1.000000000000000000 ) ) ;
#1687 = ORIENTED_EDGE ( 'NONE', *, *, #9582, .F. ) ;
#1688 = CARTESIAN_POINT ( 'NONE',  ( 0.5685346143593300594, 0.8731700223125384852, 0.7500000000000000000 ) ) ;
#1689 = VECTOR ( 'NONE', #3147, 1000.000000000000000 ) ;
#1690 = EDGE_CURVE ( 'NONE', #6265, #1888, #2918, .T. ) ;
#1691 = ORIENTED_EDGE ( 'NONE', *, *, #1632, .F. ) ;
#1692 = DIRECTION ( 'NONE',  ( -1.000000000000000000, -0.000000000000000000, -0.000000000000000000 ) ) ;
#1693 = VERTEX_POINT ( 'NONE', #1411 ) ;
#1694 = LINE ( 'NONE', #4337, #3840 ) ;
#1695 = DIRECTION ( 'NONE',  ( 0.000000000000000000, -1.000000000000000000, 0.000000000000000000 ) ) ;
#1696 = DIRECTION ( 'NONE',  ( 1.000000000000000000, -0.000000000000000000, -0.000000000000000000 ) ) ;
#1697 = EDGE_CURVE ( 'NONE', #338, #8068, #5298, .T. ) ;
#1698 = VECTOR ( 'NONE', #8783, 1000.000000000000227 ) ;
#1699 = ORIENTED_EDGE ( 'NONE', *, *, #727, .T. ) ;
#1700 = CARTESIAN_POINT ( 'NONE',  ( 0.1447507477583269697, 0.8090797962370152030, 0.7600000000000000089 ) ) ;
#1701 = CARTESIAN_POINT ( 'NONE',  ( 0.000000000000000000, 0.000000000000000000, 0.7600000000000000089 ) ) ;
#1702 = EDGE_LOOP ( 'NONE', ( #3804, #9243, #9904, #523 ) ) ;
#1703 = CARTESIAN_POINT ( 'NONE',  ( 0.7844129189974262673, 0.8646816679219360147, 0.7500000000000000000 ) ) ;
#1704 = CARTESIAN_POINT ( 'NONE',  ( 0.5542989366830318732, 0.6655590211699972114, 0.7500000000000000000 ) ) ;
#1705 = ORIENTED_EDGE ( 'NONE', *, *, #539, .T. ) ;
#1706 = PRODUCT_DEFINITION_FORMATION_WITH_SPECIFIED_SOURCE ( '任何', '', #6528, .NOT_KNOWN. ) ;
#1707 = B_SPLINE_CURVE_WITH_KNOTS ( 'NONE', 3,
 ( #8073, #4848, #3347, #2566 ),
 .UNSPECIFIED., .F., .F.,
 ( 4, 4 ),
 ( 7.000000000000000000, 8.000000000000000000 ),
 .UNSPECIFIED. ) ;
#1708 = DIRECTION ( 'NONE',  ( 1.000000000000000000, 0.000000000000000000, 0.000000000000000000 ) ) ;
#1709 = DIRECTION ( 'NONE',  ( -0.000000000000000000, 1.000000000000000000, -0.000000000000000000 ) ) ;
#1710 =( LENGTH_UNIT ( ) NAMED_UNIT ( * ) SI_UNIT ( .MILLI., .METRE. ) );
#1711 = SURFACE_SIDE_STYLE ('',( #1093 ) ) ;
#1712 = CARTESIAN_POINT ( 'NONE',  ( 0.6126784782097328685, 0.6852767610569958645, 0.7500000000000000000 ) ) ;
#1713 = ORIENTED_EDGE ( 'NONE', *, *, #830, .T. ) ;
#1714 = VECTOR ( 'NONE', #9713, 1000.000000000000000 ) ;
#1715 = CARTESIAN_POINT ( 'NONE',  ( 0.5215391939557646461, 0.6679905810217201534, 0.7600000000000000089 ) ) ;
#1716 = CARTESIAN_POINT ( 'NONE',  ( 0.7277354693672223318, 0.8393492352867428785, 0.7500000000000000000 ) ) ;
#1717 = VERTEX_POINT ( 'NONE', #3907 ) ;
#1718 = EDGE_CURVE ( 'NONE', #3320, #360, #4633, .T. ) ;
#1719 = LINE ( 'NONE', #6321, #2961 ) ;
#1720 = SURFACE_SIDE_STYLE ('',( #4985 ) ) ;
#1721 = CARTESIAN_POINT ( 'NONE',  ( 0.5241696996132929609, 0.8369176754350188263, 0.7500000000000000000 ) ) ;
#1722 = EDGE_CURVE ( 'NONE', #6301, #1526, #774, .T. ) ;
#1723 = DIRECTION ( 'NONE',  ( 0.000000000000000000, 0.000000000000000000, 1.000000000000000000 ) ) ;
#1724 = CARTESIAN_POINT ( 'NONE',  ( 0.8767458780877206426, 0.6915546064918139946, 0.7600000000000000089 ) ) ;
#1725 = SURFACE_SIDE_STYLE ('',( #8836 ) ) ;
#1726 = ORIENTED_EDGE ( 'NONE', *, *, #479, .T. ) ;
#1727 = DIRECTION ( 'NONE',  ( -0.3416038306902376420, 0.9398440417738229691, 0.000000000000000000 ) ) ;
#1728 = B_SPLINE_SURFACE_WITH_KNOTS ( 'NONE', 3, 1, ( 
 ( #8948, #9047 ),
 ( #9825, #1843 ),
 ( #1066, #8281 ),
 ( #1941, #4227 ) ),
 .UNSPECIFIED., .F., .F., .F.,
 ( 4, 4 ),
 ( 2, 2 ),
 ( 23.00000000000000000, 24.00000000000000000 ),
 ( 0.000000000000000000, 1.000000000000000000 ),
 .UNSPECIFIED. ) ;
#1729 = CARTESIAN_POINT ( 'NONE',  ( 0.6062237920583464224, 0.8817910072409375077, 0.7600000000000000089 ) ) ;
#1730 = EDGE_LOOP ( 'NONE', ( #4402, #6933, #6137, #10043, #9449, #9800, #1075, #6713, #8478, #5511, #6731, #2332, #1223, #8597, #7420 ) ) ;
#1731 = CARTESIAN_POINT ( 'NONE',  ( 0.8648975500831893592, 0.6581317110782219926, 0.7600000000000000089 ) ) ;
#1732 = ORIENTED_EDGE ( 'NONE', *, *, #671, .T. ) ;
#1733 = DIRECTION ( 'NONE',  ( 0.000000000000000000, -1.000000000000000000, 0.000000000000000000 ) ) ;
#1734 = LINE ( 'NONE', #5669, #6127 ) ;
#1735 = ADVANCED_FACE ( 'NONE', ( #7056 ), #60, .T. ) ;
#1736 = DIRECTION ( 'NONE',  ( -0.000000000000000000, -0.000000000000000000, -1.000000000000000000 ) ) ;
#1737 = CARTESIAN_POINT ( 'NONE',  ( 0.6690685616759873833, 0.7953158968843083709, 0.7600000000000000089 ) ) ;
#1738 = DIRECTION ( 'NONE',  ( 1.000000000000000000, -0.000000000000000000, -0.000000000000000000 ) ) ;
#1739 = DIRECTION ( 'NONE',  ( -0.000000000000000000, 1.000000000000000000, -0.000000000000000000 ) ) ;
#1740 = MECHANICAL_DESIGN_GEOMETRIC_PRESENTATION_REPRESENTATION (  '', ( #3410 ), #7518 ) ;
#1741 =( GEOMETRIC_REPRESENTATION_CONTEXT ( 3 ) GLOBAL_UNCERTAINTY_ASSIGNED_CONTEXT ( ( #971 ) ) GLOBAL_UNIT_ASSIGNED_CONTEXT ( ( #7909, #2455, #3341 ) ) REPRESENTATION_CONTEXT ( 'NONE', 'WORKASPACE' ) );
#1742 = ORIENTED_EDGE ( 'NONE', *, *, #2141, .F. ) ;
#1743 = DIRECTION ( 'NONE',  ( -0.000000000000000000, -0.000000000000000000, -1.000000000000000000 ) ) ;
#1744 = EDGE_LOOP ( 'NONE', ( #9888, #9963, #4766, #9505 ) ) ;
#1745 = LINE ( 'NONE', #6561, #5798 ) ;
#1746 = ADVANCED_FACE ( 'NONE', ( #1465 ), #3754, .T. ) ;
#1747 = VERTEX_POINT ( 'NONE', #10079 ) ;
#1748 = VECTOR ( 'NONE', #6974, 1000.000000000000000 ) ;
#1749 = STYLED_ITEM ( 'NONE', ( #6322 ), #1785 ) ;
#1750 = CARTESIAN_POINT ( 'NONE',  ( 0.4750300855225385588, 0.8817910072409375077, 0.7600000000000000089 ) ) ;
#1751 = CARTESIAN_POINT ( 'NONE',  ( 0.8913573422864004003, 0.7335542766547332727, 0.7600000000000000089 ) ) ;
#1752 = CARTESIAN_POINT ( 'NONE',  ( 0.6255878505122060007, 0.7213080570391718904, 0.7600000000000000089 ) ) ;
#1753 = EDGE_LOOP ( 'NONE', ( #10141, #2447, #7121, #1936, #8692, #3750, #863, #2245, #2000, #1646, #8292, #2732, #9411, #9752, #5173, #7171 ) ) ;
#1754 = LINE ( 'NONE', #4920, #4281 ) ;
#1755 = STYLED_ITEM ( 'NONE', ( #2627 ), #3699 ) ;
#1756 = PRESENTATION_LAYER_ASSIGNMENT (  '', '', ( #6212 ) ) ;
#1757 = CARTESIAN_POINT ( 'NONE',  ( 0.08695678859331436306, 0.6590614643403862605, 0.7600000000000000089 ) ) ;
#1758 = ORIENTED_EDGE ( 'NONE', *, *, #3802, .T. ) ;
#1759 = ORIENTED_EDGE ( 'NONE', *, *, #5009, .T. ) ;
#1760 = DIRECTION ( 'NONE',  ( -0.000000000000000000, -0.000000000000000000, -1.000000000000000000 ) ) ;
#1761 = CARTESIAN_POINT ( 'NONE',  ( 0.8910920812113980460, 0.7335542766547332727, 0.7600000000000000089 ) ) ;
#1762 = EDGE_CURVE ( 'NONE', #5333, #904, #4857, .T. ) ;
#1763 = VERTEX_POINT ( 'NONE', #2970 ) ;
#1764 =( NAMED_UNIT ( * ) PLANE_ANGLE_UNIT ( ) SI_UNIT ( $, .RADIAN. ) );
#1765 = CARTESIAN_POINT ( 'NONE',  ( 0.5815324070202413376, 0.6581317110782208823, 0.7500000000000000000 ) ) ;
#1766 = CARTESIAN_POINT ( 'NONE',  ( 0.6507655475206604034, 0.8718437169393019603, 0.7600000000000000089 ) ) ;
#1767 = CARTESIAN_POINT ( 'NONE',  ( 0.6009848858325316234, 0.6579106601822904965, 0.7500000000000000000 ) ) ;
#1768 = LINE ( 'NONE', #3331, #4262 ) ;
#1769 = VERTEX_POINT ( 'NONE', #7789 ) ;
#1770 = EDGE_CURVE ( 'NONE', #1950, #801, #6167, .T. ) ;
#1771 = CARTESIAN_POINT ( 'NONE',  ( 0.6173868622858336153, 0.8342650646879571363, 0.7600000000000000089 ) ) ;
#1772 = FACE_BOUND ( 'NONE', #6505, .T. ) ;
#1773 = VECTOR ( 'NONE', #8092, 1000.000000000000000 ) ;
#1774 = DIRECTION ( 'NONE',  ( -0.000000000000000000, -0.000000000000000000, -1.000000000000000000 ) ) ;
#1775 = B_SPLINE_CURVE_WITH_KNOTS ( 'NONE', 3,
 ( #8164, #838, #5704, #8780 ),
 .UNSPECIFIED., .F., .F.,
 ( 4, 4 ),
 ( 5.000000000000000000, 6.000000000000000000 ),
 .UNSPECIFIED. ) ;
#1776 = EDGE_CURVE ( 'NONE', #3863, #5134, #9404, .T. ) ;
#1777 = SURFACE_SIDE_STYLE ('',( #8888 ) ) ;
#1778 = CARTESIAN_POINT ( 'NONE',  ( 0.2068484866314539150, 0.6848842950380683581, 0.7600000000000000089 ) ) ;
#1779 = SURFACE_STYLE_USAGE ( .BOTH. , #1666 ) ;
#1780 = CARTESIAN_POINT ( 'NONE',  ( 0.5661472646869724068, 0.6603422200340092196, 0.7500000000000000000 ) ) ;
#1781 = ORIENTED_EDGE ( 'NONE', *, *, #2060, .T. ) ;
#1782 = B_SPLINE_CURVE_WITH_KNOTS ( 'NONE', 3,
 ( #869, #9482, #2479, #2363 ),
 .UNSPECIFIED., .F., .F.,
 ( 4, 4 ),
 ( 17.00000000000000000, 18.00000000000000000 ),
 .UNSPECIFIED. ) ;
#1783 = VECTOR ( 'NONE', #3760, 1000.000000000000114 ) ;
#1784 = EDGE_CURVE ( 'NONE', #8921, #768, #1775, .T. ) ;
#1785 = ADVANCED_FACE ( 'NONE', ( #1664 ), #6378, .T. ) ;
#1786 = CARTESIAN_POINT ( 'NONE',  ( 0.5426716595747230754, 0.7977916669150958429, 0.7600000000000000089 ) ) ;
#1787 = DIRECTION ( 'NONE',  ( -0.000000000000000000, 0.000000000000000000, -1.000000000000000000 ) ) ;
#1788 = ORIENTED_EDGE ( 'NONE', *, *, #5203, .T. ) ;
#1789 = VERTEX_POINT ( 'NONE', #4887 ) ;
#1790 = CARTESIAN_POINT ( 'NONE',  ( 0.7065366884790712509, 0.7953158968843083709, 0.7600000000000000089 ) ) ;
#1791 = VECTOR ( 'NONE', #6619, 1000.000000000000000 ) ;
#1792 = ORIENTED_EDGE ( 'NONE', *, *, #2416, .F. ) ;
#1793 = DIRECTION ( 'NONE',  ( 0.000000000000000000, -0.000000000000000000, -1.000000000000000000 ) ) ;
#1794 = CARTESIAN_POINT ( 'NONE',  ( 0.1447507360313918801, 0.7020994842309644657, 0.7500000000000000000 ) ) ;
#1795 = CARTESIAN_POINT ( 'NONE',  ( 0.8328672753114374494, 0.7210870061432395062, 0.7500000000000000000 ) ) ;
#1796 = PLANE ( 'NONE',  #7513 ) ;
#1797 = LINE ( 'NONE', #4232, #97 ) ;
#1798 = STYLED_ITEM ( 'NONE', ( #4109 ), #6510 ) ;
#1799 = CARTESIAN_POINT ( 'NONE',  ( 0.6078595686856549385, 0.7196722804118629302, 0.7600000000000000089 ) ) ;
#1800 = ORIENTED_EDGE ( 'NONE', *, *, #7805, .F. ) ;
#1801 =( NAMED_UNIT ( * ) SI_UNIT ( $, .STERADIAN. ) SOLID_ANGLE_UNIT ( ) );
#1802 = EDGE_LOOP ( 'NONE', ( #2806, #10217, #1124, #9428 ) ) ;
#1803 = LINE ( 'NONE', #1025, #2495 ) ;
#1804 = EDGE_LOOP ( 'NONE', ( #9546, #2952, #5380, #5278, #3311, #8266 ) ) ;
#1805 = VECTOR ( 'NONE', #10281, 1000.000000000000000 ) ;
#1806 = CARTESIAN_POINT ( 'NONE',  ( 0.8347241028346763514, 0.7331563850431136453, 0.7600000000000000089 ) ) ;
#1807 = DIRECTION ( 'NONE',  ( -1.000000000000000000, -3.491481338843133355E-15, 0.000000000000000000 ) ) ;
#1808 = CARTESIAN_POINT ( 'NONE',  ( 0.5704135469718113471, 0.6676811097676482731, 0.7600000000000000089 ) ) ;
#1809 = EDGE_CURVE ( 'NONE', #5360, #1763, #106, .T. ) ;
#1810 = ORIENTED_EDGE ( 'NONE', *, *, #4509, .T. ) ;
#1811 = CARTESIAN_POINT ( 'NONE',  ( 0.6074395719839118524, 0.7017229476893762641, 0.7500000000000000000 ) ) ;
#1812 = DIRECTION ( 'NONE',  ( -0.000000000000000000, 1.000000000000000000, -0.000000000000000000 ) ) ;
#1813 = ORIENTED_EDGE ( 'NONE', *, *, #2007, .F. ) ;
#1814 = VERTEX_POINT ( 'NONE', #5601 ) ;
#1815 = DIRECTION ( 'NONE',  ( 0.000000000000000000, -0.000000000000000000, 1.000000000000000000 ) ) ;
#1816 = FILL_AREA_STYLE_COLOUR ( '', #1971 ) ;
#1817 = LINE ( 'NONE', #3585, #2591 ) ;
#1818 = CARTESIAN_POINT ( 'NONE',  ( 0.8120663860360796127, 0.6679905810217222628, 0.7500000000000000000 ) ) ;
#1819 = CARTESIAN_POINT ( 'NONE',  ( 0.6148889871655207617, 0.6952682615377004938, 0.7600000000000000089 ) ) ;
#1820 = EDGE_LOOP ( 'NONE', ( #6406, #1981, #3224, #9490 ) ) ;
#1821 = EDGE_CURVE ( 'NONE', #6360, #6289, #632, .T. ) ;
#1822 = DIRECTION ( 'NONE',  ( 0.000000000000000000, 0.000000000000000000, -1.000000000000000000 ) ) ;
#1823 = B_SPLINE_CURVE_WITH_KNOTS ( 'NONE', 3,
 ( #7260, #7360, #2564, #2509 ),
 .UNSPECIFIED., .F., .F.,
 ( 4, 4 ),
 ( 11.00000000000000000, 12.00000000000000000 ),
 .UNSPECIFIED. ) ;
#1824 = CARTESIAN_POINT ( 'NONE',  ( -0.7999999999999964917, -1.001000000000003221, -0.02000000000000000042 ) ) ;
#1825 = EDGE_LOOP ( 'NONE', ( #8182, #9219, #3267, #1340 ) ) ;
#1826 = DIRECTION ( 'NONE',  ( 1.000000000000000000, -0.000000000000000000, -0.000000000000000000 ) ) ;
#1827 = EDGE_CURVE ( 'NONE', #9414, #8408, #204, .T. ) ;
#1828 = CARTESIAN_POINT ( 'NONE',  ( 0.5372117024535616459, 0.6615358948700397201, 0.7600000000000000089 ) ) ;
#1829 = LINE ( 'NONE', #8834, #4333 ) ;
#1830 = DIRECTION ( 'NONE',  ( 0.000000000000000000, 0.000000000000000000, 1.000000000000000000 ) ) ;
#1831 = LINE ( 'NONE', #8168, #524 ) ;
#1832 = FACE_OUTER_BOUND ( 'NONE', #8939, .T. ) ;
#1833 = ORIENTED_EDGE ( 'NONE', *, *, #3721, .T. ) ;
#1834 = ADVANCED_FACE ( 'NONE', ( #4113 ), #7252, .F. ) ;
#1835 = ADVANCED_FACE ( 'NONE', ( #4007 ), #5756, .F. ) ;
#1836 = LINE ( 'NONE', #5811, #3451 ) ;
#1837 = CARTESIAN_POINT ( 'NONE',  ( 0.8009254208984136758, 0.8189683427131280169, 0.7600000000000000089 ) ) ;
#1838 = ORIENTED_EDGE ( 'NONE', *, *, #4692, .T. ) ;
#1839 = PLANE ( 'NONE',  #5211 ) ;
#1840 = VECTOR ( 'NONE', #825, 1000.000000000000000 ) ;
#1841 = ORIENTED_EDGE ( 'NONE', *, *, #4066, .F. ) ;
#1842 = CARTESIAN_POINT ( 'NONE',  ( 0.1742625442183440010, 0.8963855086191875321, 0.7500000000000000000 ) ) ;
#1843 = CARTESIAN_POINT ( 'NONE',  ( 0.3445702112618454493, 0.7912497168735491693, 0.7500000000000000000 ) ) ;
#1844 = FACE_OUTER_BOUND ( 'NONE', #7456, .T. ) ;
#1845 =( NAMED_UNIT ( * ) SI_UNIT ( $, .STERADIAN. ) SOLID_ANGLE_UNIT ( ) );
#1846 = AXIS2_PLACEMENT_3D ( 'NONE', #5267, #2052, #1326 ) ;
#1847 = CARTESIAN_POINT ( 'NONE',  ( -0.7999999999999987121, -0.3000000000000026534, 0.000000000000000000 ) ) ;
#1848 = ORIENTED_EDGE ( 'NONE', *, *, #8563, .T. ) ;
#1849 = EDGE_CURVE ( 'NONE', #4796, #1526, #5958, .T. ) ;
#1850 = VERTEX_POINT ( 'NONE', #7459 ) ;
#1851 = CARTESIAN_POINT ( 'NONE',  ( -0.5000000000000034417, 1.000999999999998558, 0.1800000000000000211 ) ) ;
#1852 = EDGE_CURVE ( 'NONE', #3064, #10098, #8211, .T. ) ;
#1853 =( LENGTH_UNIT ( ) NAMED_UNIT ( * ) SI_UNIT ( .MILLI., .METRE. ) );
#1854 = AXIS2_PLACEMENT_3D ( 'NONE', #10261, #8656, #1385 ) ;
#1855 = VERTEX_POINT ( 'NONE', #260 ) ;
#1856 = CARTESIAN_POINT ( 'NONE',  ( 0.7827992474596511263, 0.8707384624614092905, 0.7500000000000000000 ) ) ;
#1857 = SURFACE_STYLE_USAGE ( .BOTH. , #2835 ) ;
#1858 = ORIENTED_EDGE ( 'NONE', *, *, #7172, .F. ) ;
#1859 = VERTEX_POINT ( 'NONE', #1977 ) ;
#1860 = ORIENTED_EDGE ( 'NONE', *, *, #1827, .F. ) ;
#1861 = CARTESIAN_POINT ( 'NONE',  ( 0.7830645085340638412, 0.8707384624614092905, 0.7600000000000000089 ) ) ;
#1862 = ORIENTED_EDGE ( 'NONE', *, *, #1632, .T. ) ;
#1863 = LINE ( 'NONE', #2599, #9554 ) ;
#1864 = CARTESIAN_POINT ( 'NONE',  ( 0.6916157530269114728, 0.7198933313072090057, 0.7500000000000000000 ) ) ;
#1865 = EDGE_CURVE ( 'NONE', #6237, #1351, #276, .T. ) ;
#1866 = LINE ( 'NONE', #8360, #6711 ) ;
#1867 = VECTOR ( 'NONE', #6314, 1000.000000000000000 ) ;
#1868 =( LENGTH_UNIT ( ) NAMED_UNIT ( * ) SI_UNIT ( .MILLI., .METRE. ) );
#1869 = CARTESIAN_POINT ( 'NONE',  ( 0.01194762850846879318, 0.7555896285076423302, 0.7600000000000000089 ) ) ;
#1870 = ORIENTED_EDGE ( 'NONE', *, *, #7172, .T. ) ;
#1871 = FACE_OUTER_BOUND ( 'NONE', #1730, .T. ) ;
#1872 = CARTESIAN_POINT ( 'NONE',  ( 0.6135626817919864751, 0.7213080570391718904, 0.7500000000000000000 ) ) ;
#1873 = ORIENTED_EDGE ( 'NONE', *, *, #8512, .T. ) ;
#1874 = VECTOR ( 'NONE', #5138, 1000.000000000000114 ) ;
#1875 = DIRECTION ( 'NONE',  ( -0.3416038306815827874, 0.9398440417769687860, 0.000000000000000000 ) ) ;
#1876 = DIRECTION ( 'NONE',  ( -0.000000000000000000, -0.000000000000000000, -1.000000000000000000 ) ) ;
#1877 = CARTESIAN_POINT ( 'NONE',  ( 0.7830645085340638412, 0.8707384624614092905, 0.7500000000000000000 ) ) ;
#1878 = ADVANCED_FACE ( 'NONE', ( #9769 ), #9284, .F. ) ;
#1879 = CARTESIAN_POINT ( 'NONE',  ( 0.4750300855225385588, 0.8817910072409375077, 0.7500000000000000000 ) ) ;
#1880 = CARTESIAN_POINT ( 'NONE',  ( -0.8000000000000034861, 1.000999999999997447, 0.1800000000000000211 ) ) ;
#1881 = LINE ( 'NONE', #6754, #2399 ) ;
#1882 = ORIENTED_EDGE ( 'NONE', *, *, #1383, .T. ) ;
#1883 = B_SPLINE_CURVE_WITH_KNOTS ( 'NONE', 3,
 ( #2532, #5679, #82, #1751 ),
 .UNSPECIFIED., .F., .F.,
 ( 4, 4 ),
 ( 1.000000000000000000, 2.000000000000000000 ),
 .UNSPECIFIED. ) ;
#1884 = LINE ( 'NONE', #5610, #5912 ) ;
#1885 = ADVANCED_FACE ( 'NONE', ( #1052 ), #1154, .F. ) ;
#1886 = CARTESIAN_POINT ( 'NONE',  ( 0.6140268886727978659, 0.6655148109909306831, 0.7600000000000000089 ) ) ;
#1887 = ORIENTED_EDGE ( 'NONE', *, *, #2584, .T. ) ;
#1888 = VERTEX_POINT ( 'NONE', #5804 ) ;
#1889 = VECTOR ( 'NONE', #9696, 1000.000000000000000 ) ;
#1890 = CARTESIAN_POINT ( 'NONE',  ( 0.5759398193615726802, 0.8731700223125384852, 0.7500000000000000000 ) ) ;
#1891 = CARTESIAN_POINT ( 'NONE',  ( -0.1499999999999964695, -1.001000000000000778, 0.1800000000000000211 ) ) ;
#1892 = EDGE_CURVE ( 'NONE', #6625, #2456, #5245, .T. ) ;
#1893 = CARTESIAN_POINT ( 'NONE',  ( -1.000000000000003553, 0.9999999999999970024, 0.7500000000000000000 ) ) ;
#1894 = CARTESIAN_POINT ( 'NONE',  ( 0.5815324070202413376, 0.6581317110782208823, 0.7600000000000000089 ) ) ;
#1895 = CARTESIAN_POINT ( 'NONE',  ( 0.4035938276351668241, 0.7807976159419112161, 0.7600000000000000089 ) ) ;
#1896 = DIRECTION ( 'NONE',  ( -3.491481338843133355E-15, 1.000000000000000000, 0.000000000000000000 ) ) ;
#1897 = ORIENTED_EDGE ( 'NONE', *, *, #2956, .F. ) ;
#1898 = CARTESIAN_POINT ( 'NONE',  ( 0.5215391939557646461, 0.6679905810217201534, 0.7500000000000000000 ) ) ;
#1899 = ORIENTED_EDGE ( 'NONE', *, *, #2101, .F. ) ;
#1900 = B_SPLINE_SURFACE_WITH_KNOTS ( 'NONE', 3, 1, ( 
 ( #3017, #6171 ),
 ( #6854, #6953 ),
 ( #521, #3757 ),
 ( #3656, #7581 ) ),
 .UNSPECIFIED., .F., .F., .F.,
 ( 4, 4 ),
 ( 2, 2 ),
 ( 1.000000000000000000, 2.000000000000000000 ),
 ( 0.000000000000000000, 1.000000000000000000 ),
 .UNSPECIFIED. ) ;
#1901 = CARTESIAN_POINT ( 'NONE',  ( 0.7610257342436118622, 0.6679905810217212636, 0.7500000000000000000 ) ) ;
#1902 = FACE_OUTER_BOUND ( 'NONE', #8072, .T. ) ;
#1903 = PRESENTATION_LAYER_ASSIGNMENT (  '', '', ( #3600 ) ) ;
#1904 = VECTOR ( 'NONE', #8027, 1000.000000000000000 ) ;
#1905 = PLANE ( 'NONE',  #5092 ) ;
#1906 = EDGE_CURVE ( 'NONE', #630, #7401, #467, .T. ) ;
#1907 = EDGE_CURVE ( 'NONE', #7092, #22, #9967, .T. ) ;
#1908 = B_SPLINE_SURFACE_WITH_KNOTS ( 'NONE', 3, 1, ( 
 ( #7669, #2910 ),
 ( #9338, #7731 ),
 ( #661, #3744 ),
 ( #6989, #6897 ) ),
 .UNSPECIFIED., .F., .F., .F.,
 ( 4, 4 ),
 ( 2, 2 ),
 ( 20.00000000000000000, 21.00000000000000000 ),
 ( 0.000000000000000000, 1.000000000000000000 ),
 .UNSPECIFIED. ) ;
#1909 = ORIENTED_EDGE ( 'NONE', *, *, #4594, .T. ) ;
#1910 = DIRECTION ( 'NONE',  ( -1.000000000000000000, -3.491481338843133355E-15, 0.000000000000000000 ) ) ;
#1911 = ORIENTED_EDGE ( 'NONE', *, *, #8244, .F. ) ;
#1912 = COLOUR_RGB ( '',1.000000000000000000, 1.000000000000000000, 1.000000000000000000 ) ;
#1913 = ORIENTED_EDGE ( 'NONE', *, *, #7976, .F. ) ;
#1914 = ORIENTED_EDGE ( 'NONE', *, *, #2094, .T. ) ;
#1915 = CARTESIAN_POINT ( 'NONE',  ( 0.6731358981550157328, 0.6683884726333393367, 0.7600000000000000089 ) ) ;
#1916 = ORIENTED_EDGE ( 'NONE', *, *, #155, .T. ) ;
#1917 = DIRECTION ( 'NONE',  ( 0.2524218971878413043, -0.9676172723861904412, 0.000000000000000000 ) ) ;
#1918 = FACE_OUTER_BOUND ( 'NONE', #8302, .T. ) ;
#1919 = CARTESIAN_POINT ( 'NONE',  ( 0.5707009131360528675, 0.6831988826384144398, 0.7500000000000000000 ) ) ;
#1920 = CARTESIAN_POINT ( 'NONE',  ( 0.7145166258103879953, 0.6581317110782208823, 0.7600000000000000089 ) ) ;
#1921 = ORIENTED_EDGE ( 'NONE', *, *, #5292, .F. ) ;
#1922 = UNCERTAINTY_MEASURE_WITH_UNIT (LENGTH_MEASURE( 1.000000000000000082E-05 ), #3751, 'distance_accuracy_value', 'NONE');
#1923 = AXIS2_PLACEMENT_3D ( 'NONE', #6511, #7087, #10262 ) ;
#1924 = AXIS2_PLACEMENT_3D ( 'NONE', #7958, #5545, #5655 ) ;
#1925 = FACE_OUTER_BOUND ( 'NONE', #1313, .T. ) ;
#1926 = FACE_OUTER_BOUND ( 'NONE', #6773, .T. ) ;
#1927 = EDGE_LOOP ( 'NONE', ( #7081, #9442, #577, #8037 ) ) ;
#1928 = CARTESIAN_POINT ( 'NONE',  ( 0.3082953030864020172, 0.8342877602179995522, 0.7500000000000000000 ) ) ;
#1929 = AXIS2_PLACEMENT_3D ( 'NONE', #6336, #9421, #806 ) ;
#1930 = DIRECTION ( 'NONE',  ( -0.000000000000000000, -0.000000000000000000, -1.000000000000000000 ) ) ;
#1931 = PLANE ( 'NONE',  #6650 ) ;
#1932 = COLOUR_RGB ( '',0.2980392156862745057, 0.2980392156862745057, 0.2980392156862745057 ) ;
#1933 = DIRECTION ( 'NONE',  ( 1.000000000000000000, -0.000000000000000000, -0.000000000000000000 ) ) ;
#1934 = DIRECTION ( 'NONE',  ( -0.000000000000000000, 0.000000000000000000, -1.000000000000000000 ) ) ;
#1935 = FACE_OUTER_BOUND ( 'NONE', #452, .T. ) ;
#1936 = ORIENTED_EDGE ( 'NONE', *, *, #947, .T. ) ;
#1937 = CARTESIAN_POINT ( 'NONE',  ( 0.5215391939557646461, 0.6581317110782198831, 0.7500000000000000000 ) ) ;
#1938 = VECTOR ( 'NONE', #9434, 1000.000000000000000 ) ;
#1939 = EDGE_CURVE ( 'NONE', #3688, #3300, #2505, .T. ) ;
#1940 = CARTESIAN_POINT ( 'NONE',  ( 0.7394732719229082374, 0.8262630222676983216, 0.7500000000000000000 ) ) ;
#1941 = CARTESIAN_POINT ( 'NONE',  ( 0.3660892329340721951, 0.7432930446946898195, 0.7600000000000000089 ) ) ;
#1942 = FILL_AREA_STYLE ('',( #3655 ) ) ;
#1943 = CARTESIAN_POINT ( 'NONE',  ( 0.5525747396972909842, 0.7938569609732751831, 0.7600000000000000089 ) ) ;
#1944 = PLANE ( 'NONE',  #2738 ) ;
#1945 = SURFACE_STYLE_FILL_AREA ( #4180 ) ;
#1946 = CARTESIAN_POINT ( 'NONE',  ( 0.6258752166767415082, 0.6782031323977688597, 0.7600000000000000089 ) ) ;
#1947 = ADVANCED_FACE ( 'NONE', ( #4212 ), #9814, .T. ) ;
#1948 = ORIENTED_EDGE ( 'NONE', *, *, #7123, .T. ) ;
#1949 = FILL_AREA_STYLE_COLOUR ( '', #903 ) ;
#1950 = VERTEX_POINT ( 'NONE', #8424 ) ;
#1951 = CARTESIAN_POINT ( 'NONE',  ( 0.5555810318774906387, 0.8832499431519701405, 0.7500000000000000000 ) ) ;
#1952 = ORIENTED_EDGE ( 'NONE', *, *, #4168, .F. ) ;
#1953 = EDGE_CURVE ( 'NONE', #381, #847, #6157, .T. ) ;
#1954 = SURFACE_SIDE_STYLE ('',( #5932 ) ) ;
#1955 = VECTOR ( 'NONE', #1973, 1000.000000000000000 ) ;
#1956 = LINE ( 'NONE', #1228, #4591 ) ;
#1957 = EDGE_CURVE ( 'NONE', #6478, #4796, #11, .T. ) ;
#1958 = ORIENTED_EDGE ( 'NONE', *, *, #10013, .F. ) ;
#1959 = CARTESIAN_POINT ( 'NONE',  ( 0.7999999999999964917, 1.000000000000003331, 0.000000000000000000 ) ) ;
#1960 = ORIENTED_EDGE ( 'NONE', *, *, #4934, .F. ) ;
#1961 = VECTOR ( 'NONE', #7701, 1000.000000000000114 ) ;
#1962 = VERTEX_POINT ( 'NONE', #10116 ) ;
#1963 = ORIENTED_EDGE ( 'NONE', *, *, #2846, .T. ) ;
#1964 = ORIENTED_EDGE ( 'NONE', *, *, #539, .F. ) ;
#1965 = EDGE_CURVE ( 'NONE', #5975, #177, #3128, .T. ) ;
#1966 = CARTESIAN_POINT ( 'NONE',  ( 0.8434114030316806065, 0.6783357629355640794, 0.7500000000000000000 ) ) ;
#1967 = DIRECTION ( 'NONE',  ( -3.491481338843133355E-15, 1.000000000000000000, 0.000000000000000000 ) ) ;
#1968 = LINE ( 'NONE', #8310, #4242 ) ;
#1969 = LINE ( 'NONE', #5027, #7902 ) ;
#1970 = VERTEX_POINT ( 'NONE', #2225 ) ;
#1971 = COLOUR_RGB ( '',0.6666666666666666297, 0.6666666666666666297, 0.6666666666666666297 ) ;
#1972 = ORIENTED_EDGE ( 'NONE', *, *, #9174, .F. ) ;
#1973 = DIRECTION ( 'NONE',  ( -0.000000000000000000, 1.000000000000000000, -0.000000000000000000 ) ) ;
#1974 = CARTESIAN_POINT ( 'NONE',  ( 0.5508726478010885774, 0.6655590211699972114, 0.7500000000000000000 ) ) ;
#1975 = ORIENTED_EDGE ( 'NONE', *, *, #3338, .F. ) ;
#1976 = LINE ( 'NONE', #4322, #5930 ) ;
#1977 = CARTESIAN_POINT ( 'NONE',  ( -0.5000000000000026645, 0.7509999999999986686, -0.02000000000000000042 ) ) ;
#1978 = CARTESIAN_POINT ( 'NONE',  ( 0.6303404447676793643, 0.7110070853043972683, 0.7600000000000000089 ) ) ;
#1979 = FACE_OUTER_BOUND ( 'NONE', #4849, .T. ) ;
#1980 = CARTESIAN_POINT ( 'NONE',  ( 0.5889155069332399073, 0.8797131288223546397, 0.7600000000000000089 ) ) ;
#1981 = ORIENTED_EDGE ( 'NONE', *, *, #1331, .T. ) ;
#1982 = CARTESIAN_POINT ( 'NONE',  ( 0.03777045334268263471, 0.6885732608001106092, 0.7500000000000000000 ) ) ;
#1983 = B_SPLINE_SURFACE_WITH_KNOTS ( 'NONE', 3, 1, ( 
 ( #7665, #2619 ),
 ( #4471, #1062 ),
 ( #9188, #6005 ),
 ( #9964, #10069 ) ),
 .UNSPECIFIED., .F., .F., .F.,
 ( 4, 4 ),
 ( 2, 2 ),
 ( 11.00000000000000000, 12.00000000000000000 ),
 ( 0.000000000000000000, 1.000000000000000000 ),
 .UNSPECIFIED. ) ;
#1984 = ORIENTED_EDGE ( 'NONE', *, *, #6268, .F. ) ;
#1985 = CARTESIAN_POINT ( 'NONE',  ( 0.5889155069332399073, 0.8680416415352748549, 0.7600000000000000089 ) ) ;
#1986 = LINE ( 'NONE', #519, #9136 ) ;
#1987 = B_SPLINE_CURVE_WITH_KNOTS ( 'NONE', 3,
 ( #544, #2113, #8459, #4505 ),
 .UNSPECIFIED., .F., .F.,
 ( 4, 4 ),
 ( 5.000000000000000000, 6.000000000000000000 ),
 .UNSPECIFIED. ) ;
#1988 = DIRECTION ( 'NONE',  ( 1.000000000000000000, 3.491481338843133355E-15, 0.000000000000000000 ) ) ;
#1989 = CARTESIAN_POINT ( 'NONE',  ( 0.5588967953114677423, 0.8731700223125384852, 0.7500000000000000000 ) ) ;
#1990 = FACE_OUTER_BOUND ( 'NONE', #7918, .T. ) ;
#1991 = B_SPLINE_SURFACE_WITH_KNOTS ( 'NONE', 3, 1, ( 
 ( #9787, #8186 ),
 ( #337, #3514 ),
 ( #285, #2684 ),
 ( #9737, #9057 ) ),
 .UNSPECIFIED., .F., .F., .F.,
 ( 4, 4 ),
 ( 2, 2 ),
 ( 3.000000000000000000, 4.000000000000000000 ),
 ( 0.000000000000000000, 1.000000000000000000 ),
 .UNSPECIFIED. ) ;
#1992 = EDGE_CURVE ( 'NONE', #6955, #1381, #6208, .T. ) ;
#1993 = VERTEX_POINT ( 'NONE', #5386 ) ;
#1994 = LINE ( 'NONE', #3615, #6908 ) ;
#1995 = ORIENTED_EDGE ( 'NONE', *, *, #3211, .T. ) ;
#1996 = AXIS2_PLACEMENT_3D ( 'NONE', #1637, #864, #3872 ) ;
#1997 = ORIENTED_EDGE ( 'NONE', *, *, #9260, .F. ) ;
#1998 = ORIENTED_EDGE ( 'NONE', *, *, #4794, .T. ) ;
#1999 = FILL_AREA_STYLE ('',( #6770 ) ) ;
#2000 = ORIENTED_EDGE ( 'NONE', *, *, #6861, .T. ) ;
#2001 = EDGE_CURVE ( 'NONE', #961, #5665, #1305, .T. ) ;
#2002 = VECTOR ( 'NONE', #4749, 1000.000000000000000 ) ;
#2003 = FILL_AREA_STYLE_COLOUR ( '', #3929 ) ;
#2004 = B_SPLINE_CURVE_WITH_KNOTS ( 'NONE', 3,
 ( #5536, #1607, #7949, #831 ),
 .UNSPECIFIED., .F., .F.,
 ( 4, 4 ),
 ( 1.000000000000000000, 2.000000000000000000 ),
 .UNSPECIFIED. ) ;
#2005 = ORIENTED_EDGE ( 'NONE', *, *, #4236, .F. ) ;
#2006 = PLANE ( 'NONE',  #8097 ) ;
#2007 = EDGE_CURVE ( 'NONE', #8837, #2022, #4524, .T. ) ;
#2008 =( LENGTH_UNIT ( ) NAMED_UNIT ( * ) SI_UNIT ( .MILLI., .METRE. ) );
#2009 = ORIENTED_EDGE ( 'NONE', *, *, #6292, .T. ) ;
#2010 = VECTOR ( 'NONE', #4412, 1000.000000000000000 ) ;
#2011 = ORIENTED_EDGE ( 'NONE', *, *, #296, .T. ) ;
#2012 = ORIENTED_EDGE ( 'NONE', *, *, #3976, .F. ) ;
#2013 = CARTESIAN_POINT ( 'NONE',  ( 0.08511231743923075577, 0.8551919503543360390, 0.7600000000000000089 ) ) ;
#2014 = VERTEX_POINT ( 'NONE', #5337 ) ;
#2015 = CARTESIAN_POINT ( 'NONE',  ( 0.5443737514706356029, 0.8129115481736538529, 0.7600000000000000089 ) ) ;
#2016 = CARTESIAN_POINT ( 'NONE',  ( 0.7999999999999964917, 1.001000000000003221, 0.1800000000000000211 ) ) ;
#2017 = EDGE_CURVE ( 'NONE', #2999, #9672, #8625, .T. ) ;
#2018 = CARTESIAN_POINT ( 'NONE',  ( -0.7999999999999964917, -1.000000000000003331, 0.7500000000000000000 ) ) ;
#2019 = LINE ( 'NONE', #1194, #3598 ) ;
#2020 = UNCERTAINTY_MEASURE_WITH_UNIT (LENGTH_MEASURE( 1.000000000000000082E-05 ), #1276, 'distance_accuracy_value', 'NONE');
#2021 = COLOUR_RGB ( '',0.6666666666666666297, 0.6666666666666666297, 0.6666666666666666297 ) ;
#2022 = VERTEX_POINT ( 'NONE', #3693 ) ;
#2023 = CARTESIAN_POINT ( 'NONE',  ( 0.3101397859677155755, 0.8730219974690239804, 0.7500000000000000000 ) ) ;
#2024 = EDGE_CURVE ( 'NONE', #2456, #6355, #3894, .T. ) ;
#2025 = CARTESIAN_POINT ( 'NONE',  ( 0.6527329004912759691, 0.8051747668278049774, 0.7600000000000000089 ) ) ;
#2026 = ORIENTED_EDGE ( 'NONE', *, *, #7980, .F. ) ;
#2027 = CARTESIAN_POINT ( 'NONE',  ( 0.03777045334268263471, 0.6885732608001106092, 0.7500000000000000000 ) ) ;
#2028 = CARTESIAN_POINT ( 'NONE',  ( 0.2271378452316094032, 0.8681033657031786976, 0.7500000000000000000 ) ) ;
#2029 = STYLED_ITEM ( 'NONE', ( #8155 ), #9997 ) ;
#2030 = CARTESIAN_POINT ( 'NONE',  ( 0.6342972557987428539, 0.6851441305197928378, 0.7500000000000000000 ) ) ;
#2031 = DIRECTION ( 'NONE',  ( -0.000000000000000000, -1.000000000000000000, -0.000000000000000000 ) ) ;
#2032 = LINE ( 'NONE', #9922, #2576 ) ;
#2033 = CARTESIAN_POINT ( 'NONE',  ( 0.6009848858325316234, 0.6579106601822904965, 0.7500000000000000000 ) ) ;
#2034 = LINE ( 'NONE', #5808, #4564 ) ;
#2035 = ORIENTED_EDGE ( 'NONE', *, *, #8996, .T. ) ;
#2036 = AXIS2_PLACEMENT_3D ( 'NONE', #5997, #9180, #2895 ) ;
#2037 = CARTESIAN_POINT ( 'NONE',  ( 0.7065366884790712509, 0.7953158968843083709, 0.7600000000000000089 ) ) ;
#2038 = ADVANCED_FACE ( 'NONE', ( #7043 ), #2957, .T. ) ;
#2039 = EDGE_CURVE ( 'NONE', #4279, #5676, #7193, .T. ) ;
#2040 = LINE ( 'NONE', #5102, #8757 ) ;
#2041 = ADVANCED_FACE ( 'NONE', ( #6364 ), #7616, .T. ) ;
#2042 = CARTESIAN_POINT ( 'NONE',  ( 0.3132139319208068207, 0.7912497168735491693, 0.7600000000000000089 ) ) ;
#2043 = PRESENTATION_STYLE_ASSIGNMENT (( #7627 ) ) ;
#2044 = DIRECTION ( 'NONE',  ( 1.000000000000000000, -0.000000000000000000, -0.000000000000000000 ) ) ;
#2045 = CARTESIAN_POINT ( 'NONE',  ( 0.5510494885176557833, 0.8699868894160619481, 0.7500000000000000000 ) ) ;
#2046 = SURFACE_STYLE_FILL_AREA ( #9156 ) ;
#2047 = FACE_OUTER_BOUND ( 'NONE', #7377, .T. ) ;
#2048 = VECTOR ( 'NONE', #1812, 1000.000000000000000 ) ;
#2049 = EDGE_CURVE ( 'NONE', #5660, #685, #9495, .T. ) ;
#2050 = CARTESIAN_POINT ( 'NONE',  ( -0.9999999999999965583, -1.000000000000003109, 0.7500000000000000000 ) ) ;
#2051 = ORIENTED_EDGE ( 'NONE', *, *, #3035, .F. ) ;
#2052 = DIRECTION ( 'NONE',  ( 0.4630180653866959872, -0.8863488427958606808, 0.000000000000000000 ) ) ;
#2053 = ORIENTED_EDGE ( 'NONE', *, *, #2546, .F. ) ;
#2054 = B_SPLINE_CURVE_WITH_KNOTS ( 'NONE', 3,
 ( #9558, #9712, #254, #6373 ),
 .UNSPECIFIED., .F., .F.,
 ( 4, 4 ),
 ( 5.000000000000000000, 6.000000000000000000 ),
 .UNSPECIFIED. ) ;
#2055 =( GEOMETRIC_REPRESENTATION_CONTEXT ( 3 ) GLOBAL_UNCERTAINTY_ASSIGNED_CONTEXT ( ( #3965 ) ) GLOBAL_UNIT_ASSIGNED_CONTEXT ( ( #7225, #2580, #1801 ) ) REPRESENTATION_CONTEXT ( 'NONE', 'WORKASPACE' ) );
#2056 = LINE ( 'NONE', #8500, #3425 ) ;
#2057 = ORIENTED_EDGE ( 'NONE', *, *, #4649, .T. ) ;
#2058 = CARTESIAN_POINT ( 'NONE',  ( 0.5379411704087839752, 0.7050387111230599357, 0.7600000000000000089 ) ) ;
#2059 = VECTOR ( 'NONE', #905, 1000.000000000000000 ) ;
#2060 = EDGE_CURVE ( 'NONE', #4001, #5144, #8822, .T. ) ;
#2061 = ORIENTED_EDGE ( 'NONE', *, *, #5385, .T. ) ;
#2062 = ORIENTED_EDGE ( 'NONE', *, *, #6173, .F. ) ;
#2063 =( NAMED_UNIT ( * ) SI_UNIT ( $, .STERADIAN. ) SOLID_ANGLE_UNIT ( ) );
#2064 = VERTEX_POINT ( 'NONE', #143 ) ;
#2065 = CARTESIAN_POINT ( 'NONE',  ( 0.5507842274429501916, 0.7125102313944980947, 0.7600000000000000089 ) ) ;
#2066 = CARTESIAN_POINT ( 'NONE',  ( 0.6367067105606337707, 0.6824030994145913187, 0.7600000000000000089 ) ) ;
#2067 = STYLED_ITEM ( 'NONE', ( #7582 ), #1094 ) ;
#2068 = CARTESIAN_POINT ( 'NONE',  ( 0.6500000000000000222, 2.269462870248036681E-15, 0.1800000000000000211 ) ) ;
#2069 = FACE_OUTER_BOUND ( 'NONE', #5028, .T. ) ;
#2070 = CARTESIAN_POINT ( 'NONE',  ( 0.08757163771990406076, 0.7002550248041142789, 0.7600000000000000089 ) ) ;
#2071 = ORIENTED_EDGE ( 'NONE', *, *, #4750, .T. ) ;
#2072 = CARTESIAN_POINT ( 'NONE',  ( -0.7999999999999987121, -0.3000000000000026534, -0.02000000000000000042 ) ) ;
#2073 = VECTOR ( 'NONE', #7962, 1000.000000000000000 ) ;
#2074 = ADVANCED_FACE ( 'NONE', ( #2375 ), #3327, .T. ) ;
#2075 = CARTESIAN_POINT ( 'NONE',  ( 0.5745693038089718652, 0.7938569609732751831, 0.7600000000000000089 ) ) ;
#2076 = ORIENTED_EDGE ( 'NONE', *, *, #3792, .F. ) ;
#2077 = DIRECTION ( 'NONE',  ( 1.000000000000000000, 1.128396311045734357E-14, -0.000000000000000000 ) ) ;
#2078 = DIRECTION ( 'NONE',  ( -1.000000000000000000, -0.000000000000000000, -0.000000000000000000 ) ) ;
#2079 = B_SPLINE_SURFACE_WITH_KNOTS ( 'NONE', 3, 1, ( 
 ( #8121, #1111 ),
 ( #1005, #8995 ),
 ( #7418, #8839 ),
 ( #1886, #324 ) ),
 .UNSPECIFIED., .F., .F., .F.,
 ( 4, 4 ),
 ( 2, 2 ),
 ( 1.000000000000000000, 2.000000000000000000 ),
 ( 0.000000000000000000, 1.000000000000000000 ),
 .UNSPECIFIED. ) ;
#2080 = CARTESIAN_POINT ( 'NONE',  ( 0.6192657948983233407, 0.7125102313944980947, 0.7600000000000000089 ) ) ;
#2081 = LINE ( 'NONE', #5247, #9859 ) ;
#2082 = CARTESIAN_POINT ( 'NONE',  ( 0.6379224904864937429, 0.6692726762158859311, 0.7600000000000000089 ) ) ;
#2083 = AXIS2_PLACEMENT_3D ( 'NONE', #135, #2422, #5732 ) ;
#2084 = EDGE_CURVE ( 'NONE', #1620, #9622, #3162, .T. ) ;
#2085 = DIRECTION ( 'NONE',  ( -0.3385350343141443896, -0.9409537876760585284, 0.000000000000000000 ) ) ;
#2086 = VECTOR ( 'NONE', #6792, 1000.000000000000000 ) ;
#2087 = ORIENTED_EDGE ( 'NONE', *, *, #5558, .T. ) ;
#2088 = CARTESIAN_POINT ( 'NONE',  ( 0.05129669436364789337, 0.6738173508430183034, 0.7500000000000000000 ) ) ;
#2089 = DIRECTION ( 'NONE',  ( -1.000000000000000000, -0.000000000000000000, -0.000000000000000000 ) ) ;
#2090 = STYLED_ITEM ( 'NONE', ( #6708 ), #3666 ) ;
#2091 = STYLED_ITEM ( 'NONE', ( #1605 ), #2074 ) ;
#2092 = CARTESIAN_POINT ( 'NONE',  ( 0.6747495696927860998, 0.6733842228739844726, 0.7600000000000000089 ) ) ;
#2093 = CARTESIAN_POINT ( 'NONE',  ( 0.7394732719229082374, 0.8396587065408116501, 0.7600000000000000089 ) ) ;
#2094 = EDGE_CURVE ( 'NONE', #554, #1186, #7946, .T. ) ;
#2095 = EDGE_CURVE ( 'NONE', #4961, #8297, #8307, .T. ) ;
#2096 = ORIENTED_EDGE ( 'NONE', *, *, #658, .F. ) ;
#2097 = VECTOR ( 'NONE', #7897, 1000.000000000000000 ) ;
#2098 = LINE ( 'NONE', #7686, #8253 ) ;
#2099 = VERTEX_POINT ( 'NONE', #303 ) ;
#2100 = VERTEX_POINT ( 'NONE', #8358 ) ;
#2101 = EDGE_CURVE ( 'NONE', #1488, #9583, #9757, .T. ) ;
#2102 = PLANE ( 'NONE',  #6883 ) ;
#2103 = VERTEX_POINT ( 'NONE', #7551 ) ;
#2104 = VECTOR ( 'NONE', #2195, 1000.000000000000000 ) ;
#2105 = ORIENTED_EDGE ( 'NONE', *, *, #2889, .F. ) ;
#2106 = LINE ( 'NONE', #9517, #1961 ) ;
#2107 = CARTESIAN_POINT ( 'NONE',  ( 0.2800131462448763875, 0.6959511923247825305, 0.7500000000000000000 ) ) ;
#2108 = ORIENTED_EDGE ( 'NONE', *, *, #2039, .F. ) ;
#2109 = ORIENTED_EDGE ( 'NONE', *, *, #3003, .T. ) ;
#2110 = CARTESIAN_POINT ( 'NONE',  ( 0.6304509702153541228, 0.7204238534566191898, 0.7500000000000000000 ) ) ;
#2111 = ORIENTED_EDGE ( 'NONE', *, *, #1063, .T. ) ;
#2112 = AXIS2_PLACEMENT_3D ( 'NONE', #4265, #3486, #2276 ) ;
#2113 = CARTESIAN_POINT ( 'NONE',  ( 0.8202231640836680215, 0.7319627102064939494, 0.7600000000000000089 ) ) ;
#2114 = CARTESIAN_POINT ( 'NONE',  ( 0.6379224904864937429, 0.6789989156221801769, 0.7600000000000000089 ) ) ;
#2115 = CARTESIAN_POINT ( 'NONE',  ( 0.8525629101089017281, 0.6581317110782219926, 0.7600000000000000089 ) ) ;
#2116 =( NAMED_UNIT ( * ) SI_UNIT ( $, .STERADIAN. ) SOLID_ANGLE_UNIT ( ) );
#2117 = LINE ( 'NONE', #3098, #1938 ) ;
#2118 = EDGE_CURVE ( 'NONE', #2635, #6401, #3862, .T. ) ;
#2119 = UNCERTAINTY_MEASURE_WITH_UNIT (LENGTH_MEASURE( 1.000000000000000082E-05 ), #9842, 'distance_accuracy_value', 'NONE');
#2120 = ORIENTED_EDGE ( 'NONE', *, *, #7642, .F. ) ;
#2121 = CARTESIAN_POINT ( 'NONE',  ( 0.5000000000000026645, -0.7509999999999986686, -0.02000000000000000042 ) ) ;
#2122 = VECTOR ( 'NONE', #2089, 1000.000000000000000 ) ;
#2123 = CARTESIAN_POINT ( 'NONE',  ( 0.5962765017564168879, 0.7087081559898809058, 0.7600000000000000089 ) ) ;
#2124 = VERTEX_POINT ( 'NONE', #4258 ) ;
#2125 = CARTESIAN_POINT ( 'NONE',  ( 0.7610257342436118622, 0.6581317110782208823, 0.7600000000000000089 ) ) ;
#2126 = CARTESIAN_POINT ( 'NONE',  ( 0.5707009131360528675, 0.6973903501359423052, 0.7600000000000000089 ) ) ;
#2127 = SURFACE_SIDE_STYLE ('',( #1505 ) ) ;
#2128 = PLANE ( 'NONE',  #9305 ) ;
#2129 = DIRECTION ( 'NONE',  ( 0.000000000000000000, -1.000000000000000000, 0.000000000000000000 ) ) ;
#2130 = CARTESIAN_POINT ( 'NONE',  ( 0.6802316319037785552, 0.8718437169393019603, 0.7500000000000000000 ) ) ;
#2131 = VECTOR ( 'NONE', #1663, 1000.000000000000000 ) ;
#2132 = CARTESIAN_POINT ( 'NONE',  ( 0.5476895149046111522, 0.6852325508779255614, 0.7600000000000000089 ) ) ;
#2133 = EDGE_CURVE ( 'NONE', #7444, #3159, #454, .T. ) ;
#2134 = ORIENTED_EDGE ( 'NONE', *, *, #5797, .T. ) ;
#2135 = SURFACE_SIDE_STYLE ('',( #5913 ) ) ;
#2136 = EDGE_CURVE ( 'NONE', #4139, #9008, #6580, .T. ) ;
#2137 = CARTESIAN_POINT ( 'NONE',  ( 1.649999999999996581, 1.000000000000006217, 0.1800000000000000488 ) ) ;
#2138 = CARTESIAN_POINT ( 'NONE',  ( 0.000000000000000000, 0.000000000000000000, 0.7500000000000000000 ) ) ;
#2139 = FACE_OUTER_BOUND ( 'NONE', #149, .T. ) ;
#2140 = CARTESIAN_POINT ( 'NONE',  ( 0.5171181760438913200, 0.6970808788818697588, 0.7500000000000000000 ) ) ;
#2141 = EDGE_CURVE ( 'NONE', #697, #2784, #1817, .T. ) ;
#2142 = VERTEX_POINT ( 'NONE', #6779 ) ;
#2143 = DIRECTION ( 'NONE',  ( -0.000000000000000000, -0.000000000000000000, -1.000000000000000000 ) ) ;
#2144 = EDGE_CURVE ( 'NONE', #801, #450, #1863, .T. ) ;
#2145 = DIRECTION ( 'NONE',  ( 0.000000000000000000, -0.000000000000000000, -1.000000000000000000 ) ) ;
#2146 = EDGE_LOOP ( 'NONE', ( #4453, #5963, #1393, #7546 ) ) ;
#2147 = CARTESIAN_POINT ( 'NONE',  ( 0.5665893664779527716, 0.8038042512749101753, 0.7500000000000000000 ) ) ;
#2148 = ORIENTED_EDGE ( 'NONE', *, *, #7934, .F. ) ;
#2149 = DIRECTION ( 'NONE',  ( -3.491481338843133355E-15, 1.000000000000000000, 0.000000000000000000 ) ) ;
#2150 = CARTESIAN_POINT ( 'NONE',  ( 0.6507655475206604034, 0.8718437169393019603, 0.7600000000000000089 ) ) ;
#2151 = ORIENTED_EDGE ( 'NONE', *, *, #4260, .F. ) ;
#2152 = AXIS2_PLACEMENT_3D ( 'NONE', #10260, #2476, #2361 ) ;
#2153 = B_SPLINE_CURVE_WITH_KNOTS ( 'NONE', 3,
 ( #7460, #8270, #7567, #8321 ),
 .UNSPECIFIED., .F., .F.,
 ( 4, 4 ),
 ( 2.000000000000000000, 3.000000000000000000 ),
 .UNSPECIFIED. ) ;
#2154 = B_SPLINE_SURFACE_WITH_KNOTS ( 'NONE', 3, 1, ( 
 ( #7577, #5206 ),
 ( #1315, #8385 ),
 ( #3653, #9824 ),
 ( #9978, #6017 ) ),
 .UNSPECIFIED., .F., .F., .F.,
 ( 4, 4 ),
 ( 2, 2 ),
 ( 0.000000000000000000, 1.000000000000000000 ),
 ( 0.000000000000000000, 1.000000000000000000 ),
 .UNSPECIFIED. ) ;
#2155 = ORIENTED_EDGE ( 'NONE', *, *, #9834, .T. ) ;
#2156 = CARTESIAN_POINT ( 'NONE',  ( 0.7610257342436118622, 0.6581317110782208823, 0.7500000000000000000 ) ) ;
#2157 = B_SPLINE_CURVE_WITH_KNOTS ( 'NONE', 3,
 ( #2522, #9634, #6503, #8954 ),
 .UNSPECIFIED., .F., .F.,
 ( 4, 4 ),
 ( 2.000000000000000000, 3.000000000000000000 ),
 .UNSPECIFIED. ) ;
#2158 = CARTESIAN_POINT ( 'NONE',  ( 0.8477661056752422430, 0.7152954726787674744, 0.7500000000000000000 ) ) ;
#2159 = ORIENTED_EDGE ( 'NONE', *, *, #5826, .T. ) ;
#2160 = CARTESIAN_POINT ( 'NONE',  ( 0.05990432414119993554, 0.8447398552867569910, 0.7500000000000000000 ) ) ;
#2161 = EDGE_CURVE ( 'NONE', #8297, #5176, #5791, .T. ) ;
#2162 = MECHANICAL_DESIGN_GEOMETRIC_PRESENTATION_REPRESENTATION (  '', ( #10110 ), #6952 ) ;
#2163 = DIRECTION ( 'NONE',  ( 0.000000000000000000, -0.000000000000000000, -1.000000000000000000 ) ) ;
#2164 = CARTESIAN_POINT ( 'NONE',  ( 0.6074395719839118524, 0.7066744877503673417, 0.7600000000000000089 ) ) ;
#2165 = LINE ( 'NONE', #3936, #8016 ) ;
#2166 = FACE_BOUND ( 'NONE', #2171, .T. ) ;
#2167 = COLOUR_RGB ( '',0.4980392156862745168, 0.4980392156862745168, 0.4980392156862745168 ) ;
#2168 = EDGE_LOOP ( 'NONE', ( #4123, #5395, #8774, #9823, #7763, #1407 ) ) ;
#2169 = LINE ( 'NONE', #7093, #8750 ) ;
#2170 = CARTESIAN_POINT ( 'NONE',  ( 0.4861931557500361323, 0.7069839590044362243, 0.7600000000000000089 ) ) ;
#2171 = EDGE_LOOP ( 'NONE', ( #6304, #9261, #10106, #9500, #8667, #3829, #9373 ) ) ;
#2172 = ORIENTED_EDGE ( 'NONE', *, *, #112, .F. ) ;
#2173 = CARTESIAN_POINT ( 'NONE',  ( 0.4861931557500361323, 0.8051747668278049774, 0.7500000000000000000 ) ) ;
#2174 = CARTESIAN_POINT ( 'NONE',  ( 0.8910920812113980460, 0.7335542766547332727, 0.7500000000000000000 ) ) ;
#2175 = EDGE_CURVE ( 'NONE', #10165, #4397, #1153, .T. ) ;
#2176 = DIRECTION ( 'NONE',  ( 1.000000000000000000, -0.000000000000000000, -0.000000000000000000 ) ) ;
#2177 = PRESENTATION_STYLE_ASSIGNMENT (( #6939 ) ) ;
#2178 = FACE_OUTER_BOUND ( 'NONE', #7638, .T. ) ;
#2179 = MECHANICAL_DESIGN_GEOMETRIC_PRESENTATION_REPRESENTATION (  '', ( #8980 ), #1675 ) ;
#2180 = CARTESIAN_POINT ( 'NONE',  ( 0.4861931557500361323, 0.8817910072409375077, 0.7600000000000000089 ) ) ;
#2181 = CARTESIAN_POINT ( 'NONE',  ( 0.03777045334268263471, 0.6885732608001106092, 0.7500000000000000000 ) ) ;
#2182 = ORIENTED_EDGE ( 'NONE', *, *, #370, .T. ) ;
#2183 = PLANE ( 'NONE',  #3611 ) ;
#2184 = EDGE_LOOP ( 'NONE', ( #320, #3580, #9529, #8518 ) ) ;
#2185 = DIRECTION ( 'NONE',  ( 0.000000000000000000, 0.000000000000000000, 1.000000000000000000 ) ) ;
#2186 = EDGE_LOOP ( 'NONE', ( #1913, #8754, #1916, #739 ) ) ;
#2187 = EDGE_CURVE ( 'NONE', #3019, #8585, #4131, .T. ) ;
#2188 = CARTESIAN_POINT ( 'NONE',  ( 0.1207723999419626909, 0.6645948895298708914, 0.7600000000000000089 ) ) ;
#2189 = PLANE ( 'NONE',  #4656 ) ;
#2190 = CARTESIAN_POINT ( 'NONE',  ( 0.1742625442183440010, 0.8963855086191875321, 0.7600000000000000089 ) ) ;
#2191 = LINE ( 'NONE', #2298, #2893 ) ;
#2192 = ORIENTED_EDGE ( 'NONE', *, *, #1445, .T. ) ;
#2193 = AXIS2_PLACEMENT_3D ( 'NONE', #2960, #8427, #5340 ) ;
#2194 = EDGE_CURVE ( 'NONE', #3945, #9936, #2797, .T. ) ;
#2195 = DIRECTION ( 'NONE',  ( -0.000000000000000000, -0.000000000000000000, -1.000000000000000000 ) ) ;
#2196 = VERTEX_POINT ( 'NONE', #2015 ) ;
#2198 = EDGE_CURVE ( 'NONE', #8900, #8420, #9934, .T. ) ;
#2197 = DIRECTION ( 'NONE',  ( 1.000000000000000000, 3.491481338843133355E-15, 0.000000000000000000 ) ) ;
#2199 =( GEOMETRIC_REPRESENTATION_CONTEXT ( 3 ) GLOBAL_UNCERTAINTY_ASSIGNED_CONTEXT ( ( #4612 ) ) GLOBAL_UNIT_ASSIGNED_CONTEXT ( ( #3263, #4037, #3319 ) ) REPRESENTATION_CONTEXT ( 'NONE', 'WORKASPACE' ) );
#2200 = ORIENTED_EDGE ( 'NONE', *, *, #2773, .T. ) ;
#2201 =( NAMED_UNIT ( * ) PLANE_ANGLE_UNIT ( ) SI_UNIT ( $, .RADIAN. ) );
#2202 = EDGE_LOOP ( 'NONE', ( #3079, #9161, #40, #6259 ) ) ;
#2203 = CARTESIAN_POINT ( 'NONE',  ( 0.8906720845096591788, 0.7309458760867376670, 0.7600000000000000089 ) ) ;
#2204 = EDGE_CURVE ( 'NONE', #9902, #5989, #7565, .T. ) ;
#2205 = VERTEX_POINT ( 'NONE', #4201 ) ;
#2206 = CARTESIAN_POINT ( 'NONE',  ( 0.6129658443739728346, 0.6566727751671871394, 0.7500000000000000000 ) ) ;
#2207 = EDGE_CURVE ( 'NONE', #6978, #6667, #4359, .T. ) ;
#2208 = ORIENTED_EDGE ( 'NONE', *, *, #7123, .F. ) ;
#2209 = CARTESIAN_POINT ( 'NONE',  ( 0.6349604084856546038, 0.7185670259333802878, 0.7500000000000000000 ) ) ;
#2210 =( GEOMETRIC_REPRESENTATION_CONTEXT ( 3 ) GLOBAL_UNCERTAINTY_ASSIGNED_CONTEXT ( ( #2020 ) ) GLOBAL_UNIT_ASSIGNED_CONTEXT ( ( #1276, #10140, #3859 ) ) REPRESENTATION_CONTEXT ( 'NONE', 'WORKASPACE' ) );
#2211 = CARTESIAN_POINT ( 'NONE',  ( 0.8011464717943481695, 0.6581317110782219926, 0.7600000000000000089 ) ) ;
#2212 = DIRECTION ( 'NONE',  ( 3.491481338843133355E-15, -1.000000000000000000, 0.000000000000000000 ) ) ;
#2213 = CARTESIAN_POINT ( 'NONE',  ( 0.5366590752143179932, 0.8705174115654762401, 0.7500000000000000000 ) ) ;
#2214 = DIRECTION ( 'NONE',  ( 0.000000000000000000, 0.000000000000000000, 1.000000000000000000 ) ) ;
#2215 = ADVANCED_FACE ( 'NONE', ( #9021 ), #7337, .F. ) ;
#2216 = CARTESIAN_POINT ( 'NONE',  ( 0.4861931557500382972, 0.6679905810217201534, 0.7600000000000000089 ) ) ;
#2217 = AXIS2_PLACEMENT_3D ( 'NONE', #3314, #1022, #4184 ) ;
#2218 = ORIENTED_EDGE ( 'NONE', *, *, #7891, .T. ) ;
#2219 = CARTESIAN_POINT ( 'NONE',  ( 0.1447507477583269697, 0.8090797962370152030, 0.7600000000000000089 ) ) ;
#2220 = LINE ( 'NONE', #708, #2370 ) ;
#2221 = ORIENTED_EDGE ( 'NONE', *, *, #10180, .T. ) ;
#2222 = ORIENTED_EDGE ( 'NONE', *, *, #7052, .F. ) ;
#2223 = CARTESIAN_POINT ( 'NONE',  ( 0.7773613954283229432, 0.6581317110782219926, 0.7600000000000000089 ) ) ;
#2224 = CARTESIAN_POINT ( 'NONE',  ( 0.3470295374056933113, 0.6596762841493413188, 0.7600000000000000089 ) ) ;
#2225 = CARTESIAN_POINT ( 'NONE',  ( 0.7649162300057733566, 0.8189683427131271287, 0.7600000000000000089 ) ) ;
#2226 = LINE ( 'NONE', #1452, #3828 ) ;
#2227 = FACE_OUTER_BOUND ( 'NONE', #7321, .T. ) ;
#2228 = DIRECTION ( 'NONE',  ( -0.9398440417738229691, -0.3416038306902375865, 0.000000000000000000 ) ) ;
#2229 = FACE_BOUND ( 'NONE', #4810, .T. ) ;
#2230 = ORIENTED_EDGE ( 'NONE', *, *, #7000, .T. ) ;
#2231 = PRESENTATION_LAYER_ASSIGNMENT (  '', '', ( #8215 ) ) ;
#2232 = VECTOR ( 'NONE', #1366, 1000.000000000000000 ) ;
#2233 = CARTESIAN_POINT ( 'NONE',  ( 0.5562441845641136196, 0.6871777987593001846, 0.7600000000000000089 ) ) ;
#2234 = ORIENTED_EDGE ( 'NONE', *, *, #7739, .T. ) ;
#2235 = CARTESIAN_POINT ( 'NONE',  ( 0.8732090637575159464, 0.6817841569064504448, 0.7500000000000000000 ) ) ;
#2236 = LINE ( 'NONE', #6218, #471 ) ;
#2237 = VECTOR ( 'NONE', #8461, 1000.000000000000000 ) ;
#2238 = LINE ( 'NONE', #6997, #8705 ) ;
#2239 = DIRECTION ( 'NONE',  ( -0.000000000000000000, -0.000000000000000000, -1.000000000000000000 ) ) ;
#2240 = PRESENTATION_LAYER_ASSIGNMENT (  '', '', ( #923 ) ) ;
#2241 = CARTESIAN_POINT ( 'NONE',  ( 0.2714055516484271124, 0.6768914967966971341, 0.7600000000000000089 ) ) ;
#2242 = FACE_OUTER_BOUND ( 'NONE', #4369, .T. ) ;
#2243 = LINE ( 'NONE', #4586, #7347 ) ;
#2244 = B_SPLINE_CURVE_WITH_KNOTS ( 'NONE', 3,
 ( #7948, #9608, #9655, #2440 ),
 .UNSPECIFIED., .F., .F.,
 ( 4, 4 ),
 ( 11.00000000000000000, 12.00000000000000000 ),
 .UNSPECIFIED. ) ;
#2245 = ORIENTED_EDGE ( 'NONE', *, *, #5300, .T. ) ;
#2246 = ORIENTED_EDGE ( 'NONE', *, *, #3707, .T. ) ;
#2247 = EDGE_CURVE ( 'NONE', #5134, #7561, #1139, .T. ) ;
#2248 = DIRECTION ( 'NONE',  ( 0.1333547648938887276, -0.9910683662997703536, 0.000000000000000000 ) ) ;
#2249 = AXIS2_PLACEMENT_3D ( 'NONE', #635, #3667, #4597 ) ;
#2250 = VECTOR ( 'NONE', #3055, 1000.000000000000000 ) ;
#2251 = ORIENTED_EDGE ( 'NONE', *, *, #967, .T. ) ;
#2252 = ORIENTED_EDGE ( 'NONE', *, *, #3226, .T. ) ;
#2253 = LINE ( 'NONE', #3972, #5469 ) ;
#2254 = VERTEX_POINT ( 'NONE', #398 ) ;
#2255 = CARTESIAN_POINT ( 'NONE',  ( 0.8910920812113980460, 0.7335542766547332727, 0.7500000000000000000 ) ) ;
#2256 = COLOUR_RGB ( '',0.6666666666666666297, 0.6666666666666666297, 0.6666666666666666297 ) ;
#2257 = DIRECTION ( 'NONE',  ( 0.000000000000000000, 0.000000000000000000, 1.000000000000000000 ) ) ;
#2258 = EDGE_CURVE ( 'NONE', #1019, #8913, #8449, .T. ) ;
#2259 = CARTESIAN_POINT ( 'NONE',  ( 0.3255105157337611632, 0.6578318012680252069, 0.7600000000000000089 ) ) ;
#2260 = ORIENTED_EDGE ( 'NONE', *, *, #2344, .T. ) ;
#2261 = VECTOR ( 'NONE', #5059, 1000.000000000000000 ) ;
#2262 = CARTESIAN_POINT ( 'NONE',  ( 0.8347241028346763514, 0.7331563850431136453, 0.7500000000000000000 ) ) ;
#2263 = EDGE_CURVE ( 'NONE', #7433, #8098, #9907, .T. ) ;
#2264 = ORIENTED_EDGE ( 'NONE', *, *, #5803, .F. ) ;
#2265 = CARTESIAN_POINT ( 'NONE',  ( 0.6074395719839118524, 0.7066744877503673417, 0.7500000000000000000 ) ) ;
#2266 = ORIENTED_EDGE ( 'NONE', *, *, #1493, .F. ) ;
#2267 = FACE_OUTER_BOUND ( 'NONE', #6983, .T. ) ;
#2268 = CARTESIAN_POINT ( 'NONE',  ( 0.7999999999999982681, 0.4710000000000031939, 0.000000000000000000 ) ) ;
#2269 = CARTESIAN_POINT ( 'NONE',  ( 0.5649756949401822936, 0.7938569609732751831, 0.7500000000000000000 ) ) ;
#2270 = B_SPLINE_CURVE_WITH_KNOTS ( 'NONE', 3,
 ( #746, #3975, #4026, #9525 ),
 .UNSPECIFIED., .F., .F.,
 ( 4, 4 ),
 ( 5.000000000000000000, 6.000000000000000000 ),
 .UNSPECIFIED. ) ;
#2271 = DIRECTION ( 'NONE',  ( 1.000000000000000000, -0.000000000000000000, -0.000000000000000000 ) ) ;
#2272 = VECTOR ( 'NONE', #6215, 1000.000000000000114 ) ;
#2273 = LINE ( 'NONE', #5429, #9059 ) ;
#2274 = ADVANCED_FACE ( 'NONE', ( #5993 ), #8552, .F. ) ;
#2275 = ORIENTED_EDGE ( 'NONE', *, *, #8616, .F. ) ;
#2276 = DIRECTION ( 'NONE',  ( 1.000000000000000000, 0.000000000000000000, -0.000000000000000000 ) ) ;
#2277 = CARTESIAN_POINT ( 'NONE',  ( 0.4861931557500361323, 0.8051747668278049774, 0.7600000000000000089 ) ) ;
#2278 = ORIENTED_EDGE ( 'NONE', *, *, #6764, .T. ) ;
#2279 = VECTOR ( 'NONE', #4352, 999.9999999999998863 ) ;
#2280 = ADVANCED_FACE ( 'NONE', ( #3678 ), #7699, .F. ) ;
#2281 = ORIENTED_EDGE ( 'NONE', *, *, #9307, .T. ) ;
#2282 = CARTESIAN_POINT ( 'NONE',  ( 0.7119303303313360143, 0.8691468960131699673, 0.7600000000000000089 ) ) ;
#2283 = CARTESIAN_POINT ( 'NONE',  ( 0.2916948867947078972, 0.6959511923247825305, 0.7500000000000000000 ) ) ;
#2284 = CARTESIAN_POINT ( 'NONE',  ( 0.7999999999999973799, 0.7510000000000032205, -0.02000000000000000042 ) ) ;
#2285 = DIRECTION ( 'NONE',  ( 0.000000000000000000, 0.000000000000000000, 1.000000000000000000 ) ) ;
#2286 = CARTESIAN_POINT ( 'NONE',  ( 0.05068188628163305953, 0.7568193150332921393, 0.7600000000000000089 ) ) ;
#2287 = PLANE ( 'NONE',  #9884 ) ;
#2288 = VERTEX_POINT ( 'NONE', #2842 ) ;
#2289 =( GEOMETRIC_REPRESENTATION_CONTEXT ( 3 ) GLOBAL_UNCERTAINTY_ASSIGNED_CONTEXT ( ( #2119 ) ) GLOBAL_UNIT_ASSIGNED_CONTEXT ( ( #9842, #2741, #3424 ) ) REPRESENTATION_CONTEXT ( 'NONE', 'WORKASPACE' ) );
#2290 = LINE ( 'NONE', #563, #2272 ) ;
#2291 = FILL_AREA_STYLE_COLOUR ( '', #8273 ) ;
#2292 = LINE ( 'NONE', #5926, #8278 ) ;
#2293 =( GEOMETRIC_REPRESENTATION_CONTEXT ( 3 ) GLOBAL_UNCERTAINTY_ASSIGNED_CONTEXT ( ( #7063 ) ) GLOBAL_UNIT_ASSIGNED_CONTEXT ( ( #2335, #2384, #6164 ) ) REPRESENTATION_CONTEXT ( 'NONE', 'WORKASPACE' ) );
#2294 = CARTESIAN_POINT ( 'NONE',  ( 0.8020306753763067897, 0.7446068214348521286, 0.7500000000000000000 ) ) ;
#2295 = LINE ( 'NONE', #5602, #1667 ) ;
#2296 = CARTESIAN_POINT ( 'NONE',  ( 0.1994705433798436012, 0.9049931171414455910, 0.7600000000000000089 ) ) ;
#2297 = FILL_AREA_STYLE_COLOUR ( '', #8498 ) ;
#2298 = CARTESIAN_POINT ( 'NONE',  ( 0.6062237920583464224, 0.8817910072409375077, 0.7600000000000000089 ) ) ;
#2299 = UNCERTAINTY_MEASURE_WITH_UNIT (LENGTH_MEASURE( 1.000000000000000082E-05 ), #4414, 'distance_accuracy_value', 'NONE');
#2300 = CARTESIAN_POINT ( 'NONE',  ( 0.6309593872752314869, 0.6615801050491079138, 0.7600000000000000089 ) ) ;
#2301 = ORIENTED_EDGE ( 'NONE', *, *, #1770, .T. ) ;
#2302 = CARTESIAN_POINT ( 'NONE',  ( 0.5319064809591412812, 0.6691400456786809059, 0.7600000000000000089 ) ) ;
#2303 = VERTEX_POINT ( 'NONE', #5231 ) ;
#2304 = DIRECTION ( 'NONE',  ( -1.000000000000000000, 0.000000000000000000, 0.000000000000000000 ) ) ;
#2305 = EDGE_CURVE ( 'NONE', #3475, #7421, #10055, .T. ) ;
#2306 = ORIENTED_EDGE ( 'NONE', *, *, #186, .F. ) ;
#2307 = LINE ( 'NONE', #1376, #4727 ) ;
#2308 = DIRECTION ( 'NONE',  ( 1.000000000000000000, 3.220430795721757247E-15, -0.000000000000000000 ) ) ;
#2309 = DIRECTION ( 'NONE',  ( -3.491481338843133355E-15, 1.000000000000000000, 0.000000000000000000 ) ) ;
#2310 = EDGE_LOOP ( 'NONE', ( #6986, #7797, #6573, #5419 ) ) ;
#2311 = CARTESIAN_POINT ( 'NONE',  ( 0.7394732719229082374, 0.8396587065408116501, 0.7600000000000000089 ) ) ;
#2312 = ORIENTED_EDGE ( 'NONE', *, *, #422, .F. ) ;
#2313 = FILL_AREA_STYLE_COLOUR ( '', #8961 ) ;
#2314 = EDGE_CURVE ( 'NONE', #7633, #1962, #2943, .T. ) ;
#2315 = LINE ( 'NONE', #2571, #6388 ) ;
#2316 = CARTESIAN_POINT ( 'NONE',  ( 0.7442700763577460021, 0.7953158968843083709, 0.7500000000000000000 ) ) ;
#2317 = CARTESIAN_POINT ( 'NONE',  ( 0.5000000000000034417, -1.000999999999998558, -0.02000000000000000042 ) ) ;
#2318 =( NAMED_UNIT ( * ) PLANE_ANGLE_UNIT ( ) SI_UNIT ( $, .RADIAN. ) );
#2319 = CARTESIAN_POINT ( 'NONE',  ( 0.4042086474444112065, 0.7223888662852913090, 0.7600000000000000089 ) ) ;
#2320 = EDGE_CURVE ( 'NONE', #9862, #8921, #4607, .T. ) ;
#2321 = ORIENTED_EDGE ( 'NONE', *, *, #3537, .F. ) ;
#2322 = CARTESIAN_POINT ( 'NONE',  ( 0.1355283098990540114, 0.8146132566079012927, 0.7600000000000000089 ) ) ;
#2323 = LINE ( 'NONE', #7774, #2873 ) ;
#2324 = VECTOR ( 'NONE', #1502, 1000.000000000000000 ) ;
#2325 = CARTESIAN_POINT ( 'NONE',  ( 0.5889155069332399073, 0.8095957847399702922, 0.7500000000000000000 ) ) ;
#2326 = CARTESIAN_POINT ( 'NONE',  ( 0.6062237920583464224, 0.7953158968843062615, 0.7500000000000000000 ) ) ;
#2327 = EDGE_CURVE ( 'NONE', #1789, #1859, #7602, .T. ) ;
#2328 = LINE ( 'NONE', #5439, #10129 ) ;
#2329 = DIRECTION ( 'NONE',  ( -1.000000000000000000, 0.000000000000000000, 0.000000000000000000 ) ) ;
#2330 = FACE_OUTER_BOUND ( 'NONE', #9460, .T. ) ;
#2331 = CARTESIAN_POINT ( 'NONE',  ( 0.3181325607552124013, 0.7912497168735491693, 0.7600000000000000089 ) ) ;
#2332 = ORIENTED_EDGE ( 'NONE', *, *, #6960, .T. ) ;
#2333 = COLOUR_RGB ( '',0.2980392156862745057, 0.2980392156862745057, 0.2980392156862745057 ) ;
#2334 = DIRECTION ( 'NONE',  ( -0.3658589216693860502, 0.9306703226357408987, 0.000000000000000000 ) ) ;
#2335 =( LENGTH_UNIT ( ) NAMED_UNIT ( * ) SI_UNIT ( .MILLI., .METRE. ) );
#2336 = DIRECTION ( 'NONE',  ( -0.000000000000000000, -0.000000000000000000, -1.000000000000000000 ) ) ;
#2337 = VECTOR ( 'NONE', #773, 1000.000000000000000 ) ;
#2338 = CARTESIAN_POINT ( 'NONE',  ( 0.1207723999419626909, 0.6781211364145958154, 0.7600000000000000089 ) ) ;
#2339 = DIRECTION ( 'NONE',  ( -0.9345104387417429992, -0.3559357243698855200, 0.000000000000000000 ) ) ;
#2340 = CARTESIAN_POINT ( 'NONE',  ( 0.2892356075583163433, 0.6578318012680252069, 0.7500000000000000000 ) ) ;
#2341 = CARTESIAN_POINT ( 'NONE',  ( 0.6499476592070067005, 0.6383255508324964245, 0.7500000000000000000 ) ) ;
#2342 = ORIENTED_EDGE ( 'NONE', *, *, #5567, .T. ) ;
#2343 = EDGE_CURVE ( 'NONE', #1650, #8785, #1129, .T. ) ;
#2344 = EDGE_CURVE ( 'NONE', #177, #4730, #1987, .T. ) ;
#2345 = CARTESIAN_POINT ( 'NONE',  ( 0.6074395719839118524, 0.7041987177201679549, 0.7600000000000000089 ) ) ;
#2346 = CARTESIAN_POINT ( 'NONE',  ( 0.8927057527491721878, 0.7274974821158513016, 0.7500000000000000000 ) ) ;
#2347 = ADVANCED_FACE ( 'NONE', ( #6092 ), #9269, .F. ) ;
#2348 = ORIENTED_EDGE ( 'NONE', *, *, #9784, .T. ) ;
#2349 = CARTESIAN_POINT ( 'NONE',  ( 0.7068461597331406887, 0.8817910072409375077, 0.7600000000000000089 ) ) ;
#2350 = ORIENTED_EDGE ( 'NONE', *, *, #4490, .T. ) ;
#2351 = LINE ( 'NONE', #7166, #2002 ) ;
#2352 = ORIENTED_EDGE ( 'NONE', *, *, #600, .T. ) ;
#2353 = COLOUR_RGB ( '',0.6666666666666666297, 0.6666666666666666297, 0.6666666666666666297 ) ;
#2354 = FACE_OUTER_BOUND ( 'NONE', #5271, .T. ) ;
#2355 = PRESENTATION_STYLE_ASSIGNMENT (( #6398 ) ) ;
#2356 = FACE_OUTER_BOUND ( 'NONE', #540, .T. ) ;
#2357 =( GEOMETRIC_REPRESENTATION_CONTEXT ( 3 ) GLOBAL_UNCERTAINTY_ASSIGNED_CONTEXT ( ( #8641 ) ) GLOBAL_UNIT_ASSIGNED_CONTEXT ( ( #3471, #2424, #180 ) ) REPRESENTATION_CONTEXT ( 'NONE', 'WORKASPACE' ) );
#2358 = VERTEX_POINT ( 'NONE', #9323 ) ;
#2359 = DIRECTION ( 'NONE',  ( -0.000000000000000000, -0.000000000000000000, -1.000000000000000000 ) ) ;
#2360 = ORIENTED_EDGE ( 'NONE', *, *, #6849, .F. ) ;
#2361 = DIRECTION ( 'NONE',  ( -0.000000000000000000, 0.000000000000000000, -1.000000000000000000 ) ) ;
#2362 = LINE ( 'NONE', #6925, #5487 ) ;
#2363 = CARTESIAN_POINT ( 'NONE',  ( 0.05068188628163305953, 0.7568193150332921393, 0.7600000000000000089 ) ) ;
#2364 = CARTESIAN_POINT ( 'NONE',  ( 0.5962101864878148749, 0.6714831851716753786, 0.7600000000000000089 ) ) ;
#2365 = CARTESIAN_POINT ( 'NONE',  ( 0.7277354693672223318, 0.8393492352867428785, 0.7600000000000000089 ) ) ;
#2366 = PRESENTATION_STYLE_ASSIGNMENT (( #8862 ) ) ;
#2367 = EDGE_CURVE ( 'NONE', #794, #8942, #9378, .T. ) ;
#2368 = ORIENTED_EDGE ( 'NONE', *, *, #8140, .T. ) ;
#2369 = CARTESIAN_POINT ( 'NONE',  ( 0.6098048165667382392, 0.6984513944347666703, 0.7600000000000000089 ) ) ;
#2370 = VECTOR ( 'NONE', #1548, 1000.000000000000000 ) ;
#2371 = ORIENTED_EDGE ( 'NONE', *, *, #6818, .T. ) ;
#2372 = VERTEX_POINT ( 'NONE', #1436 ) ;
#2373 = LINE ( 'NONE', #5531, #5633 ) ;
#2374 = CARTESIAN_POINT ( 'NONE',  ( 0.7442700763577460021, 0.7953158968843083709, 0.7500000000000000000 ) ) ;
#2375 = FACE_OUTER_BOUND ( 'NONE', #8983, .T. ) ;
#2376 = DIRECTION ( 'NONE',  ( -0.000000000000000000, -0.000000000000000000, -1.000000000000000000 ) ) ;
#2377 = FILL_AREA_STYLE_COLOUR ( '', #7885 ) ;
#2378 = CARTESIAN_POINT ( 'NONE',  ( 0.01194762850846879318, 0.7555896285076423302, 0.7500000000000000000 ) ) ;
#2379 = B_SPLINE_SURFACE_WITH_KNOTS ( 'NONE', 3, 1, ( 
 ( #912, #128 ),
 ( #2682, #173 ),
 ( #4081, #9682 ),
 ( #9003, #1018 ) ),
 .UNSPECIFIED., .F., .F., .F.,
 ( 4, 4 ),
 ( 2, 2 ),
 ( 9.000000000000000000, 10.00000000000000000 ),
 ( 0.000000000000000000, 1.000000000000000000 ),
 .UNSPECIFIED. ) ;
#2380 = CARTESIAN_POINT ( 'NONE',  ( 0.5660588443285435867, 0.6705989815897152040, 0.7600000000000000089 ) ) ;
#2381 = ORIENTED_EDGE ( 'NONE', *, *, #9364, .T. ) ;
#2382 = EDGE_CURVE ( 'NONE', #2100, #1351, #496, .T. ) ;
#2383 = CARTESIAN_POINT ( 'NONE',  ( 0.7566047163314477686, 0.6970808788818703139, 0.7600000000000000089 ) ) ;
#2384 =( NAMED_UNIT ( * ) PLANE_ANGLE_UNIT ( ) SI_UNIT ( $, .RADIAN. ) );
#2385 = VERTEX_POINT ( 'NONE', #6972 ) ;
#2386 = CARTESIAN_POINT ( 'NONE',  ( 0.8347241028346763514, 0.7331563850431136453, 0.7500000000000000000 ) ) ;
#2387 = ADVANCED_FACE ( 'NONE', ( #2267 ), #5424, .F. ) ;
#2388 = PLANE ( 'NONE',  #6 ) ;
#2389 = FILL_AREA_STYLE ('',( #8534 ) ) ;
#2390 = CARTESIAN_POINT ( 'NONE',  ( 0.3667040761971913643, 0.6695135652720252128, 0.7600000000000000089 ) ) ;
#2391 = LINE ( 'NONE', #9459, #9040 ) ;
#2392 = AXIS2_PLACEMENT_3D ( 'NONE', #4076, #2518, #3353 ) ;
#2393 = VERTEX_POINT ( 'NONE', #6552 ) ;
#2394 = B_SPLINE_CURVE_WITH_KNOTS ( 'NONE', 3,
 ( #4100, #7239, #141, #3325 ),
 .UNSPECIFIED., .F., .F.,
 ( 4, 4 ),
 ( 5.000000000000000000, 6.000000000000000000 ),
 .UNSPECIFIED. ) ;
#2395 = UNCERTAINTY_MEASURE_WITH_UNIT (LENGTH_MEASURE( 1.000000000000000082E-05 ), #2666, 'distance_accuracy_value', 'NONE');
#2396 = CARTESIAN_POINT ( 'NONE',  ( 0.2793983264356283414, 0.6584466210769750472, 0.7500000000000000000 ) ) ;
#2397 = CARTESIAN_POINT ( 'NONE',  ( 0.5449705888889437855, 0.8635764134440407913, 0.7500000000000000000 ) ) ;
#2398 =( GEOMETRIC_REPRESENTATION_CONTEXT ( 3 ) GLOBAL_UNCERTAINTY_ASSIGNED_CONTEXT ( ( #5622 ) ) GLOBAL_UNIT_ASSIGNED_CONTEXT ( ( #6654, #9826, #9881 ) ) REPRESENTATION_CONTEXT ( 'NONE', 'WORKASPACE' ) );
#2399 = VECTOR ( 'NONE', #4376, 1000.000000000000000 ) ;
#2400 = ORIENTED_EDGE ( 'NONE', *, *, #290, .T. ) ;
#2401 = CARTESIAN_POINT ( 'NONE',  ( 0.2738648777922716437, 0.7629676069394741855, 0.7500000000000000000 ) ) ;
#2402 = ADVANCED_FACE ( 'NONE', ( #7368 ), #6499, .F. ) ;
#2403 = ORIENTED_EDGE ( 'NONE', *, *, #10280, .T. ) ;
#2404 = CARTESIAN_POINT ( 'NONE',  ( 0.8260368026382639561, 0.6621548373775935081, 0.7600000000000000089 ) ) ;
#2405 = DIRECTION ( 'NONE',  ( -0.000000000000000000, -0.000000000000000000, -1.000000000000000000 ) ) ;
#2406 = EDGE_CURVE ( 'NONE', #5641, #768, #3403, .T. ) ;
#2407 = DIRECTION ( 'NONE',  ( 1.000000000000000000, 0.000000000000000000, -0.000000000000000000 ) ) ;
#2408 = DIRECTION ( 'NONE',  ( 0.000000000000000000, -1.000000000000000000, 0.000000000000000000 ) ) ;
#2409 =( GEOMETRIC_REPRESENTATION_CONTEXT ( 3 ) GLOBAL_UNCERTAINTY_ASSIGNED_CONTEXT ( ( #8030 ) ) GLOBAL_UNIT_ASSIGNED_CONTEXT ( ( #9272, #5324, #7229 ) ) REPRESENTATION_CONTEXT ( 'NONE', 'WORKASPACE' ) );
#2410 = PRESENTATION_LAYER_ASSIGNMENT (  '', '', ( #6546 ) ) ;
#2411 = UNCERTAINTY_MEASURE_WITH_UNIT (LENGTH_MEASURE( 1.000000000000000082E-05 ), #7693, 'distance_accuracy_value', 'NONE');
#2412 = CARTESIAN_POINT ( 'NONE',  ( 0.8010801565251544076, 0.6679905810217222628, 0.7600000000000000089 ) ) ;
#2413 = ORIENTED_EDGE ( 'NONE', *, *, #525, .T. ) ;
#2414 = CARTESIAN_POINT ( 'NONE',  ( 0.3101397859677155755, 0.8730219974690239804, 0.7600000000000000089 ) ) ;
#2415 = VECTOR ( 'NONE', #5983, 1000.000000000000000 ) ;
#2416 = EDGE_CURVE ( 'NONE', #344, #3796, #9429, .T. ) ;
#2417 = VERTEX_POINT ( 'NONE', #4903 ) ;
#2418 = CARTESIAN_POINT ( 'NONE',  ( 0.6367067105606337707, 0.6824030994145913187, 0.7500000000000000000 ) ) ;
#2419 = VECTOR ( 'NONE', #8903, 1000.000000000000000 ) ;
#2420 = ORIENTED_EDGE ( 'NONE', *, *, #6919, .T. ) ;
#2421 = LINE ( 'NONE', #4759, #5006 ) ;
#2422 = DIRECTION ( 'NONE',  ( -3.491481338843133355E-15, 1.000000000000000000, 0.000000000000000000 ) ) ;
#2423 = CARTESIAN_POINT ( 'NONE',  ( -0.1499999999999999667, -5.237222008264698061E-16, 0.000000000000000000 ) ) ;
#2424 =( NAMED_UNIT ( * ) PLANE_ANGLE_UNIT ( ) SI_UNIT ( $, .RADIAN. ) );
#2425 = DIRECTION ( 'NONE',  ( -0.000000000000000000, -0.000000000000000000, -1.000000000000000000 ) ) ;
#2426 = VECTOR ( 'NONE', #832, 1000.000000000000000 ) ;
#2427 = ORIENTED_EDGE ( 'NONE', *, *, #9947, .F. ) ;
#2428 = CARTESIAN_POINT ( 'NONE',  ( 0.6082353552080327352, 0.6998219099870702786, 0.7600000000000000089 ) ) ;
#2429 = CARTESIAN_POINT ( 'NONE',  ( 0.6556728774028761642, 0.7198933313072078954, 0.7600000000000000089 ) ) ;
#2430 = ORIENTED_EDGE ( 'NONE', *, *, #9420, .T. ) ;
#2431 = ORIENTED_EDGE ( 'NONE', *, *, #2710, .T. ) ;
#2432 = EDGE_LOOP ( 'NONE', ( #8137, #3484, #8301, #7026 ) ) ;
#2433 = SURFACE_SIDE_STYLE ('',( #5741 ) ) ;
#2434 = CARTESIAN_POINT ( 'NONE',  ( 0.6932957398326979881, 0.8718437169393019603, 0.7600000000000000089 ) ) ;
#2435 = ORIENTED_EDGE ( 'NONE', *, *, #4389, .F. ) ;
#2436 =( GEOMETRIC_REPRESENTATION_CONTEXT ( 3 ) GLOBAL_UNCERTAINTY_ASSIGNED_CONTEXT ( ( #733 ) ) GLOBAL_UNIT_ASSIGNED_CONTEXT ( ( #861, #6452, #3357 ) ) REPRESENTATION_CONTEXT ( 'NONE', 'WORKASPACE' ) );
#2437 = CARTESIAN_POINT ( 'NONE',  ( 0.7068461597331406887, 0.8817910072409375077, 0.7600000000000000089 ) ) ;
#2438 = CARTESIAN_POINT ( 'NONE',  ( 0.8927057527491721878, 0.7274974821158513016, 0.7500000000000000000 ) ) ;
#2439 = EDGE_CURVE ( 'NONE', #6131, #9995, #6448, .T. ) ;
#2440 = CARTESIAN_POINT ( 'NONE',  ( 0.5707009131360528675, 0.6973903501359423052, 0.7600000000000000089 ) ) ;
#2441 = CARTESIAN_POINT ( 'NONE',  ( 0.9999999999999965583, 1.000000000000003997, 0.000000000000000000 ) ) ;
#2442 = CARTESIAN_POINT ( 'NONE',  ( 0.8000000000000000444, 2.793185071074506684E-15, 0.000000000000000000 ) ) ;
#2443 = EDGE_LOOP ( 'NONE', ( #9951, #9942, #6129, #4085 ) ) ;
#2444 = CARTESIAN_POINT ( 'NONE',  ( 0.5962101864878148749, 0.6714831851716753786, 0.7500000000000000000 ) ) ;
#2445 = VECTOR ( 'NONE', #4589, 1000.000000000000000 ) ;
#2446 = DIRECTION ( 'NONE',  ( 3.491481338843133355E-15, -1.000000000000000000, 0.000000000000000000 ) ) ;
#2447 = ORIENTED_EDGE ( 'NONE', *, *, #9716, .T. ) ;
#2448 = CARTESIAN_POINT ( 'NONE',  ( 0.4750300855225395580, 0.7953158968843062615, 0.7600000000000000089 ) ) ;
#2449 = DIRECTION ( 'NONE',  ( -0.000000000000000000, -0.000000000000000000, -1.000000000000000000 ) ) ;
#2450 = CARTESIAN_POINT ( 'NONE',  ( 0.6747495696927860998, 0.6733842228739844726, 0.7500000000000000000 ) ) ;
#2451 = EDGE_CURVE ( 'NONE', #6099, #9668, #7955, .T. ) ;
#2452 =( LENGTH_UNIT ( ) NAMED_UNIT ( * ) SI_UNIT ( .MILLI., .METRE. ) );
#2453 = CARTESIAN_POINT ( 'NONE',  ( 0.6630338722260507023, 0.6470349561190323895, 0.7600000000000000089 ) ) ;
#2454 = VECTOR ( 'NONE', #9385, 1000.000000000000000 ) ;
#2455 =( NAMED_UNIT ( * ) PLANE_ANGLE_UNIT ( ) SI_UNIT ( $, .RADIAN. ) );
#2456 = VERTEX_POINT ( 'NONE', #3352 ) ;
#2457 = ORIENTED_EDGE ( 'NONE', *, *, #2187, .F. ) ;
#2458 = PLANE ( 'NONE',  #8590 ) ;
#2459 = EDGE_CURVE ( 'NONE', #4645, #9902, #2315, .T. ) ;
#2460 = CARTESIAN_POINT ( 'NONE',  ( 0.5510494885176557833, 0.8699868894160619481, 0.7600000000000000089 ) ) ;
#2461 = VECTOR ( 'NONE', #3956, 1000.000000000000000 ) ;
#2462 = ORIENTED_EDGE ( 'NONE', *, *, #1762, .T. ) ;
#2463 = DIRECTION ( 'NONE',  ( -0.000000000000000000, -0.000000000000000000, -1.000000000000000000 ) ) ;
#2464 = ORIENTED_EDGE ( 'NONE', *, *, #4298, .T. ) ;
#2465 = CARTESIAN_POINT ( 'NONE',  ( 0.7827992474596511263, 0.8707384624614092905, 0.7500000000000000000 ) ) ;
#2466 = DIRECTION ( 'NONE',  ( -1.000000000000000000, 0.000000000000000000, 0.000000000000000000 ) ) ;
#2467 = ADVANCED_FACE ( 'NONE', ( #9732 ), #8077, .F. ) ;
#2468 = CARTESIAN_POINT ( 'NONE',  ( 0.6747495696927860998, 0.6733842228739844726, 0.7600000000000000089 ) ) ;
#2469 = DIRECTION ( 'NONE',  ( -3.252606517456508174E-15, 1.000000000000000000, 0.000000000000000000 ) ) ;
#2470 = AXIS2_PLACEMENT_3D ( 'NONE', #8423, #1304, #2955 ) ;
#2471 = CARTESIAN_POINT ( 'NONE',  ( 0.6098048165667382392, 0.6984513944347666703, 0.7600000000000000089 ) ) ;
#2472 = ORIENTED_EDGE ( 'NONE', *, *, #1397, .T. ) ;
#2473 = CARTESIAN_POINT ( 'NONE',  ( 0.3101397859677155755, 0.8730219974690239804, 0.7600000000000000089 ) ) ;
#2474 = ORIENTED_EDGE ( 'NONE', *, *, #8429, .T. ) ;
#2475 = B_SPLINE_SURFACE_WITH_KNOTS ( 'NONE', 3, 1, ( 
 ( #2752, #6737 ),
 ( #9078, #1140 ),
 ( #9803, #4310 ),
 ( #9022, #5083 ) ),
 .UNSPECIFIED., .F., .F., .F.,
 ( 4, 4 ),
 ( 2, 2 ),
 ( 5.000000000000000000, 6.000000000000000000 ),
 ( 0.000000000000000000, 1.000000000000000000 ),
 .UNSPECIFIED. ) ;
#2476 = DIRECTION ( 'NONE',  ( -3.491481338843133355E-15, 1.000000000000000000, 0.000000000000000000 ) ) ;
#2477 = ORIENTED_EDGE ( 'NONE', *, *, #2802, .F. ) ;
#2478 = CARTESIAN_POINT ( 'NONE',  ( 0.4750300855225406127, 0.6581317110782198831, 0.7600000000000000089 ) ) ;
#2479 = CARTESIAN_POINT ( 'NONE',  ( 0.05068188628163305953, 0.7316113158714996345, 0.7600000000000000089 ) ) ;
#2480 = DIRECTION ( 'NONE',  ( 1.000000000000000000, 0.000000000000000000, 0.000000000000000000 ) ) ;
#2481 = CARTESIAN_POINT ( 'NONE',  ( 0.5511821190551574601, 0.6864704358930268091, 0.7500000000000000000 ) ) ;
#2482 = EDGE_CURVE ( 'NONE', #888, #9267, #3845, .T. ) ;
#2483 = ORIENTED_EDGE ( 'NONE', *, *, #1176, .T. ) ;
#2484 = CARTESIAN_POINT ( 'NONE',  ( 0.6074395719839118524, 0.7041987177201679549, 0.7600000000000000089 ) ) ;
#2485 = EDGE_CURVE ( 'NONE', #8942, #7224, #5581, .T. ) ;
#2486 = ORIENTED_EDGE ( 'NONE', *, *, #3781, .T. ) ;
#2487 = LINE ( 'NONE', #3161, #4947 ) ;
#2488 = EDGE_LOOP ( 'NONE', ( #2278, #10178, #9675, #10109, #7685, #1619 ) ) ;
#2489 = CARTESIAN_POINT ( 'NONE',  ( 0.5460316331877688167, 0.6683442624542664801, 0.7600000000000000089 ) ) ;
#2490 = PRESENTATION_STYLE_ASSIGNMENT (( #6525 ) ) ;
#2491 = SURFACE_SIDE_STYLE ('',( #10273 ) ) ;
#2492 = CARTESIAN_POINT ( 'NONE',  ( 0.5000000000000026645, -0.7509999999999986686, 0.1800000000000000211 ) ) ;
#2493 = DIRECTION ( 'NONE',  ( 1.000000000000000000, -0.000000000000000000, -0.000000000000000000 ) ) ;
#2494 = EDGE_LOOP ( 'NONE', ( #3551, #1251, #4551, #1810 ) ) ;
#2495 = VECTOR ( 'NONE', #8912, 1000.000000000000000 ) ;
#2496 = CARTESIAN_POINT ( 'NONE',  ( 0.3218215265175511375, 0.6953363725158325792, 0.7600000000000000089 ) ) ;
#2497 = ADVANCED_FACE ( 'NONE', ( #1844 ), #9782, .F. ) ;
#2498 = FACE_BOUND ( 'NONE', #628, .T. ) ;
#2499 = ORIENTED_EDGE ( 'NONE', *, *, #2980, .F. ) ;
#2500 = CARTESIAN_POINT ( 'NONE',  ( 0.6258752166767415082, 0.6782031323977688597, 0.7500000000000000000 ) ) ;
#2501 = VECTOR ( 'NONE', #802, 1000.000000000000000 ) ;
#2502 = PLANE ( 'NONE',  #7476 ) ;
#2503 = LINE ( 'NONE', #8683, #2073 ) ;
#2504 = ORIENTED_EDGE ( 'NONE', *, *, #1626, .F. ) ;
#2505 = B_SPLINE_CURVE_WITH_KNOTS ( 'NONE', 3,
 ( #7410, #316, #3491, #6639 ),
 .UNSPECIFIED., .F., .F.,
 ( 4, 4 ),
 ( 6.000000000000000000, 7.000000000000000000 ),
 .UNSPECIFIED. ) ;
#2506 = B_SPLINE_CURVE_WITH_KNOTS ( 'NONE', 3,
 ( #6629, #1767, #9708, #5647 ),
 .UNSPECIFIED., .F., .F.,
 ( 4, 4 ),
 ( 19.00000000000000000, 20.00000000000000000 ),
 .UNSPECIFIED. ) ;
#2507 = PLANE ( 'NONE',  #117 ) ;
#2508 = ADVANCED_FACE ( 'NONE', ( #3092 ), #6607, .F. ) ;
#2509 = CARTESIAN_POINT ( 'NONE',  ( 0.2068484866314540260, 0.6848842950380685801, 0.7500000000000000000 ) ) ;
#2510 = VECTOR ( 'NONE', #4428, 1000.000000000000000 ) ;
#2511 = ORIENTED_EDGE ( 'NONE', *, *, #39, .T. ) ;
#2512 = CARTESIAN_POINT ( 'NONE',  ( 0.7177439688859320599, 0.7993390231842658622, 0.7600000000000000089 ) ) ;
#2513 = VERTEX_POINT ( 'NONE', #9980 ) ;
#2514 = FACE_OUTER_BOUND ( 'NONE', #3228, .T. ) ;
#2515 = FILL_AREA_STYLE_COLOUR ( '', #2989 ) ;
#2516 = PRESENTATION_STYLE_ASSIGNMENT (( #275 ) ) ;
#2517 = ADVANCED_FACE ( 'NONE', ( #2139 ), #1164, .F. ) ;
#2518 = DIRECTION ( 'NONE',  ( -4.317572739497901202E-14, 1.000000000000000000, 0.000000000000000000 ) ) ;
#2519 = LINE ( 'NONE', #3925, #4906 ) ;
#2520 = VECTOR ( 'NONE', #4686, 1000.000000000000000 ) ;
#2521 = UNCERTAINTY_MEASURE_WITH_UNIT (LENGTH_MEASURE( 1.000000000000000082E-05 ), #219, 'distance_accuracy_value', 'NONE');
#2522 = CARTESIAN_POINT ( 'NONE',  ( 0.5241696996132929609, 0.8369176754350188263, 0.7600000000000000089 ) ) ;
#2523 = ADVANCED_FACE ( 'NONE', ( #9048 ), #4485, .F. ) ;
#2524 = ORIENTED_EDGE ( 'NONE', *, *, #3931, .F. ) ;
#2525 = VECTOR ( 'NONE', #7255, 1000.000000000000000 ) ;
#2526 = EDGE_LOOP ( 'NONE', ( #10235, #9066, #2735, #131 ) ) ;
#2527 = EDGE_LOOP ( 'NONE', ( #5509, #1470, #6719, #566, #3466, #4255 ) ) ;
#2528 = B_SPLINE_CURVE_WITH_KNOTS ( 'NONE', 3,
 ( #157, #9772, #9037, #8989 ),
 .UNSPECIFIED., .F., .F.,
 ( 4, 4 ),
 ( 3.000000000000000000, 4.000000000000000000 ),
 .UNSPECIFIED. ) ;
#2529 = ADVANCED_FACE ( 'NONE', ( #5301 ), #8282, .T. ) ;
#2530 = CARTESIAN_POINT ( 'NONE',  ( 0.5426716595747230754, 0.7977916669150958429, 0.7600000000000000089 ) ) ;
#2531 = CARTESIAN_POINT ( 'NONE',  ( -0.5999999999999982014, -0.5000000000000018874, -0.02000000000000000042 ) ) ;
#2532 = CARTESIAN_POINT ( 'NONE',  ( 0.8927057527491721878, 0.7274974821158513016, 0.7600000000000000089 ) ) ;
#2533 = B_SPLINE_CURVE_WITH_KNOTS ( 'NONE', 3,
 ( #2438, #5590, #8770, #1654 ),
 .UNSPECIFIED., .F., .F.,
 ( 4, 4 ),
 ( 1.000000000000000000, 2.000000000000000000 ),
 .UNSPECIFIED. ) ;
#2534 = FACE_OUTER_BOUND ( 'NONE', #993, .T. ) ;
#2535 = COLOUR_RGB ( '',1.000000000000000000, 1.000000000000000000, 1.000000000000000000 ) ;
#2536 = ORIENTED_EDGE ( 'NONE', *, *, #9250, .T. ) ;
#2537 = ADVANCED_FACE ( 'NONE', ( #4284 ), #5919, .T. ) ;
#2538 = FACE_OUTER_BOUND ( 'NONE', #5833, .T. ) ;
#2539 = CARTESIAN_POINT ( 'NONE',  ( 0.5457663721130647794, 0.6833757233546897680, 0.7600000000000000089 ) ) ;
#2540 = ORIENTED_EDGE ( 'NONE', *, *, #5195, .F. ) ;
#2541 = CARTESIAN_POINT ( 'NONE',  ( 0.7394732719229082374, 0.8396587065408116501, 0.7500000000000000000 ) ) ;
#2542 = CARTESIAN_POINT ( 'NONE',  ( 0.5379411704087839752, 0.7155607337537686075, 0.7500000000000000000 ) ) ;
#2543 = EDGE_LOOP ( 'NONE', ( #6575, #6862, #10090, #4968 ) ) ;
#2544 = EDGE_CURVE ( 'NONE', #4098, #6574, #5258, .T. ) ;
#2545 = CARTESIAN_POINT ( 'NONE',  ( 0.7999999999999982681, 0.4710000000000031939, -0.02000000000000000042 ) ) ;
#2546 = EDGE_CURVE ( 'NONE', #7489, #7692, #7522, .T. ) ;
#2547 = CARTESIAN_POINT ( 'NONE',  ( 0.5000000000000026645, -0.7509999999999986686, 0.000000000000000000 ) ) ;
#2548 = PRESENTATION_STYLE_ASSIGNMENT (( #6583 ) ) ;
#2549 = DIRECTION ( 'NONE',  ( 0.000000000000000000, -0.000000000000000000, -1.000000000000000000 ) ) ;
#2550 = ORIENTED_EDGE ( 'NONE', *, *, #7506, .T. ) ;
#2551 = PLANE ( 'NONE',  #5752 ) ;
#2552 = VERTEX_POINT ( 'NONE', #3610 ) ;
#2553 = LINE ( 'NONE', #2608, #1631 ) ;
#2554 = FILL_AREA_STYLE_COLOUR ( '', #2756 ) ;
#2555 = CARTESIAN_POINT ( 'NONE',  ( 0.1238465576222850945, 0.8183022340968790775, 0.7500000000000000000 ) ) ;
#2556 = VECTOR ( 'NONE', #7586, 1000.000000000000000 ) ;
#2557 = LINE ( 'NONE', #8167, #3571 ) ;
#2558 = CARTESIAN_POINT ( 'NONE',  ( 0.6192657948983233407, 0.7125102313944980947, 0.7600000000000000089 ) ) ;
#2559 = FACE_OUTER_BOUND ( 'NONE', #4893, .T. ) ;
#2560 = VERTEX_POINT ( 'NONE', #2822 ) ;
#2561 = PLANE ( 'NONE',  #5744 ) ;
#2562 = B_SPLINE_SURFACE_WITH_KNOTS ( 'NONE', 3, 1, ( 
 ( #9651, #2541 ),
 ( #92, #6416 ),
 ( #6576, #5688 ),
 ( #4822, #2648 ) ),
 .UNSPECIFIED., .F., .F., .F.,
 ( 4, 4 ),
 ( 2, 2 ),
 ( 3.000000000000000000, 4.000000000000000000 ),
 ( 0.000000000000000000, 1.000000000000000000 ),
 .UNSPECIFIED. ) ;
#2563 = VECTOR ( 'NONE', #8175, 1000.000000000000227 ) ;
#2564 = CARTESIAN_POINT ( 'NONE',  ( 0.2068484866314539150, 0.6824249688939302283, 0.7500000000000000000 ) ) ;
#2565 = ORIENTED_EDGE ( 'NONE', *, *, #7805, .T. ) ;
#2566 = CARTESIAN_POINT ( 'NONE',  ( 0.5514915903089311344, 0.6566727751671871394, 0.7600000000000000089 ) ) ;
#2567 = ORIENTED_EDGE ( 'NONE', *, *, #1134, .T. ) ;
#2568 = CARTESIAN_POINT ( 'NONE',  ( 0.8360283031183790570, 0.7021650494806563891, 0.7500000000000000000 ) ) ;
#2569 = CYLINDRICAL_SURFACE ( 'NONE', #6293, 0.1000000000000001582 ) ;
#2570 = STYLED_ITEM ( 'NONE', ( #8409 ), #809 ) ;
#2571 = CARTESIAN_POINT ( 'NONE',  ( 0.5684240889113644224, 0.8832499431519701405, 0.7600000000000000089 ) ) ;
#2572 = CARTESIAN_POINT ( 'NONE',  ( -0.8000000000000025979, 0.7509999999999975584, 0.1800000000000000211 ) ) ;
#2573 = EDGE_CURVE ( 'NONE', #7572, #6467, #5971, .T. ) ;
#2574 = CARTESIAN_POINT ( 'NONE',  ( -0.1499999999999973299, -0.7510000000000008891, 0.1800000000000000211 ) ) ;
#2575 = PLANE ( 'NONE',  #5410 ) ;
#2576 = VECTOR ( 'NONE', #9036, 1000.000000000000000 ) ;
#2577 = COLOUR_RGB ( '',0.6666666666666666297, 0.6666666666666666297, 0.6666666666666666297 ) ;
#2578 = ORIENTED_EDGE ( 'NONE', *, *, #4537, .T. ) ;
#2579 = B_SPLINE_CURVE_WITH_KNOTS ( 'NONE', 3,
 ( #3630, #5128, #4403, #8300 ),
 .UNSPECIFIED., .F., .F.,
 ( 4, 4 ),
 ( 1.000000000000000000, 2.000000000000000000 ),
 .UNSPECIFIED. ) ;
#2580 =( NAMED_UNIT ( * ) PLANE_ANGLE_UNIT ( ) SI_UNIT ( $, .RADIAN. ) );
#2581 = EDGE_LOOP ( 'NONE', ( #6227, #5736, #364, #9310 ) ) ;
#2582 = CARTESIAN_POINT ( 'NONE',  ( 0.6457919023698426297, 0.6395634358481884219, 0.7600000000000000089 ) ) ;
#2583 = VERTEX_POINT ( 'NONE', #1270 ) ;
#2584 = EDGE_CURVE ( 'NONE', #5652, #4501, #7291, .T. ) ;
#2585 = FACE_OUTER_BOUND ( 'NONE', #7237, .T. ) ;
#2586 = APPLICATION_PROTOCOL_DEFINITION ( 'draft international standard', 'automotive_design', 1998, #8504 ) ;
#2587 = CARTESIAN_POINT ( 'NONE',  ( 0.5514915903089311344, 0.6566727751671871394, 0.7600000000000000089 ) ) ;
#2588 = VERTEX_POINT ( 'NONE', #477 ) ;
#2589 = SURFACE_SIDE_STYLE ('',( #821 ) ) ;
#2590 = ADVANCED_FACE ( 'NONE', ( #3704 ), #1416, .F. ) ;
#2591 = VECTOR ( 'NONE', #8255, 1000.000000000000000 ) ;
#2592 = FACE_OUTER_BOUND ( 'NONE', #6618, .T. ) ;
#2593 = VERTEX_POINT ( 'NONE', #6273 ) ;
#2594 = ORIENTED_EDGE ( 'NONE', *, *, #8136, .F. ) ;
#2595 = ORIENTED_EDGE ( 'NONE', *, *, #4195, .T. ) ;
#2596 = FILL_AREA_STYLE ('',( #8099 ) ) ;
#2597 = CARTESIAN_POINT ( 'NONE',  ( 0.8434114030316806065, 0.6783357629355640794, 0.7600000000000000089 ) ) ;
#2598 = ORIENTED_EDGE ( 'NONE', *, *, #2095, .F. ) ;
#2599 = CARTESIAN_POINT ( 'NONE',  ( -0.1499999999999964695, -1.001000000000000778, 0.1800000000000000211 ) ) ;
#2600 = EDGE_CURVE ( 'NONE', #7138, #1019, #9178, .T. ) ;
#2601 = CARTESIAN_POINT ( 'NONE',  ( 0.6074395719839118524, 0.7017229476893762641, 0.7600000000000000089 ) ) ;
#2602 = LINE ( 'NONE', #46, #8564 ) ;
#2603 = VERTEX_POINT ( 'NONE', #3756 ) ;
#2604 = CARTESIAN_POINT ( 'NONE',  ( 0.6017364588775792056, 0.6675042690513746102, 0.7600000000000000089 ) ) ;
#2605 = ADVANCED_FACE ( 'NONE', ( #3121 ), #623, .T. ) ;
#2606 = FACE_BOUND ( 'NONE', #2898, .T. ) ;
#2607 = VECTOR ( 'NONE', #4917, 1000.000000000000000 ) ;
#2608 = CARTESIAN_POINT ( 'NONE',  ( 0.6916157530269114728, 0.7198933313072090057, 0.7500000000000000000 ) ) ;
#2609 = DIRECTION ( 'NONE',  ( 1.755283150515606096E-14, -1.000000000000000000, -0.000000000000000000 ) ) ;
#2610 = CARTESIAN_POINT ( 'NONE',  ( 0.8347241028346763514, 0.7331563850431136453, 0.7500000000000000000 ) ) ;
#2611 = LINE ( 'NONE', #318, #1368 ) ;
#2612 = CARTESIAN_POINT ( 'NONE',  ( 0.2068484866314539150, 0.6787360031312968944, 0.7600000000000000089 ) ) ;
#2613 = VERTEX_POINT ( 'NONE', #9350 ) ;
#2614 = VECTOR ( 'NONE', #5161, 1000.000000000000000 ) ;
#2615 = LINE ( 'NONE', #3237, #5260 ) ;
#2616 = EDGE_CURVE ( 'NONE', #251, #7717, #10168, .T. ) ;
#2617 = PLANE ( 'NONE',  #1133 ) ;
#2618 = EDGE_LOOP ( 'NONE', ( #4105, #4666, #8365, #5749 ) ) ;
#2619 = CARTESIAN_POINT ( 'NONE',  ( 0.5665893664779527716, 0.8038042512749101753, 0.7500000000000000000 ) ) ;
#2620 = ADVANCED_FACE ( 'NONE', ( #6170 ), #5303, .F. ) ;
#2621 = VECTOR ( 'NONE', #5142, 999.9999999999998863 ) ;
#2622 = ORIENTED_EDGE ( 'NONE', *, *, #3557, .T. ) ;
#2623 = CARTESIAN_POINT ( 'NONE',  ( 0.1994705433798436012, 0.9049931171414455910, 0.7600000000000000089 ) ) ;
#2624 = CARTESIAN_POINT ( 'NONE',  ( 0.1687290721208205557, 0.6916473832993281778, 0.7500000000000000000 ) ) ;
#2625 = DIRECTION ( 'NONE',  ( 0.000000000000000000, 0.000000000000000000, 1.000000000000000000 ) ) ;
#2626 = CARTESIAN_POINT ( 'NONE',  ( 0.5962101864878148749, 0.6602980098549425803, 0.7600000000000000089 ) ) ;
#2627 = PRESENTATION_STYLE_ASSIGNMENT (( #7475 ) ) ;
#2628 = VERTEX_POINT ( 'NONE', #8681 ) ;
#2629 = UNCERTAINTY_MEASURE_WITH_UNIT (LENGTH_MEASURE( 1.000000000000000082E-05 ), #8372, 'distance_accuracy_value', 'NONE');
#2630 = PRESENTATION_LAYER_ASSIGNMENT (  '', '', ( #1798 ) ) ;
#2631 = CARTESIAN_POINT ( 'NONE',  ( 0.6135626817919864751, 0.7213080570391718904, 0.7600000000000000089 ) ) ;
#2632 = ORIENTED_EDGE ( 'NONE', *, *, #247, .F. ) ;
#2633 = EDGE_CURVE ( 'NONE', #2936, #4397, #1467, .T. ) ;
#2634 = LINE ( 'NONE', #1898, #8687 ) ;
#2635 = VERTEX_POINT ( 'NONE', #1517 ) ;
#2636 = CARTESIAN_POINT ( 'NONE',  ( 0.7277354693672234420, 0.8285619515816240455, 0.7600000000000000089 ) ) ;
#2637 = ORIENTED_EDGE ( 'NONE', *, *, #2980, .T. ) ;
#2638 = VECTOR ( 'NONE', #5289, 1000.000000000000000 ) ;
#2639 = DIRECTION ( 'NONE',  ( 0.000000000000000000, -0.000000000000000000, -1.000000000000000000 ) ) ;
#2640 = FILL_AREA_STYLE_COLOUR ( '', #2535 ) ;
#2641 = ORIENTED_EDGE ( 'NONE', *, *, #9880, .F. ) ;
#2642 = CARTESIAN_POINT ( 'NONE',  ( 0.5581894324454893530, 0.7125102313944980947, 0.7600000000000000089 ) ) ;
#2643 = EDGE_CURVE ( 'NONE', #1430, #4808, #7791, .T. ) ;
#2644 = DIRECTION ( 'NONE',  ( -1.000000000000000000, -3.491481338843133355E-15, 0.000000000000000000 ) ) ;
#2645 = ORIENTED_EDGE ( 'NONE', *, *, #1497, .F. ) ;
#2646 = ORIENTED_EDGE ( 'NONE', *, *, #7794, .F. ) ;
#2647 = ORIENTED_EDGE ( 'NONE', *, *, #12, .T. ) ;
#2648 = CARTESIAN_POINT ( 'NONE',  ( 0.7264312690829315411, 0.8703405708492010229, 0.7500000000000000000 ) ) ;
#2649 = PRESENTATION_STYLE_ASSIGNMENT (( #8199 ) ) ;
#2650 = B_SPLINE_CURVE_WITH_KNOTS ( 'NONE', 3,
 ( #6384, #6489, #8784, #5550 ),
 .UNSPECIFIED., .F., .F.,
 ( 4, 4 ),
 ( 2.000000000000000000, 3.000000000000000000 ),
 .UNSPECIFIED. ) ;
#2651 = VERTEX_POINT ( 'NONE', #674 ) ;
#2652 = CARTESIAN_POINT ( 'NONE',  ( 1.299999999999997380, 0.7510000000000048859, 0.000000000000000000 ) ) ;
#2653 = LINE ( 'NONE', #2018, #1410 ) ;
#2654 = DIRECTION ( 'NONE',  ( 0.000000000000000000, -0.000000000000000000, -1.000000000000000000 ) ) ;
#2655 = ADVANCED_FACE ( 'NONE', ( #728 ), #8296, .F. ) ;
#2656 = B_SPLINE_SURFACE_WITH_KNOTS ( 'NONE', 3, 1, ( 
 ( #2785, #4295 ),
 ( #5013, #1951 ),
 ( #8188, #2734 ),
 ( #8291, #5729 ) ),
 .UNSPECIFIED., .F., .F., .F.,
 ( 4, 4 ),
 ( 2, 2 ),
 ( 4.000000000000000000, 5.000000000000000000 ),
 ( 0.000000000000000000, 1.000000000000000000 ),
 .UNSPECIFIED. ) ;
#2657 = MANIFOLD_SOLID_BREP ( '凸台-拉伸4', #310 ) ;
#2658 = CARTESIAN_POINT ( 'NONE',  ( 0.6748158849613913324, 0.6488033632841339049, 0.7600000000000000089 ) ) ;
#2659 = ORIENTED_EDGE ( 'NONE', *, *, #3850, .F. ) ;
#2660 = CARTESIAN_POINT ( 'NONE',  ( 0.6507655475206604034, 0.8718437169393019603, 0.7600000000000000089 ) ) ;
#2661 = EDGE_CURVE ( 'NONE', #3711, #2780, #2557, .T. ) ;
#2662 = VERTEX_POINT ( 'NONE', #5603 ) ;
#2663 = CARTESIAN_POINT ( 'NONE',  ( 0.6221615616305582463, 0.6812978449361064559, 0.7500000000000000000 ) ) ;
#2664 = B_SPLINE_CURVE_WITH_KNOTS ( 'NONE', 3,
 ( #3248, #7922, #5620, #1682 ),
 .UNSPECIFIED., .F., .F.,
 ( 4, 4 ),
 ( 34.00000000000000000, 35.00000000000000000 ),
 .UNSPECIFIED. ) ;
#2665 = DIRECTION ( 'NONE',  ( 0.000000000000000000, 0.000000000000000000, 1.000000000000000000 ) ) ;
#2666 =( LENGTH_UNIT ( ) NAMED_UNIT ( * ) SI_UNIT ( .MILLI., .METRE. ) );
#2667 = CARTESIAN_POINT ( 'NONE',  ( 0.02117006636774033945, 0.7070181130653697688, 0.7600000000000000089 ) ) ;
#2668 = CARTESIAN_POINT ( 'NONE',  ( 0.5704135469718113471, 0.6676811097676482731, 0.7600000000000000089 ) ) ;
#2669 = CARTESIAN_POINT ( 'NONE',  ( 0.5972933358761747247, 0.6961524651202503078, 0.7500000000000000000 ) ) ;
#2670 = ORIENTED_EDGE ( 'NONE', *, *, #1051, .F. ) ;
#2671 = LINE ( 'NONE', #3396, #7231 ) ;
#2672 = SURFACE_SIDE_STYLE ('',( #9779 ) ) ;
#2673 = ORIENTED_EDGE ( 'NONE', *, *, #7568, .T. ) ;
#2674 = VECTOR ( 'NONE', #1395, 1000.000000000000000 ) ;
#2675 = CARTESIAN_POINT ( 'NONE',  ( 0.7264312690829315411, 0.8074294859626620635, 0.7500000000000000000 ) ) ;
#2676 = SURFACE_STYLE_USAGE ( .BOTH. , #8226 ) ;
#2677 =( LENGTH_UNIT ( ) NAMED_UNIT ( * ) SI_UNIT ( .MILLI., .METRE. ) );
#2678 = ADVANCED_FACE ( 'NONE', ( #1054 ), #5657, .T. ) ;
#2679 = LINE ( 'NONE', #1894, #6532 ) ;
#2680 = DIRECTION ( 'NONE',  ( 0.000000000000000000, 0.000000000000000000, 1.000000000000000000 ) ) ;
#2681 = VECTOR ( 'NONE', #1466, 1000.000000000000000 ) ;
#2682 = CARTESIAN_POINT ( 'NONE',  ( 0.5387369536331990671, 0.6929251220447072424, 0.7600000000000000089 ) ) ;
#2683 = ORIENTED_EDGE ( 'NONE', *, *, #5364, .F. ) ;
#2684 = CARTESIAN_POINT ( 'NONE',  ( 0.5508726478010885774, 0.6655590211699972114, 0.7500000000000000000 ) ) ;
#2685 = ORIENTED_EDGE ( 'NONE', *, *, #9163, .T. ) ;
#2686 = CARTESIAN_POINT ( 'NONE',  ( 0.6309593872752314869, 0.6615801050491079138, 0.7500000000000000000 ) ) ;
#2687 = VECTOR ( 'NONE', #8522, 999.9999999999998863 ) ;
#2688 = FACE_OUTER_BOUND ( 'NONE', #9774, .T. ) ;
#2689 = EDGE_CURVE ( 'NONE', #8198, #593, #4553, .T. ) ;
#2690 = AXIS2_PLACEMENT_3D ( 'NONE', #3233, #7111, #1616 ) ;
#2691 = ORIENTED_EDGE ( 'NONE', *, *, #2263, .F. ) ;
#2692 = SURFACE_SIDE_STYLE ('',( #1231 ) ) ;
#2693 = CARTESIAN_POINT ( 'NONE',  ( 0.06605261604767731498, 0.7100922941992734438, 0.7500000000000000000 ) ) ;
#2694 = VERTEX_POINT ( 'NONE', #7352 ) ;
#2695 = ORIENTED_EDGE ( 'NONE', *, *, #1108, .T. ) ;
#2696 = EDGE_LOOP ( 'NONE', ( #3302, #3613, #4820, #5877 ) ) ;
#2697 = CARTESIAN_POINT ( 'NONE',  ( 0.1115499738093310850, 0.8551919503543360390, 0.7500000000000000000 ) ) ;
#2698 = ORIENTED_EDGE ( 'NONE', *, *, #5750, .F. ) ;
#2699 = CARTESIAN_POINT ( 'NONE',  ( 0.6932957398326979881, 0.8718437169393019603, 0.7500000000000000000 ) ) ;
#2700 = CARTESIAN_POINT ( 'NONE',  ( 0.5649756949401822936, 0.7938569609732751831, 0.7500000000000000000 ) ) ;
#2701 = CARTESIAN_POINT ( 'NONE',  ( 0.6140268886727978659, 0.6655148109909306831, 0.7600000000000000089 ) ) ;
#2702 = MECHANICAL_DESIGN_GEOMETRIC_PRESENTATION_REPRESENTATION (  '', ( #2029 ), #195 ) ;
#2703 = PLANE ( 'NONE',  #3691 ) ;
#2704 = DIRECTION ( 'NONE',  ( 1.000000000000000000, -0.000000000000000000, -0.000000000000000000 ) ) ;
#2705 = ADVANCED_FACE ( 'NONE', ( #3232 ), #10114, .F. ) ;
#2706 = CARTESIAN_POINT ( 'NONE',  ( -2.622102485471194207E-15, 0.7510000000000003340, 0.000000000000000000 ) ) ;
#2707 = CARTESIAN_POINT ( 'NONE',  ( 0.5379411704087839752, 0.7050387111230599357, 0.7500000000000000000 ) ) ;
#2708 = ORIENTED_EDGE ( 'NONE', *, *, #1690, .T. ) ;
#2709 = B_SPLINE_CURVE_WITH_KNOTS ( 'NONE', 3,
 ( #7761, #7082, #9371, #5420, #538, #3144, #639 ),
 .UNSPECIFIED., .F., .F.,
 ( 4, 3, 4 ),
 ( 0.000000000000000000, 1.000000000000000000, 2.000000000000000000 ),
 .UNSPECIFIED. ) ;
#2710 = EDGE_CURVE ( 'NONE', #9638, #8340, #6592, .T. ) ;
#2711 = CARTESIAN_POINT ( 'NONE',  ( 0.1499999999999973299, 0.7510000000000008891, -0.02000000000000000042 ) ) ;
#2712 = CARTESIAN_POINT ( 'NONE',  ( 0.5443737514706356029, 0.8129115481736538529, 0.7500000000000000000 ) ) ;
#2713 = CARTESIAN_POINT ( 'NONE',  ( 0.1238465576222850945, 0.8183022340968790775, 0.7600000000000000089 ) ) ;
#2714 = CARTESIAN_POINT ( 'NONE',  ( 0.6032174998781467679, 0.7164007271566605883, 0.7600000000000000089 ) ) ;
#2715 = CARTESIAN_POINT ( 'NONE',  ( 0.6157731907480710198, 0.7125102313944980947, 0.7500000000000000000 ) ) ;
#2716 = CARTESIAN_POINT ( 'NONE',  ( 0.5962765017564184422, 0.7032260937794797551, 0.7500000000000000000 ) ) ;
#2717 = EDGE_CURVE ( 'NONE', #7533, #1372, #416, .T. ) ;
#2718 = VERTEX_POINT ( 'NONE', #1205 ) ;
#2719 = PRESENTATION_STYLE_ASSIGNMENT (( #9822 ) ) ;
#2720 = EDGE_CURVE ( 'NONE', #3488, #9856, #4372, .T. ) ;
#2721 = ORIENTED_EDGE ( 'NONE', *, *, #6563, .F. ) ;
#2722 = DIRECTION ( 'NONE',  ( -1.000000000000000000, -0.000000000000000000, -0.000000000000000000 ) ) ;
#2723 = CARTESIAN_POINT ( 'NONE',  ( 0.6192657948983233407, 0.7125102313944980947, 0.7600000000000000089 ) ) ;
#2724 = PLANE ( 'NONE',  #7468 ) ;
#2725 = CARTESIAN_POINT ( 'NONE',  ( 0.6500581846546774623, 0.6290414132174785289, 0.7600000000000000089 ) ) ;
#2726 = VERTEX_POINT ( 'NONE', #1104 ) ;
#2727 = PRESENTATION_LAYER_ASSIGNMENT (  '', '', ( #1390 ) ) ;
#2728 = CARTESIAN_POINT ( 'NONE',  ( 0.5440642802168587089, 0.7194070193368612420, 0.7600000000000000089 ) ) ;
#2729 = ORIENTED_EDGE ( 'NONE', *, *, #4287, .T. ) ;
#2730 = ADVANCED_FACE ( 'NONE', ( #1979 ), #3602, .T. ) ;
#2731 =( NAMED_UNIT ( * ) PLANE_ANGLE_UNIT ( ) SI_UNIT ( $, .RADIAN. ) );
#2732 = ORIENTED_EDGE ( 'NONE', *, *, #875, .T. ) ;
#2733 = B_SPLINE_SURFACE_WITH_KNOTS ( 'NONE', 3, 1, ( 
 ( #8272, #3340 ),
 ( #206, #5758 ),
 ( #369, #1780 ),
 ( #2668, #4164 ) ),
 .UNSPECIFIED., .F., .F., .F.,
 ( 4, 4 ),
 ( 2, 2 ),
 ( 6.000000000000000000, 7.000000000000000000 ),
 ( 0.000000000000000000, 1.000000000000000000 ),
 .UNSPECIFIED. ) ;
#2734 = CARTESIAN_POINT ( 'NONE',  ( 0.5449926939784760505, 0.8790057659566666848, 0.7500000000000000000 ) ) ;
#2735 = ORIENTED_EDGE ( 'NONE', *, *, #3557, .F. ) ;
#2736 = CARTESIAN_POINT ( 'NONE',  ( 0.8015885735850307725, 0.7346595311332154710, 0.7500000000000000000 ) ) ;
#2737 = ORIENTED_EDGE ( 'NONE', *, *, #5543, .T. ) ;
#2738 = AXIS2_PLACEMENT_3D ( 'NONE', #4388, #6805, #3508 ) ;
#2739 = B_SPLINE_SURFACE_WITH_KNOTS ( 'NONE', 3, 1, ( 
 ( #2369, #9695 ),
 ( #2428, #1598 ),
 ( #5528, #1811 ),
 ( #928, #5583 ) ),
 .UNSPECIFIED., .F., .F., .F.,
 ( 4, 4 ),
 ( 2, 2 ),
 ( 13.00000000000000000, 14.00000000000000000 ),
 ( 0.000000000000000000, 1.000000000000000000 ),
 .UNSPECIFIED. ) ;
#2740 = VERTEX_POINT ( 'NONE', #8426 ) ;
#2741 =( NAMED_UNIT ( * ) PLANE_ANGLE_UNIT ( ) SI_UNIT ( $, .RADIAN. ) );
#2742 = EDGE_CURVE ( 'NONE', #47, #7490, #6308, .T. ) ;
#2743 = CARTESIAN_POINT ( 'NONE',  ( -0.5000000000000026645, 0.7509999999999986686, 0.1800000000000000211 ) ) ;
#2744 = ORIENTED_EDGE ( 'NONE', *, *, #3843, .F. ) ;
#2745 = AXIS2_PLACEMENT_3D ( 'NONE', #7496, #2753, #5896 ) ;
#2746 = EDGE_LOOP ( 'NONE', ( #6530, #3954, #4013, #7901 ) ) ;
#2747 = ORIENTED_EDGE ( 'NONE', *, *, #7006, .T. ) ;
#2748 = COLOUR_RGB ( '',0.6666666666666666297, 0.6666666666666666297, 0.6666666666666666297 ) ;
#2749 = CARTESIAN_POINT ( 'NONE',  ( 0.6349604084856546038, 0.7185670259333802878, 0.7600000000000000089 ) ) ;
#2750 = ORIENTED_EDGE ( 'NONE', *, *, #336, .T. ) ;
#2751 = DIRECTION ( 'NONE',  ( 0.8840949502478765432, 0.4673073067545644999, 0.000000000000000000 ) ) ;
#2752 = CARTESIAN_POINT ( 'NONE',  ( 0.5889155069332399073, 0.8797131288223546397, 0.7600000000000000089 ) ) ;
#2753 = DIRECTION ( 'NONE',  ( -0.9445574604294315613, -0.3283461648125386989, 0.000000000000000000 ) ) ;
#2754 = LINE ( 'NONE', #6631, #5564 ) ;
#2755 = AXIS2_PLACEMENT_3D ( 'NONE', #10146, #10094, #4451 ) ;
#2756 = COLOUR_RGB ( '',0.2980392156862745057, 0.2980392156862745057, 0.2980392156862745057 ) ;
#2757 = B_SPLINE_CURVE_WITH_KNOTS ( 'NONE', 3,
 ( #5578, #4761, #10263, #27 ),
 .UNSPECIFIED., .F., .F.,
 ( 4, 4 ),
 ( 15.00000000000000000, 16.00000000000000000 ),
 .UNSPECIFIED. ) ;
#2758 = ORIENTED_EDGE ( 'NONE', *, *, #3348, .T. ) ;
#2759 = PLANE ( 'NONE',  #6587 ) ;
#2760 = CARTESIAN_POINT ( 'NONE',  ( 0.5387369536331990671, 0.6929251220447072424, 0.7500000000000000000 ) ) ;
#2761 = VERTEX_POINT ( 'NONE', #10021 ) ;
#2762 = FACE_OUTER_BOUND ( 'NONE', #8122, .T. ) ;
#2763 = ADVANCED_FACE ( 'NONE', ( #1258 ), #6617, .F. ) ;
#2764 = FILL_AREA_STYLE ('',( #7507 ) ) ;
#2765 = DIRECTION ( 'NONE',  ( -0.000000000000000000, 1.000000000000000000, -0.000000000000000000 ) ) ;
#2766 = PRESENTATION_LAYER_ASSIGNMENT (  '', '', ( #2091 ) ) ;
#2767 = DIRECTION ( 'NONE',  ( 0.000000000000000000, -1.000000000000000000, 0.000000000000000000 ) ) ;
#2768 = CARTESIAN_POINT ( 'NONE',  ( 0.7649162300057733566, 0.8189683427131271287, 0.7500000000000000000 ) ) ;
#2769 = CARTESIAN_POINT ( 'NONE',  ( 0.2068484866314539150, 0.6805804860126156708, 0.7600000000000000089 ) ) ;
#2770 = ORIENTED_EDGE ( 'NONE', *, *, #4622, .T. ) ;
#2771 = STYLED_ITEM ( 'NONE', ( #2366 ), #4221 ) ;
#2772 = SURFACE_SIDE_STYLE ('',( #1265 ) ) ;
#2773 = EDGE_CURVE ( 'NONE', #2662, #1486, #2032, .T. ) ;
#2774 = CARTESIAN_POINT ( 'NONE',  ( 0.3181325607552124013, 0.7912497168735491693, 0.7600000000000000089 ) ) ;
#2775 = B_SPLINE_CURVE_WITH_KNOTS ( 'NONE', 3,
 ( #2380, #5537, #3614, #4831 ),
 .UNSPECIFIED., .F., .F.,
 ( 4, 4 ),
 ( 5.000000000000000000, 6.000000000000000000 ),
 .UNSPECIFIED. ) ;
#2776 = LINE ( 'NONE', #6407, #3354 ) ;
#2777 = CARTESIAN_POINT ( 'NONE',  ( 0.6268036304380679713, 0.6738705348443274623, 0.7500000000000000000 ) ) ;
#2778 = ADVANCED_FACE ( 'NONE', ( #4326 ), #1254, .F. ) ;
#2779 = CARTESIAN_POINT ( 'NONE',  ( 0.5592062665652461906, 0.7213080570391718904, 0.7500000000000000000 ) ) ;
#2780 = VERTEX_POINT ( 'NONE', #1879 ) ;
#2781 = VECTOR ( 'NONE', #4391, 1000.000000000000000 ) ;
#2782 = EDGE_CURVE ( 'NONE', #7146, #9466, #469, .T. ) ;
#2783 = CARTESIAN_POINT ( 'NONE',  ( 0.8927057527491721878, 0.7274974821158513016, 0.7600000000000000089 ) ) ;
#2784 = VERTEX_POINT ( 'NONE', #6794 ) ;
#2785 = CARTESIAN_POINT ( 'NONE',  ( 0.5684240889113644224, 0.8832499431519701405, 0.7600000000000000089 ) ) ;
#2786 = ORIENTED_EDGE ( 'NONE', *, *, #9287, .F. ) ;
#2787 = COLOUR_RGB ( '',0.6666666666666666297, 0.6666666666666666297, 0.6666666666666666297 ) ;
#2788 = EDGE_CURVE ( 'NONE', #6470, #3480, #9969, .T. ) ;
#2789 = CARTESIAN_POINT ( 'NONE',  ( 0.7684530443353877471, 0.8287387922984869038, 0.7600000000000000089 ) ) ;
#2790 = ORIENTED_EDGE ( 'NONE', *, *, #4331, .T. ) ;
#2791 = SURFACE_STYLE_USAGE ( .BOTH. , #5076 ) ;
#2792 = ORIENTED_EDGE ( 'NONE', *, *, #868, .T. ) ;
#2793 = ORIENTED_EDGE ( 'NONE', *, *, #7592, .T. ) ;
#2794 = VERTEX_POINT ( 'NONE', #4475 ) ;
#2795 = CARTESIAN_POINT ( 'NONE',  ( 0.6349604084856546038, 0.7185670259333802878, 0.7500000000000000000 ) ) ;
#2796 = ORIENTED_EDGE ( 'NONE', *, *, #7000, .F. ) ;
#2797 = LINE ( 'NONE', #8201, #9719 ) ;
#2798 = CARTESIAN_POINT ( 'NONE',  ( 0.5525747396972909842, 0.7938569609732751831, 0.7500000000000000000 ) ) ;
#2799 = DIRECTION ( 'NONE',  ( -0.4673073067545644999, 0.8840949502478765432, 0.000000000000000000 ) ) ;
#2800 = CARTESIAN_POINT ( 'NONE',  ( 0.1256910405033054012, 0.8539622931460290056, 0.7600000000000000089 ) ) ;
#2801 = EDGE_CURVE ( 'NONE', #9998, #900, #8271, .T. ) ;
#2802 = EDGE_CURVE ( 'NONE', #6357, #5739, #2081, .T. ) ;
#2803 = CARTESIAN_POINT ( 'NONE',  ( 0.1164686026437385113, 0.8551919503543360390, 0.7600000000000000089 ) ) ;
#2804 = EDGE_LOOP ( 'NONE', ( #6846, #3208, #1201, #5597, #1394, #6140 ) ) ;
#2805 = EDGE_CURVE ( 'NONE', #5880, #8455, #8213, .T. ) ;
#2806 = ORIENTED_EDGE ( 'NONE', *, *, #6268, .T. ) ;
#2807 = CARTESIAN_POINT ( 'NONE',  ( 0.8732090637575159464, 0.6817841569064504448, 0.7500000000000000000 ) ) ;
#2808 = CARTESIAN_POINT ( 'NONE',  ( 0.5962765017564184422, 0.7032260937794797551, 0.7500000000000000000 ) ) ;
#2809 = ORIENTED_EDGE ( 'NONE', *, *, #6002, .T. ) ;
#2810 = CARTESIAN_POINT ( 'NONE',  ( 0.7590583812727024204, 0.7346595311332154710, 0.7600000000000000089 ) ) ;
#2811 = CARTESIAN_POINT ( 'NONE',  ( 0.5707009131360528675, 0.6676811097676482731, 0.7600000000000000089 ) ) ;
#2812 = DIRECTION ( 'NONE',  ( -1.000000000000000000, 0.000000000000000000, -0.000000000000000000 ) ) ;
#2813 = DIRECTION ( 'NONE',  ( -0.000000000000000000, -0.000000000000000000, -1.000000000000000000 ) ) ;
#2814 = CARTESIAN_POINT ( 'NONE',  ( 0.5766913924066228159, 0.8832499431519701405, 0.7600000000000000089 ) ) ;
#2815 = DIRECTION ( 'NONE',  ( 1.000000000000000000, 0.000000000000000000, 0.000000000000000000 ) ) ;
#2816 = ORIENTED_EDGE ( 'NONE', *, *, #24, .T. ) ;
#2817 = ADVANCED_FACE ( 'NONE', ( #317 ), #1156, .F. ) ;
#2818 = CARTESIAN_POINT ( 'NONE',  ( 0.8097453516326206246, 0.7953158968843052623, 0.7600000000000000089 ) ) ;
#2819 = CARTESIAN_POINT ( 'NONE',  ( 0.5319064809591412812, 0.6746663180687393346, 0.7600000000000000089 ) ) ;
#2820 = CARTESIAN_POINT ( 'NONE',  ( 0.6309593872752314869, 0.6615801050491079138, 0.7600000000000000089 ) ) ;
#2821 = DIRECTION ( 'NONE',  ( 0.000000000000000000, -0.000000000000000000, -1.000000000000000000 ) ) ;
#2822 = CARTESIAN_POINT ( 'NONE',  ( 0.5171181760438913200, 0.6970808788818697588, 0.7600000000000000089 ) ) ;
#2823 = PRESENTATION_STYLE_ASSIGNMENT (( #5352 ) ) ;
#2824 = CARTESIAN_POINT ( 'NONE',  ( 0.8910920812113980460, 0.7335542766547332727, 0.7600000000000000089 ) ) ;
#2825 = B_SPLINE_SURFACE_WITH_KNOTS ( 'NONE', 3, 1, ( 
 ( #3495, #5200 ),
 ( #6645, #7511 ),
 ( #1056, #9818 ),
 ( #4431, #6540 ) ),
 .UNSPECIFIED., .F., .F., .F.,
 ( 4, 4 ),
 ( 2, 2 ),
 ( 2.000000000000000000, 3.000000000000000000 ),
 ( 0.000000000000000000, 1.000000000000000000 ),
 .UNSPECIFIED. ) ;
#2826 = ORIENTED_EDGE ( 'NONE', *, *, #8952, .T. ) ;
#2827 = ADVANCED_FACE ( 'NONE', ( #2227 ), #7780, .F. ) ;
#2828 = CARTESIAN_POINT ( 'NONE',  ( 0.5592062665652461906, 0.7213080570391718904, 0.7600000000000000089 ) ) ;
#2829 = ORIENTED_EDGE ( 'NONE', *, *, #1603, .F. ) ;
#2830 = ORIENTED_EDGE ( 'NONE', *, *, #39, .F. ) ;
#2831 =( GEOMETRIC_REPRESENTATION_CONTEXT ( 3 ) GLOBAL_UNCERTAINTY_ASSIGNED_CONTEXT ( ( #4417 ) ) GLOBAL_UNIT_ASSIGNED_CONTEXT ( ( #6703, #9299, #9931 ) ) REPRESENTATION_CONTEXT ( 'NONE', 'WORKASPACE' ) );
#2832 = EDGE_CURVE ( 'NONE', #9030, #6188, #1506, .T. ) ;
#2833 = VERTEX_POINT ( 'NONE', #2959 ) ;
#2834 = LINE ( 'NONE', #9067, #2279 ) ;
#2835 = SURFACE_SIDE_STYLE ('',( #1182 ) ) ;
#2836 = VECTOR ( 'NONE', #6365, 1000.000000000000000 ) ;
#2837 = EDGE_CURVE ( 'NONE', #4145, #5241, #3839, .T. ) ;
#2838 = VERTEX_POINT ( 'NONE', #6262 ) ;
#2839 = ORIENTED_EDGE ( 'NONE', *, *, #9237, .F. ) ;
#2840 = LINE ( 'NONE', #9375, #3572 ) ;
#2841 = VERTEX_POINT ( 'NONE', #1356 ) ;
#2842 = CARTESIAN_POINT ( 'NONE',  ( 0.4999999999999972800, 0.7510000000000021103, -0.02000000000000000042 ) ) ;
#2843 = SURFACE_STYLE_USAGE ( .BOTH. , #9956 ) ;
#2844 = DIRECTION ( 'NONE',  ( -0.000000000000000000, -0.000000000000000000, -1.000000000000000000 ) ) ;
#2845 = DIRECTION ( 'NONE',  ( 1.000000000000000000, -0.000000000000000000, -0.000000000000000000 ) ) ;
#2846 = EDGE_CURVE ( 'NONE', #3796, #2986, #7675, .T. ) ;
#2847 = UNCERTAINTY_MEASURE_WITH_UNIT (LENGTH_MEASURE( 1.000000000000000082E-05 ), #6804, 'distance_accuracy_value', 'NONE');
#2848 = MECHANICAL_DESIGN_GEOMETRIC_PRESENTATION_REPRESENTATION (  '', ( #5981 ), #7143 ) ;
#2849 = EDGE_CURVE ( 'NONE', #9312, #7393, #3056, .T. ) ;
#2850 = ORIENTED_EDGE ( 'NONE', *, *, #7375, .F. ) ;
#2851 = CARTESIAN_POINT ( 'NONE',  ( 0.5511821190551574601, 0.6864704358930268091, 0.7600000000000000089 ) ) ;
#2852 = CARTESIAN_POINT ( 'NONE',  ( 0.4750300855225406127, 0.7446068214348511294, 0.7600000000000000089 ) ) ;
#2853 = ORIENTED_EDGE ( 'NONE', *, *, #4311, .T. ) ;
#2854 = EDGE_CURVE ( 'NONE', #2583, #2358, #612, .T. ) ;
#2855 = CARTESIAN_POINT ( 'NONE',  ( 0.6203268391971467066, 0.7213080570391718904, 0.7500000000000000000 ) ) ;
#2856 = CARTESIAN_POINT ( 'NONE',  ( 0.8011464717943481695, 0.6581317110782219926, 0.7600000000000000089 ) ) ;
#2857 = ADVANCED_FACE ( 'NONE', ( #3789 ), #6210, .F. ) ;
#2858 = VECTOR ( 'NONE', #9923, 1000.000000000000000 ) ;
#2859 = CARTESIAN_POINT ( 'NONE',  ( 0.7773613954283218330, 0.7446068214348521286, 0.7600000000000000089 ) ) ;
#2860 = FACE_OUTER_BOUND ( 'NONE', #5154, .T. ) ;
#2861 = CARTESIAN_POINT ( 'NONE',  ( 0.6718095927811911228, 0.6734726432321217482, 0.7600000000000000089 ) ) ;
#2862 = CARTESIAN_POINT ( 'NONE',  ( 0.6356014560827401016, 0.6648074481252426171, 0.7500000000000000000 ) ) ;
#2863 = CARTESIAN_POINT ( 'NONE',  ( 0.5707009131360528675, 0.6831988826384144398, 0.7600000000000000089 ) ) ;
#2864 = ORIENTED_EDGE ( 'NONE', *, *, #665, .F. ) ;
#2865 = CARTESIAN_POINT ( 'NONE',  ( 0.3132139319208068207, 0.7912497168735491693, 0.7500000000000000000 ) ) ;
#2866 = LINE ( 'NONE', #7467, #3298 ) ;
#2867 = EDGE_CURVE ( 'NONE', #102, #3300, #7836, .T. ) ;
#2868 = CARTESIAN_POINT ( 'NONE',  ( 0.6477150451613898907, 0.6293508844715505202, 0.7500000000000000000 ) ) ;
#2869 = CARTESIAN_POINT ( 'NONE',  ( 0.5962765017564168879, 0.7087081559898809058, 0.7500000000000000000 ) ) ;
#2870 = FILL_AREA_STYLE_COLOUR ( '', #2021 ) ;
#2871 = CARTESIAN_POINT ( 'NONE',  ( 0.6126784782097328685, 0.6852767610569958645, 0.7500000000000000000 ) ) ;
#2872 = CARTESIAN_POINT ( 'NONE',  ( 0.3470295374056933113, 0.6971808553971488021, 0.7500000000000000000 ) ) ;
#2873 = VECTOR ( 'NONE', #7662, 1000.000000000000000 ) ;
#2874 = B_SPLINE_CURVE_WITH_KNOTS ( 'NONE', 3,
 ( #9754, #2597, #7442, #243 ),
 .UNSPECIFIED., .F., .F.,
 ( 4, 4 ),
 ( 4.000000000000000000, 5.000000000000000000 ),
 .UNSPECIFIED. ) ;
#2875 = CARTESIAN_POINT ( 'NONE',  ( 0.5319064809591412812, 0.6746663180687393346, 0.7600000000000000089 ) ) ;
#2876 = ORIENTED_EDGE ( 'NONE', *, *, #7592, .F. ) ;
#2877 = ADVANCED_FACE ( 'NONE', ( #5388 ), #1908, .F. ) ;
#2878 = ORIENTED_EDGE ( 'NONE', *, *, #4363, .F. ) ;
#2879 = VECTOR ( 'NONE', #1122, 1000.000000000000000 ) ;
#2880 =( NAMED_UNIT ( * ) PLANE_ANGLE_UNIT ( ) SI_UNIT ( $, .RADIAN. ) );
#2881 = ORIENTED_EDGE ( 'NONE', *, *, #8933, .T. ) ;
#2882 = VERTEX_POINT ( 'NONE', #9397 ) ;
#2883 = PLANE ( 'NONE',  #3102 ) ;
#2884 = FACE_OUTER_BOUND ( 'NONE', #9686, .T. ) ;
#2885 = B_SPLINE_CURVE_WITH_KNOTS ( 'NONE', 3,
 ( #1639, #2045, #1989, #5302 ),
 .UNSPECIFIED., .F., .F.,
 ( 4, 4 ),
 ( 8.000000000000000000, 9.000000000000000000 ),
 .UNSPECIFIED. ) ;
#2886 = ORIENTED_EDGE ( 'NONE', *, *, #5924, .T. ) ;
#2887 = EDGE_LOOP ( 'NONE', ( #7240, #8639, #7493, #1177 ) ) ;
#2888 = CARTESIAN_POINT ( 'NONE',  ( 0.6074395719839118524, 0.7041987177201679549, 0.7500000000000000000 ) ) ;
#2889 = EDGE_CURVE ( 'NONE', #8344, #10165, #9548, .T. ) ;
#2890 = VERTEX_POINT ( 'NONE', #6940 ) ;
#2891 = CARTESIAN_POINT ( 'NONE',  ( 0.08695678859331436306, 0.6590614643403862605, 0.7500000000000000000 ) ) ;
#2892 = LINE ( 'NONE', #5183, #4995 ) ;
#2893 = VECTOR ( 'NONE', #522, 1000.000000000000000 ) ;
#2894 = CARTESIAN_POINT ( 'NONE',  ( 0.5889155069332399073, 0.7988969213929889568, 0.7500000000000000000 ) ) ;
#2895 = DIRECTION ( 'NONE',  ( 0.000000000000000000, 0.000000000000000000, 1.000000000000000000 ) ) ;
#2896 = LINE ( 'NONE', #9381, #1431 ) ;
#2897 = ADVANCED_FACE ( 'NONE', ( #2178 ), #8523, .F. ) ;
#2898 = EDGE_LOOP ( 'NONE', ( #2222, #7384, #529, #3538, #6723, #1227, #8645, #1078, #6509, #56, #5091, #10193, #4866, #90, #8820, #6595, #6747, #3685, #302, #4755, #2026 ) ) ;
#2899 = CARTESIAN_POINT ( 'NONE',  ( 0.8260368026382639561, 0.7408047460302370490, 0.7600000000000000089 ) ) ;
#2900 = VECTOR ( 'NONE', #2044, 1000.000000000000000 ) ;
#2901 = VECTOR ( 'NONE', #9152, 1000.000000000000000 ) ;
#2902 = LINE ( 'NONE', #3687, #5355 ) ;
#2903 = ORIENTED_EDGE ( 'NONE', *, *, #4910, .T. ) ;
#2904 = CARTESIAN_POINT ( 'NONE',  ( 0.5440421751273264439, 0.7099902511846394315, 0.7600000000000000089 ) ) ;
#2905 = DIRECTION ( 'NONE',  ( 1.000000000000000000, -0.000000000000000000, -0.000000000000000000 ) ) ;
#2906 = B_SPLINE_SURFACE_WITH_KNOTS ( 'NONE', 3, 1, ( 
 ( #8741, #1625 ),
 ( #6280, #7263 ),
 ( #2349, #5508 ),
 ( #163, #6495 ) ),
 .UNSPECIFIED., .F., .F., .F.,
 ( 4, 4 ),
 ( 2, 2 ),
 ( 2.000000000000000000, 3.000000000000000000 ),
 ( 0.000000000000000000, 1.000000000000000000 ),
 .UNSPECIFIED. ) ;
#2907 = EDGE_CURVE ( 'NONE', #9998, #5929, #10117, .T. ) ;
#2908 = SURFACE_STYLE_FILL_AREA ( #6842 ) ;
#2909 = CARTESIAN_POINT ( 'NONE',  ( 0.7844129189974262673, 0.8646816679219360147, 0.7600000000000000089 ) ) ;
#2910 = CARTESIAN_POINT ( 'NONE',  ( 0.1447507477583269697, 0.8090797962370152030, 0.7500000000000000000 ) ) ;
#2911 = CARTESIAN_POINT ( 'NONE',  ( 0.6129658443739728346, 0.6566727751671871394, 0.7500000000000000000 ) ) ;
#2912 = VECTOR ( 'NONE', #546, 1000.000000000000000 ) ;
#2913 = ORIENTED_EDGE ( 'NONE', *, *, #2305, .F. ) ;
#2914 = ADVANCED_FACE ( 'NONE', ( #8627 ), #716, .F. ) ;
#2915 = CARTESIAN_POINT ( 'NONE',  ( 0.7773613954283218330, 0.7446068214348521286, 0.7600000000000000089 ) ) ;
#2916 = AXIS2_PLACEMENT_3D ( 'NONE', #124, #2408, #10252 ) ;
#2917 = VECTOR ( 'NONE', #1190, 1000.000000000000000 ) ;
#2918 = LINE ( 'NONE', #8678, #6381 ) ;
#2919 = FILL_AREA_STYLE ('',( #3608 ) ) ;
#2920 = CARTESIAN_POINT ( 'NONE',  ( 0.7684530443353877471, 0.8287387922984869038, 0.7500000000000000000 ) ) ;
#2921 = DIRECTION ( 'NONE',  ( 0.3315284183504416116, 0.9434452330824798505, -0.000000000000000000 ) ) ;
#2922 = ORIENTED_EDGE ( 'NONE', *, *, #4567, .T. ) ;
#2923 = AXIS2_PLACEMENT_3D ( 'NONE', #1920, #357, #4263 ) ;
#2924 = EDGE_CURVE ( 'NONE', #10024, #2841, #5486, .T. ) ;
#2925 = LINE ( 'NONE', #4341, #7562 ) ;
#2926 = EDGE_CURVE ( 'NONE', #9794, #9399, #3950, .T. ) ;
#2927 = CARTESIAN_POINT ( 'NONE',  ( 0.7610257342436118622, 0.6679905810217212636, 0.7600000000000000089 ) ) ;
#2928 = VECTOR ( 'NONE', #9475, 1000.000000000000000 ) ;
#2929 = ORIENTED_EDGE ( 'NONE', *, *, #6036, .F. ) ;
#2930 = SURFACE_STYLE_USAGE ( .BOTH. , #4492 ) ;
#2931 = VERTEX_POINT ( 'NONE', #5692 ) ;
#2932 = PLANE ( 'NONE',  #738 ) ;
#2933 = FACE_OUTER_BOUND ( 'NONE', #6084, .T. ) ;
#2934 = VECTOR ( 'NONE', #1004, 1000.000000000000000 ) ;
#2935 = ADVANCED_FACE ( 'NONE', ( #8154 ), #7142, .F. ) ;
#2936 = VERTEX_POINT ( 'NONE', #4203 ) ;
#2937 = CARTESIAN_POINT ( 'NONE',  ( 0.5443737514706356029, 0.8129115481736538529, 0.7500000000000000000 ) ) ;
#2938 = CARTESIAN_POINT ( 'NONE',  ( 0.7773613954283218330, 0.7446068214348521286, 0.7600000000000000089 ) ) ;
#2939 = ORIENTED_EDGE ( 'NONE', *, *, #8011, .T. ) ;
#2940 = CARTESIAN_POINT ( 'NONE',  ( 0.5372117024535616459, 0.6615358948700397201, 0.7500000000000000000 ) ) ;
#2941 = ORIENTED_EDGE ( 'NONE', *, *, #7443, .T. ) ;
#2942 = STYLED_ITEM ( 'NONE', ( #4143 ), #5982 ) ;
#2943 = LINE ( 'NONE', #4462, #4251 ) ;
#2944 = CARTESIAN_POINT ( 'NONE',  ( 0.6085448264621005077, 0.7087081559898809058, 0.7600000000000000089 ) ) ;
#2945 = SURFACE_STYLE_FILL_AREA ( #8258 ) ;
#2946 = CARTESIAN_POINT ( 'NONE',  ( 0.7256796960381769468, 0.6679905810217212636, 0.7600000000000000089 ) ) ;
#2947 = EDGE_CURVE ( 'NONE', #3332, #8379, #6446, .T. ) ;
#2948 = ORIENTED_EDGE ( 'NONE', *, *, #8746, .F. ) ;
#2949 = CARTESIAN_POINT ( 'NONE',  ( 0.5751440361374563492, 0.8038042512749101753, 0.7600000000000000089 ) ) ;
#2950 = MECHANICAL_DESIGN_GEOMETRIC_PRESENTATION_REPRESENTATION (  '', ( #4616 ), #6243 ) ;
#2951 = CARTESIAN_POINT ( 'NONE',  ( 0.1791811730524592305, 0.6172530840677115105, 0.7500000000000000000 ) ) ;
#2952 = ORIENTED_EDGE ( 'NONE', *, *, #7345, .F. ) ;
#2953 = ORIENTED_EDGE ( 'NONE', *, *, #3926, .T. ) ;
#2954 = CARTESIAN_POINT ( 'NONE',  ( 0.5707009131360528675, 0.6581317110782208823, 0.7600000000000000089 ) ) ;
#2955 = DIRECTION ( 'NONE',  ( 0.000000000000000000, 0.000000000000000000, 1.000000000000000000 ) ) ;
#2956 = EDGE_CURVE ( 'NONE', #833, #482, #2244, .T. ) ;
#2957 = PLANE ( 'NONE',  #7374 ) ;
#2958 = CARTESIAN_POINT ( 'NONE',  ( 0.01194762850846879318, 0.7555896285076423302, 0.7500000000000000000 ) ) ;
#2959 = CARTESIAN_POINT ( 'NONE',  ( 0.5523978989807216688, 0.6948261597470143380, 0.7600000000000000089 ) ) ;
#2960 = CARTESIAN_POINT ( 'NONE',  ( 0.7610257342436118622, 0.6581317110782208823, 0.7600000000000000089 ) ) ;
#2961 = VECTOR ( 'NONE', #4731, 1000.000000000000000 ) ;
#2962 = CARTESIAN_POINT ( 'NONE',  ( 0.6126784782097328685, 0.6852767610569958645, 0.7600000000000000089 ) ) ;
#2963 = VERTEX_POINT ( 'NONE', #6313 ) ;
#2964 = EDGE_CURVE ( 'NONE', #1545, #9435, #3618, .T. ) ;
#2965 = CARTESIAN_POINT ( 'NONE',  ( 0.6032174998781467679, 0.7164007271566605883, 0.7600000000000000089 ) ) ;
#2966 = VERTEX_POINT ( 'NONE', #8104 ) ;
#2967 = FILL_AREA_STYLE_COLOUR ( '', #4452 ) ;
#2968 = CARTESIAN_POINT ( 'NONE',  ( 0.1687290721208205557, 0.6781211364145969256, 0.7600000000000000089 ) ) ;
#2969 = EDGE_CURVE ( 'NONE', #10174, #1443, #6424, .T. ) ;
#2970 = CARTESIAN_POINT ( 'NONE',  ( 0.5379411704087839752, 0.7155607337537686075, 0.7500000000000000000 ) ) ;
#2971 = CARTESIAN_POINT ( 'NONE',  ( 0.8360283031183790570, 0.7021650494806563891, 0.7500000000000000000 ) ) ;
#2972 = PRESENTATION_STYLE_ASSIGNMENT (( #1215 ) ) ;
#2973 = CARTESIAN_POINT ( 'NONE',  ( 0.6916157530269114728, 0.7198933313072090057, 0.7600000000000000089 ) ) ;
#2974 = ORIENTED_EDGE ( 'NONE', *, *, #4862, .F. ) ;
#2975 = CARTESIAN_POINT ( 'NONE',  ( 0.7566047163314477686, 0.6970808788818703139, 0.7500000000000000000 ) ) ;
#2976 = VERTEX_POINT ( 'NONE', #9496 ) ;
#2977 = CARTESIAN_POINT ( 'NONE',  ( 0.5336748881239476994, 0.6647632379455854501, 0.7600000000000000089 ) ) ;
#2978 = EDGE_CURVE ( 'NONE', #5676, #4958, #5591, .T. ) ;
#2979 = ORIENTED_EDGE ( 'NONE', *, *, #4032, .F. ) ;
#2980 = EDGE_CURVE ( 'NONE', #5478, #2196, #4088, .T. ) ;
#2981 = VERTEX_POINT ( 'NONE', #8771 ) ;
#2982 = LINE ( 'NONE', #4495, #4078 ) ;
#2983 = VECTOR ( 'NONE', #4188, 1000.000000000000000 ) ;
#2984 = ORIENTED_EDGE ( 'NONE', *, *, #9720, .T. ) ;
#2985 = LINE ( 'NONE', #5466, #3874 ) ;
#2986 = VERTEX_POINT ( 'NONE', #1655 ) ;
#2987 = FILL_AREA_STYLE ('',( #7707 ) ) ;
#2988 = ORIENTED_EDGE ( 'NONE', *, *, #3537, .T. ) ;
#2989 = COLOUR_RGB ( '',0.4980392156862745168, 0.4980392156862745168, 0.4980392156862745168 ) ;
#2990 = CARTESIAN_POINT ( 'NONE',  ( 0.5962765017564184422, 0.7032260937794797551, 0.7600000000000000089 ) ) ;
#2991 = CARTESIAN_POINT ( 'NONE',  ( 0.5542989366830318732, 0.6655590211699972114, 0.7500000000000000000 ) ) ;
#2992 = CARTESIAN_POINT ( 'NONE',  ( 0.05068188628163305953, 0.7568193150332921393, 0.7500000000000000000 ) ) ;
#2993 = SURFACE_STYLE_FILL_AREA ( #5524 ) ;
#2994 = CARTESIAN_POINT ( 'NONE',  ( 0.3962158726569152689, 0.7014846644220150695, 0.7500000000000000000 ) ) ;
#2995 = EDGE_LOOP ( 'NONE', ( #5392, #3346, #5413, #1914, #1010, #6662, #3567, #2134, #374, #7107, #10143, #4356 ) ) ;
#2996 = CARTESIAN_POINT ( 'NONE',  ( 0.05129669436364789337, 0.6738173508430183034, 0.7600000000000000089 ) ) ;
#2997 = CARTESIAN_POINT ( 'NONE',  ( 0.6734232643189621559, 0.6683884726333393367, 0.7600000000000000089 ) ) ;
#2998 = ORIENTED_EDGE ( 'NONE', *, *, #1020, .T. ) ;
#2999 = VERTEX_POINT ( 'NONE', #2547 ) ;
#3000 = CARTESIAN_POINT ( 'NONE',  ( 0.8854994935527360500, 0.7446068214348521286, 0.7600000000000000089 ) ) ;
#3001 = CARTESIAN_POINT ( 'NONE',  ( 0.1453655792945113823, 0.7408337537313613996, 0.7600000000000000089 ) ) ;
#3002 = CARTESIAN_POINT ( 'NONE',  ( 0.8011464717943481695, 0.6581317110782219926, 0.7600000000000000089 ) ) ;
#3003 = EDGE_CURVE ( 'NONE', #2662, #5667, #7286, .T. ) ;
#3004 = CARTESIAN_POINT ( 'NONE',  ( 0.5704135469718113471, 0.6676811097676482731, 0.7600000000000000089 ) ) ;
#3005 = STYLED_ITEM ( 'NONE', ( #2972 ), #9477 ) ;
#3006 = DIRECTION ( 'NONE',  ( -0.000000000000000000, 0.000000000000000000, -1.000000000000000000 ) ) ;
#3007 = DIRECTION ( 'NONE',  ( -0.000000000000000000, 1.000000000000000000, -0.000000000000000000 ) ) ;
#3008 = EDGE_LOOP ( 'NONE', ( #4970, #5573, #2691, #7162 ) ) ;
#3009 = FACE_OUTER_BOUND ( 'NONE', #91, .T. ) ;
#3010 = ORIENTED_EDGE ( 'NONE', *, *, #684, .F. ) ;
#3011 = PRESENTATION_LAYER_ASSIGNMENT (  '', '', ( #5662 ) ) ;
#3012 = ORIENTED_EDGE ( 'NONE', *, *, #7594, .F. ) ;
#3013 = CARTESIAN_POINT ( 'NONE',  ( 0.6457919023698426297, 0.6395634358481884219, 0.7500000000000000000 ) ) ;
#3014 = CARTESIAN_POINT ( 'NONE',  ( 0.6928536380420127205, 0.7953158968843083709, 0.7500000000000000000 ) ) ;
#3015 = EDGE_CURVE ( 'NONE', #5181, #10048, #194, .T. ) ;
#3016 = CARTESIAN_POINT ( 'NONE',  ( 0.3660892329340721951, 0.7432930446946898195, 0.7600000000000000089 ) ) ;
#3017 = CARTESIAN_POINT ( 'NONE',  ( 0.5457663721130647794, 0.6833757233546897680, 0.7600000000000000089 ) ) ;
#3018 = CARTESIAN_POINT ( 'NONE',  ( 0.2916948867947078972, 0.6959511923247825305, 0.7600000000000000089 ) ) ;
#3019 = VERTEX_POINT ( 'NONE', #9707 ) ;
#3020 = B_SPLINE_CURVE_WITH_KNOTS ( 'NONE', 3,
 ( #6363, #6257, #7890, #770 ),
 .UNSPECIFIED., .F., .F.,
 ( 4, 4 ),
 ( 4.000000000000000000, 5.000000000000000000 ),
 .UNSPECIFIED. ) ;
#3021 = STYLED_ITEM ( 'NONE', ( #2548 ), #9983 ) ;
#3022 = ORIENTED_EDGE ( 'NONE', *, *, #7149, .F. ) ;
#3023 = CARTESIAN_POINT ( 'NONE',  ( 0.5684240889113644224, 0.8832499431519701405, 0.7600000000000000089 ) ) ;
#3024 = ADVANCED_FACE ( 'NONE', ( #7194 ), #6421, .T. ) ;
#3025 = ORIENTED_EDGE ( 'NONE', *, *, #1063, .F. ) ;
#3026 = DIRECTION ( 'NONE',  ( -0.000000000000000000, 0.000000000000000000, -1.000000000000000000 ) ) ;
#3027 = ORIENTED_EDGE ( 'NONE', *, *, #2024, .T. ) ;
#3028 = CARTESIAN_POINT ( 'NONE',  ( 0.5352664545721839140, 0.8056610787981490773, 0.7500000000000000000 ) ) ;
#3029 = ADVANCED_FACE ( 'NONE', ( #1918 ), #5996, .F. ) ;
#3030 = ORIENTED_EDGE ( 'NONE', *, *, #4269, .F. ) ;
#3031 = CARTESIAN_POINT ( 'NONE',  ( 0.8896773554794356054, 0.7274974821158513016, 0.7500000000000000000 ) ) ;
#3032 = FACE_OUTER_BOUND ( 'NONE', #5310, .T. ) ;
#3033 =( GEOMETRIC_REPRESENTATION_CONTEXT ( 3 ) GLOBAL_UNCERTAINTY_ASSIGNED_CONTEXT ( ( #5844 ) ) GLOBAL_UNIT_ASSIGNED_CONTEXT ( ( #490, #7438, #4252 ) ) REPRESENTATION_CONTEXT ( 'NONE', 'WORKASPACE' ) );
#3034 = CARTESIAN_POINT ( 'NONE',  ( 0.5206328852839724464, 0.7953158968843062615, 0.7600000000000000089 ) ) ;
#3035 = EDGE_CURVE ( 'NONE', #996, #9318, #8434, .T. ) ;
#3036 = ORIENTED_EDGE ( 'NONE', *, *, #5625, .T. ) ;
#3037 = CARTESIAN_POINT ( 'NONE',  ( 0.2714055516484271124, 0.6873435742744616883, 0.7500000000000000000 ) ) ;
#3038 = EDGE_LOOP ( 'NONE', ( #1180, #1189, #7469, #8611 ) ) ;
#3039 = CARTESIAN_POINT ( 'NONE',  ( 0.5352664545721839140, 0.8056610787981490773, 0.7600000000000000089 ) ) ;
#3040 = VECTOR ( 'NONE', #6921, 1000.000000000000000 ) ;
#3041 = ORIENTED_EDGE ( 'NONE', *, *, #8179, .T. ) ;
#3042 = CARTESIAN_POINT ( 'NONE',  ( 0.5379411704087839752, 0.7050387111230599357, 0.7600000000000000089 ) ) ;
#3043 = CARTESIAN_POINT ( 'NONE',  ( 0.5629862368797363681, 0.6672390079763728110, 0.7500000000000000000 ) ) ;
#3044 = DIRECTION ( 'NONE',  ( 0.9345104387417477732, -0.3559357243698731410, 0.000000000000000000 ) ) ;
#3045 = CARTESIAN_POINT ( 'NONE',  ( 0.000000000000000000, 0.000000000000000000, 0.1800000000000000211 ) ) ;
#3046 = FACE_OUTER_BOUND ( 'NONE', #9750, .T. ) ;
#3047 = ORIENTED_EDGE ( 'NONE', *, *, #6807, .F. ) ;
#3048 = CARTESIAN_POINT ( 'NONE',  ( 0.5507842274429501916, 0.7125102313944980947, 0.7500000000000000000 ) ) ;
#3049 = LINE ( 'NONE', #2277, #8190 ) ;
#3050 = VERTEX_POINT ( 'NONE', #2701 ) ;
#3051 = ORIENTED_EDGE ( 'NONE', *, *, #1590, .T. ) ;
#3052 = LINE ( 'NONE', #7041, #3661 ) ;
#3053 = VECTOR ( 'NONE', #1166, 1000.000000000000000 ) ;
#3054 = LINE ( 'NONE', #6207, #6430 ) ;
#3055 = DIRECTION ( 'NONE',  ( 1.000000000000000000, -0.000000000000000000, -0.000000000000000000 ) ) ;
#3056 = LINE ( 'NONE', #9444, #6031 ) ;
#3057 = LINE ( 'NONE', #6211, #6491 ) ;
#3058 = LINE ( 'NONE', #6160, #9560 ) ;
#3059 = ORIENTED_EDGE ( 'NONE', *, *, #1590, .F. ) ;
#3060 = VECTOR ( 'NONE', #7619, 1000.000000000000000 ) ;
#3061 = VECTOR ( 'NONE', #1158, 1000.000000000000000 ) ;
#3062 = LINE ( 'NONE', #1360, #8083 ) ;
#3063 = EDGE_CURVE ( 'NONE', #10223, #8456, #2653, .T. ) ;
#3064 = VERTEX_POINT ( 'NONE', #5184 ) ;
#3065 = FACE_BOUND ( 'NONE', #3605, .T. ) ;
#3066 = ORIENTED_EDGE ( 'NONE', *, *, #2546, .T. ) ;
#3067 = AXIS2_PLACEMENT_3D ( 'NONE', #2068, #3435, #5084 ) ;
#3068 = CARTESIAN_POINT ( 'NONE',  ( 0.1207723999419626909, 0.6781211364145958154, 0.7500000000000000000 ) ) ;
#3069 = CARTESIAN_POINT ( 'NONE',  ( 0.9180381853849560736, 0.6581317110782219926, 0.7600000000000000089 ) ) ;
#3070 = CARTESIAN_POINT ( 'NONE',  ( 0.2714055516484271124, 0.6768914967966971341, 0.7500000000000000000 ) ) ;
#3071 = CARTESIAN_POINT ( 'NONE',  ( 0.8360283031183790570, 0.7021650494806563891, 0.7600000000000000089 ) ) ;
#3072 = VERTEX_POINT ( 'NONE', #7554 ) ;
#3073 = CARTESIAN_POINT ( 'NONE',  ( 0.2714055516484271124, 0.6670542391278874161, 0.7500000000000000000 ) ) ;
#3074 = VECTOR ( 'NONE', #7593, 1000.000000000000000 ) ;
#3075 = VECTOR ( 'NONE', #4776, 1000.000000000000000 ) ;
#3076 = EDGE_CURVE ( 'NONE', #6265, #2890, #5137, .T. ) ;
#3077 = VERTEX_POINT ( 'NONE', #9759 ) ;
#3078 = CARTESIAN_POINT ( 'NONE',  ( 0.5962101864878148749, 0.6714831851716753786, 0.7600000000000000089 ) ) ;
#3079 = ORIENTED_EDGE ( 'NONE', *, *, #3198, .T. ) ;
#3080 = DIRECTION ( 'NONE',  ( 0.000000000000000000, -0.000000000000000000, 1.000000000000000000 ) ) ;
#3081 = VECTOR ( 'NONE', #1245, 1000.000000000000000 ) ;
#3082 = ADVANCED_FACE ( 'NONE', ( #8203 ), #3637, .F. ) ;
#3083 = FACE_OUTER_BOUND ( 'NONE', #1825, .T. ) ;
#3084 = B_SPLINE_CURVE_WITH_KNOTS ( 'NONE', 3,
 ( #7767, #10210, #7656, #3680 ),
 .UNSPECIFIED., .F., .F.,
 ( 4, 4 ),
 ( 10.00000000000000000, 11.00000000000000000 ),
 .UNSPECIFIED. ) ;
#3085 = SURFACE_STYLE_FILL_AREA ( #7125 ) ;
#3086 = EDGE_CURVE ( 'NONE', #5665, #8684, #5793, .T. ) ;
#3087 = EDGE_LOOP ( 'NONE', ( #1320, #3631, #4770, #6116 ) ) ;
#3088 = MECHANICAL_DESIGN_GEOMETRIC_PRESENTATION_REPRESENTATION (  '', ( #3763 ), #7737 ) ;
#3089 = DIRECTION ( 'NONE',  ( 1.000000000000000000, -0.000000000000000000, -0.000000000000000000 ) ) ;
#3090 = ORIENTED_EDGE ( 'NONE', *, *, #5730, .F. ) ;
#3091 = DIRECTION ( 'NONE',  ( -0.000000000000000000, 0.000000000000000000, -1.000000000000000000 ) ) ;
#3092 = FACE_OUTER_BOUND ( 'NONE', #3917, .T. ) ;
#3093 = CARTESIAN_POINT ( 'NONE',  ( 0.6731358981550157328, 0.6683884726333393367, 0.7500000000000000000 ) ) ;
#3094 = CARTESIAN_POINT ( 'NONE',  ( 0.5171181760438913200, 0.6970808788818697588, 0.7600000000000000089 ) ) ;
#3095 = SURFACE_STYLE_USAGE ( .BOTH. , #759 ) ;
#3096 = CARTESIAN_POINT ( 'NONE',  ( -0.7999999999999964917, -1.000000000000002442, 0.000000000000000000 ) ) ;
#3097 = VECTOR ( 'NONE', #4488, 1000.000000000000000 ) ;
#3098 = CARTESIAN_POINT ( 'NONE',  ( 0.8009254208984136758, 0.8189683427131280169, 0.7600000000000000089 ) ) ;
#3099 = ORIENTED_EDGE ( 'NONE', *, *, #4604, .T. ) ;
#3100 = CARTESIAN_POINT ( 'NONE',  ( 0.8020306753763067897, 0.7446068214348521286, 0.7600000000000000089 ) ) ;
#3101 = DIRECTION ( 'NONE',  ( 0.000000000000000000, 0.000000000000000000, 1.000000000000000000 ) ) ;
#3102 = AXIS2_PLACEMENT_3D ( 'NONE', #1379, #5611, #3968 ) ;
#3103 = EDGE_LOOP ( 'NONE', ( #5767, #7721, #4344, #1524 ) ) ;
#3104 = CARTESIAN_POINT ( 'NONE',  ( 0.1500000000000035749, -1.000000000000000000, 0.000000000000000000 ) ) ;
#3105 = CARTESIAN_POINT ( 'NONE',  ( 0.7256796960381816097, 0.7069839590044382227, 0.7500000000000000000 ) ) ;
#3106 = EDGE_LOOP ( 'NONE', ( #502, #4547, #1870, #5529, #459, #294 ) ) ;
#3107 = EDGE_CURVE ( 'NONE', #5503, #1993, #1866, .T. ) ;
#3108 = CARTESIAN_POINT ( 'NONE',  ( 0.8360283031183790570, 0.7129523331857756663, 0.7600000000000000089 ) ) ;
#3109 = LINE ( 'NONE', #7044, #670 ) ;
#3110 = EDGE_CURVE ( 'NONE', #1186, #6204, #7399, .T. ) ;
#3111 = DIRECTION ( 'NONE',  ( 0.000000000000000000, 0.000000000000000000, 1.000000000000000000 ) ) ;
#3112 = CARTESIAN_POINT ( 'NONE',  ( 0.2068484866314539150, 0.6787360031312968944, 0.7500000000000000000 ) ) ;
#3113 = ORIENTED_EDGE ( 'NONE', *, *, #8661, .F. ) ;
#3114 = VECTOR ( 'NONE', #8173, 1000.000000000000000 ) ;
#3115 = CARTESIAN_POINT ( 'NONE',  ( 0.5665893664779527716, 0.8038042512749101753, 0.7600000000000000089 ) ) ;
#3116 = CARTESIAN_POINT ( 'NONE',  ( 0.7999999999999964917, 1.001000000000003221, -0.02000000000000000042 ) ) ;
#3117 = ORIENTED_EDGE ( 'NONE', *, *, #2084, .F. ) ;
#3118 = VECTOR ( 'NONE', #9863, 1000.000000000000000 ) ;
#3119 = CARTESIAN_POINT ( 'NONE',  ( 0.1207723999419626909, 0.6916473832993281778, 0.7500000000000000000 ) ) ;
#3120 = DIRECTION ( 'NONE',  ( -0.000000000000000000, -0.000000000000000000, -1.000000000000000000 ) ) ;
#3121 = FACE_OUTER_BOUND ( 'NONE', #8348, .T. ) ;
#3122 = LINE ( 'NONE', #4061, #1698 ) ;
#3123 = CARTESIAN_POINT ( 'NONE',  ( 0.6126784782097328685, 0.6852767610569958645, 0.7600000000000000089 ) ) ;
#3124 = EDGE_CURVE ( 'NONE', #1624, #5677, #1968, .T. ) ;
#3125 = ORIENTED_EDGE ( 'NONE', *, *, #5515, .F. ) ;
#3126 = UNCERTAINTY_MEASURE_WITH_UNIT (LENGTH_MEASURE( 1.000000000000000082E-05 ), #1651, 'distance_accuracy_value', 'NONE');
#3127 = ORIENTED_EDGE ( 'NONE', *, *, #9567, .T. ) ;
#3128 = B_SPLINE_CURVE_WITH_KNOTS ( 'NONE', 3,
 ( #8521, #3108, #508, #6105 ),
 .UNSPECIFIED., .F., .F.,
 ( 4, 4 ),
 ( 4.000000000000000000, 5.000000000000000000 ),
 .UNSPECIFIED. ) ;
#3129 = CARTESIAN_POINT ( 'NONE',  ( 0.6098048165667382392, 0.6984513944347666703, 0.7500000000000000000 ) ) ;
#3130 = CARTESIAN_POINT ( 'NONE',  ( 0.2068484866314539150, 0.6848842950380683581, 0.7600000000000000089 ) ) ;
#3131 = VERTEX_POINT ( 'NONE', #4261 ) ;
#3132 = DIRECTION ( 'NONE',  ( -0.000000000000000000, -0.000000000000000000, -1.000000000000000000 ) ) ;
#3133 = B_SPLINE_CURVE_WITH_KNOTS ( 'NONE', 3,
 ( #2888, #2265, #4503, #1290 ),
 .UNSPECIFIED., .F., .F.,
 ( 4, 4 ),
 ( 12.00000000000000000, 13.00000000000000000 ),
 .UNSPECIFIED. ) ;
#3134 = B_SPLINE_CURVE_WITH_KNOTS ( 'NONE', 3,
 ( #1640, #4813, #8707, #6408 ),
 .UNSPECIFIED., .F., .F.,
 ( 4, 4 ),
 ( 3.000000000000000000, 4.000000000000000000 ),
 .UNSPECIFIED. ) ;
#3135 = VERTEX_POINT ( 'NONE', #5232 ) ;
#3136 = CARTESIAN_POINT ( 'NONE',  ( 0.3218215265175511375, 0.6953363725158325792, 0.7500000000000000000 ) ) ;
#3137 = ORIENTED_EDGE ( 'NONE', *, *, #5974, .F. ) ;
#3138 = CARTESIAN_POINT ( 'NONE',  ( 0.8902078776294369833, 0.7289122078472241029, 0.7500000000000000000 ) ) ;
#3139 = B_SPLINE_SURFACE_WITH_KNOTS ( 'NONE', 3, 1, ( 
 ( #9801, #2697 ),
 ( #2013, #5179 ),
 ( #8355, #2160 ),
 ( #4552, #6971 ) ),
 .UNSPECIFIED., .F., .F., .F.,
 ( 4, 4 ),
 ( 2, 2 ),
 ( 5.000000000000000000, 6.000000000000000000 ),
 ( 0.000000000000000000, 1.000000000000000000 ),
 .UNSPECIFIED. ) ;
#3140 = ADVANCED_FACE ( 'NONE', ( #306 ), #1295, .F. ) ;
#3141 = CARTESIAN_POINT ( 'NONE',  ( 0.6240183891535026062, 0.6797504886669357704, 0.7600000000000000089 ) ) ;
#3142 = CARTESIAN_POINT ( 'NONE',  ( 0.5428927104703610285, 0.6755505216507020627, 0.7500000000000000000 ) ) ;
#3143 = ORIENTED_EDGE ( 'NONE', *, *, #2926, .F. ) ;
#3144 = CARTESIAN_POINT ( 'NONE',  ( 0.1576621513802323737, 0.7020994842309644657, 0.7600000000000000089 ) ) ;
#3145 = ORIENTED_EDGE ( 'NONE', *, *, #9589, .T. ) ;
#3146 = SURFACE_SIDE_STYLE ('',( #9480 ) ) ;
#3147 = DIRECTION ( 'NONE',  ( -1.000000000000000000, -0.000000000000000000, -0.000000000000000000 ) ) ;
#3148 = ADVANCED_FACE ( 'NONE', ( #5840 ), #331, .F. ) ;
#3149 = LINE ( 'NONE', #4140, #6377 ) ;
#3150 = CARTESIAN_POINT ( 'NONE',  ( 0.7590583812727024204, 0.7446068214348511294, 0.7600000000000000089 ) ) ;
#3151 = CARTESIAN_POINT ( 'NONE',  ( 0.3433405716436495614, 0.8244504908228398321, 0.7500000000000000000 ) ) ;
#3152 = DIRECTION ( 'NONE',  ( 1.000000000000000000, 3.491481338843133355E-15, -0.000000000000000000 ) ) ;
#3153 = B_SPLINE_CURVE_WITH_KNOTS ( 'NONE', 3,
 ( #907, #4074, #9729, #2568 ),
 .UNSPECIFIED., .F., .F.,
 ( 4, 4 ),
 ( 3.000000000000000000, 4.000000000000000000 ),
 .UNSPECIFIED. ) ;
#3154 = ORIENTED_EDGE ( 'NONE', *, *, #5863, .F. ) ;
#3155 = LINE ( 'NONE', #7184, #5105 ) ;
#3156 = EDGE_CURVE ( 'NONE', #4046, #1747, #9023, .T. ) ;
#3157 = DIRECTION ( 'NONE',  ( -1.000000000000000000, -0.000000000000000000, -0.000000000000000000 ) ) ;
#3158 = VECTOR ( 'NONE', #7096, 1000.000000000000000 ) ;
#3159 = VERTEX_POINT ( 'NONE', #1092 ) ;
#3160 = CARTESIAN_POINT ( 'NONE',  ( 0.5206328852839724464, 0.8051747668278049774, 0.7600000000000000089 ) ) ;
#3161 = CARTESIAN_POINT ( 'NONE',  ( 0.6690685616759852739, 0.8817910072409375077, 0.7600000000000000089 ) ) ;
#3162 = LINE ( 'NONE', #6311, #3075 ) ;
#3163 = CARTESIAN_POINT ( 'NONE',  ( 0.5685346143593300594, 0.8731700223125384852, 0.7600000000000000089 ) ) ;
#3164 = EDGE_CURVE ( 'NONE', #8913, #165, #5556, .T. ) ;
#3165 =( NAMED_UNIT ( * ) PLANE_ANGLE_UNIT ( ) SI_UNIT ( $, .RADIAN. ) );
#3166 = EDGE_CURVE ( 'NONE', #5989, #8189, #865, .T. ) ;
#3167 = CARTESIAN_POINT ( 'NONE',  ( 0.01194762850846879318, 0.7555896285076423302, 0.7600000000000000089 ) ) ;
#3168 = CARTESIAN_POINT ( 'NONE',  ( 0.5542989366830318732, 0.6655590211699972114, 0.7600000000000000089 ) ) ;
#3169 = ORIENTED_EDGE ( 'NONE', *, *, #6807, .T. ) ;
#3170 = VECTOR ( 'NONE', #8588, 1000.000000000000000 ) ;
#3171 = CARTESIAN_POINT ( 'NONE',  ( 0.5428927104703610285, 0.6755505216507020627, 0.7600000000000000089 ) ) ;
#3172 = EDGE_CURVE ( 'NONE', #5058, #8194, #3084, .T. ) ;
#3173 = EDGE_CURVE ( 'NONE', #4397, #8900, #10276, .T. ) ;
#3174 = CARTESIAN_POINT ( 'NONE',  ( 0.5815324070202413376, 0.6978766621056951003, 0.7600000000000000089 ) ) ;
#3175 = ORIENTED_EDGE ( 'NONE', *, *, #4530, .T. ) ;
#3176 = CARTESIAN_POINT ( 'NONE',  ( 0.6268036304380679713, 0.6762578845169817665, 0.7500000000000000000 ) ) ;
#3177 = VECTOR ( 'NONE', #9758, 1000.000000000000000 ) ;
#3178 = PRESENTATION_STYLE_ASSIGNMENT (( #10282 ) ) ;
#3179 = PLANE ( 'NONE',  #8968 ) ;
#3180 = CARTESIAN_POINT ( 'NONE',  ( 0.5665893664779527716, 0.8038042512749101753, 0.7500000000000000000 ) ) ;
#3181 = CARTESIAN_POINT ( 'NONE',  ( 0.5993491092052226632, 0.6934556441941168714, 0.7600000000000000089 ) ) ;
#3182 = ORIENTED_EDGE ( 'NONE', *, *, #6354, .T. ) ;
#3183 = EDGE_LOOP ( 'NONE', ( #8369, #5284, #8805, #1504 ) ) ;
#3184 = VECTOR ( 'NONE', #3775, 1000.000000000000000 ) ;
#3185 = CARTESIAN_POINT ( 'NONE',  ( 0.5707009131360528675, 0.6891230466406785826, 0.7600000000000000089 ) ) ;
#3186 = EDGE_CURVE ( 'NONE', #2560, #8346, #3482, .T. ) ;
#3187 = CARTESIAN_POINT ( 'NONE',  ( 0.7277354693672223318, 0.8501365189918616005, 0.7600000000000000089 ) ) ;
#3188 = ORIENTED_EDGE ( 'NONE', *, *, #9573, .T. ) ;
#3189 = CARTESIAN_POINT ( 'NONE',  ( 0.7256796960381816097, 0.7346595311332154710, 0.7600000000000000089 ) ) ;
#3190 = ORIENTED_EDGE ( 'NONE', *, *, #3627, .F. ) ;
#3191 = CARTESIAN_POINT ( 'NONE',  ( 0.5358853970800290245, 0.8484565321854827813, 0.7600000000000000089 ) ) ;
#3192 = VERTEX_POINT ( 'NONE', #2317 ) ;
#3193 = B_SPLINE_CURVE_WITH_KNOTS ( 'NONE', 3,
 ( #4068, #7213, #3454, #5046 ),
 .UNSPECIFIED., .F., .F.,
 ( 4, 4 ),
 ( 3.000000000000000000, 4.000000000000000000 ),
 .UNSPECIFIED. ) ;
#3194 = FACE_OUTER_BOUND ( 'NONE', #64, .T. ) ;
#3195 = CARTESIAN_POINT ( 'NONE',  ( -0.7081802701769344122, -0.7148992480723534992, 0.7500000000000000000 ) ) ;
#3196 = FILL_AREA_STYLE_COLOUR ( '', #4267 ) ;
#3197 = VERTEX_POINT ( 'NONE', #497 ) ;
#3198 = EDGE_CURVE ( 'NONE', #2761, #1138, #5075, .T. ) ;
#3199 = CARTESIAN_POINT ( 'NONE',  ( 0.2265230254223644657, 0.9049931171414477005, 0.7600000000000000089 ) ) ;
#3200 = VERTEX_POINT ( 'NONE', #10005 ) ;
#3201 = CARTESIAN_POINT ( 'NONE',  ( 0.6379224904864937429, 0.6789989156221801769, 0.7500000000000000000 ) ) ;
#3202 = CARTESIAN_POINT ( 'NONE',  ( -0.5000000000000000000, -1.745740669421566678E-15, 0.000000000000000000 ) ) ;
#3203 = LINE ( 'NONE', #8759, #10198 ) ;
#3204 = FACE_OUTER_BOUND ( 'NONE', #1451, .T. ) ;
#3205 = DIRECTION ( 'NONE',  ( -3.491481338843133355E-15, 1.000000000000000000, 0.000000000000000000 ) ) ;
#3206 = ADVANCED_FACE ( 'NONE', ( #6045 ), #5427, .F. ) ;
#3207 = CARTESIAN_POINT ( 'NONE',  ( 0.7999999999999982681, 0.4710000000000031939, -0.02000000000000000042 ) ) ;
#3208 = ORIENTED_EDGE ( 'NONE', *, *, #6173, .T. ) ;
#3209 = DIRECTION ( 'NONE',  ( 3.491481338843133355E-15, -1.000000000000000000, 0.000000000000000000 ) ) ;
#3210 = VECTOR ( 'NONE', #346, 1000.000000000000000 ) ;
#3211 = EDGE_CURVE ( 'NONE', #9004, #7117, #5473, .T. ) ;
#3212 = DIRECTION ( 'NONE',  ( 0.000000000000000000, 0.000000000000000000, -1.000000000000000000 ) ) ;
#3213 = VERTEX_POINT ( 'NONE', #4609 ) ;
#3214 = LINE ( 'NONE', #3000, #1500 ) ;
#3215 = DIRECTION ( 'NONE',  ( -0.7071067811865497932, 0.7071067811865452413, 0.000000000000000000 ) ) ;
#3216 =( LENGTH_UNIT ( ) NAMED_UNIT ( * ) SI_UNIT ( .MILLI., .METRE. ) );
#3217 = SURFACE_STYLE_FILL_AREA ( #8053 ) ;
#3218 = CARTESIAN_POINT ( 'NONE',  ( 0.6157731907480710198, 0.7125102313944980947, 0.7600000000000000089 ) ) ;
#3219 = FACE_OUTER_BOUND ( 'NONE', #5454, .T. ) ;
#3220 = EDGE_CURVE ( 'NONE', #2882, #7483, #6095, .T. ) ;
#3221 = B_SPLINE_SURFACE_WITH_KNOTS ( 'NONE', 3, 1, ( 
 ( #10126, #9402 ),
 ( #722, #7956 ),
 ( #7842, #784 ),
 ( #7787, #3903 ) ),
 .UNSPECIFIED., .F., .F., .F.,
 ( 4, 4 ),
 ( 2, 2 ),
 ( 15.00000000000000000, 16.00000000000000000 ),
 ( 0.000000000000000000, 1.000000000000000000 ),
 .UNSPECIFIED. ) ;
#3222 = DIRECTION ( 'NONE',  ( -0.7071067811865497932, 0.7071067811865452413, 0.000000000000000000 ) ) ;
#3223 = VECTOR ( 'NONE', #852, 1000.000000000000000 ) ;
#3224 = ORIENTED_EDGE ( 'NONE', *, *, #942, .T. ) ;
#3225 = CARTESIAN_POINT ( 'NONE',  ( 0.3433405716436495614, 0.8244504908228398321, 0.7500000000000000000 ) ) ;
#3226 = EDGE_CURVE ( 'NONE', #9819, #3674, #8657, .T. ) ;
#3227 = SURFACE_STYLE_FILL_AREA ( #4157 ) ;
#3228 = EDGE_LOOP ( 'NONE', ( #8917, #8843, #1007, #8403 ) ) ;
#3229 = CARTESIAN_POINT ( 'NONE',  ( 0.1499999999999964695, 1.000000000000000888, 0.7500000000000000000 ) ) ;
#3230 = AXIS2_PLACEMENT_3D ( 'NONE', #3189, #5560, #7968 ) ;
#3231 = DIRECTION ( 'NONE',  ( -1.000000000000000000, -3.491481338843133355E-15, 0.000000000000000000 ) ) ;
#3232 = FACE_OUTER_BOUND ( 'NONE', #5925, .T. ) ;
#3233 = CARTESIAN_POINT ( 'NONE',  ( 0.000000000000000000, 0.000000000000000000, 0.7500000000000000000 ) ) ;
#3234 = EDGE_CURVE ( 'NONE', #9157, #9894, #9659, .T. ) ;
#3235 = MECHANICAL_DESIGN_GEOMETRIC_PRESENTATION_REPRESENTATION (  '', ( #914 ), #8541 ) ;
#3236 = ORIENTED_EDGE ( 'NONE', *, *, #10280, .F. ) ;
#3237 = CARTESIAN_POINT ( 'NONE',  ( 0.7264312690829315411, 0.8703405708492010229, 0.7600000000000000089 ) ) ;
#3238 = LINE ( 'NONE', #3130, #7757 ) ;
#3239 = VECTOR ( 'NONE', #775, 1000.000000000000000 ) ;
#3240 = AXIS2_PLACEMENT_3D ( 'NONE', #3393, #5910, #4217 ) ;
#3241 = ORIENTED_EDGE ( 'NONE', *, *, #6581, .F. ) ;
#3242 = CARTESIAN_POINT ( 'NONE',  ( 0.6203268391971467066, 0.7213080570391718904, 0.7500000000000000000 ) ) ;
#3243 = ORIENTED_EDGE ( 'NONE', *, *, #7935, .F. ) ;
#3244 = CARTESIAN_POINT ( 'NONE',  ( 0.7772066598009909066, 0.8817910072409395061, 0.7600000000000000089 ) ) ;
#3245 = CARTESIAN_POINT ( 'NONE',  ( 0.4861931557500361323, 0.7346595311332124734, 0.7500000000000000000 ) ) ;
#3246 = EDGE_CURVE ( 'NONE', #1970, #6276, #3824, .T. ) ;
#3247 = FACE_OUTER_BOUND ( 'NONE', #741, .T. ) ;
#3248 = CARTESIAN_POINT ( 'NONE',  ( 0.3814599626998216864, 0.6854991148470219731, 0.7500000000000000000 ) ) ;
#3249 = B_SPLINE_CURVE_WITH_KNOTS ( 'NONE', 3,
 ( #8178, #8902, #217, #6498, #2624, #7367, #1794 ),
 .UNSPECIFIED., .F., .F.,
 ( 4, 3, 4 ),
 ( 0.000000000000000000, 1.000000000000000000, 2.000000000000000000 ),
 .UNSPECIFIED. ) ;
#3250 = PRESENTATION_LAYER_ASSIGNMENT (  '', '', ( #7704 ) ) ;
#3251 = ORIENTED_EDGE ( 'NONE', *, *, #8875, .T. ) ;
#3252 = STYLED_ITEM ( 'NONE', ( #3178 ), #1835 ) ;
#3253 = B_SPLINE_CURVE_WITH_KNOTS ( 'NONE', 3,
 ( #687, #7862, #4494, #10251 ),
 .UNSPECIFIED., .F., .F.,
 ( 4, 4 ),
 ( 15.00000000000000000, 16.00000000000000000 ),
 .UNSPECIFIED. ) ;
#3254 = CARTESIAN_POINT ( 'NONE',  ( 0.5428927104703610285, 0.6725884396501585760, 0.7500000000000000000 ) ) ;
#3255 = VERTEX_POINT ( 'NONE', #596 ) ;
#3256 = CARTESIAN_POINT ( 'NONE',  ( 0.5889155069332399073, 0.8797131288223546397, 0.7600000000000000089 ) ) ;
#3257 =( GEOMETRIC_REPRESENTATION_CONTEXT ( 3 ) GLOBAL_UNCERTAINTY_ASSIGNED_CONTEXT ( ( #9083 ) ) GLOBAL_UNIT_ASSIGNED_CONTEXT ( ( #8130, #5159, #1845 ) ) REPRESENTATION_CONTEXT ( 'NONE', 'WORKASPACE' ) );
#3258 = VERTEX_POINT ( 'NONE', #4659 ) ;
#3259 =( NAMED_UNIT ( * ) SI_UNIT ( $, .STERADIAN. ) SOLID_ANGLE_UNIT ( ) );
#3260 = ORIENTED_EDGE ( 'NONE', *, *, #8220, .T. ) ;
#3261 = DIRECTION ( 'NONE',  ( -3.491481338843133355E-15, 1.000000000000000000, 0.000000000000000000 ) ) ;
#3262 = CARTESIAN_POINT ( 'NONE',  ( 0.8974362419154079396, 0.7446068214348521286, 0.7600000000000000089 ) ) ;
#3263 =( LENGTH_UNIT ( ) NAMED_UNIT ( * ) SI_UNIT ( .MILLI., .METRE. ) );
#3264 = DIRECTION ( 'NONE',  ( -0.000000000000000000, 1.000000000000000000, -0.000000000000000000 ) ) ;
#3265 = EDGE_CURVE ( 'NONE', #8831, #2931, #7820, .T. ) ;
#3266 = VECTOR ( 'NONE', #6197, 1000.000000000000000 ) ;
#3267 = ORIENTED_EDGE ( 'NONE', *, *, #7989, .T. ) ;
#3268 = FILL_AREA_STYLE_COLOUR ( '', #10240 ) ;
#3269 = PLANE ( 'NONE',  #7672 ) ;
#3270 = B_SPLINE_CURVE_WITH_KNOTS ( 'NONE', 3,
 ( #4827, #7999, #884, #455 ),
 .UNSPECIFIED., .F., .F.,
 ( 4, 4 ),
 ( 4.000000000000000000, 5.000000000000000000 ),
 .UNSPECIFIED. ) ;
#3271 = ORIENTED_EDGE ( 'NONE', *, *, #4868, .F. ) ;
#3272 = CARTESIAN_POINT ( 'NONE',  ( 0.2904652471765117316, 0.6959511923247825305, 0.7600000000000000089 ) ) ;
#3273 = CARTESIAN_POINT ( 'NONE',  ( 0.7182523859458088689, 0.8637090439812484810, 0.7600000000000000089 ) ) ;
#3274 = ORIENTED_EDGE ( 'NONE', *, *, #2001, .T. ) ;
#3275 = AXIS2_PLACEMENT_3D ( 'NONE', #2789, #7387, #8243 ) ;
#3276 = CARTESIAN_POINT ( 'NONE',  ( -0.7999999999999973799, -0.7510000000000032205, 0.1800000000000000211 ) ) ;
#3277 = LINE ( 'NONE', #938, #3177 ) ;
#3278 = CARTESIAN_POINT ( 'NONE',  ( 0.5574378594004397725, 0.8038042512749101753, 0.7600000000000000089 ) ) ;
#3279 = CARTESIAN_POINT ( 'NONE',  ( 0.4750300855225406127, 0.6581317110782198831, 0.7500000000000000000 ) ) ;
#3280 = CARTESIAN_POINT ( 'NONE',  ( -0.5999999999999982014, -0.5000000000000018874, 0.000000000000000000 ) ) ;
#3281 = ADVANCED_FACE ( 'NONE', ( #1344 ), #5281, .F. ) ;
#3282 = ORIENTED_EDGE ( 'NONE', *, *, #637, .F. ) ;
#3283 = DIRECTION ( 'NONE',  ( -3.491481338843133355E-15, 1.000000000000000000, 0.000000000000000000 ) ) ;
#3284 = VECTOR ( 'NONE', #6277, 1000.000000000000000 ) ;
#3285 = FACE_BOUND ( 'NONE', #934, .T. ) ;
#3286 = EDGE_CURVE ( 'NONE', #2583, #2794, #6295, .T. ) ;
#3287 = CARTESIAN_POINT ( 'NONE',  ( 0.6527329004912759691, 0.8051747668278049774, 0.7500000000000000000 ) ) ;
#3288 = DIRECTION ( 'NONE',  ( 0.000000000000000000, 0.000000000000000000, -1.000000000000000000 ) ) ;
#3289 = PLANE ( 'NONE',  #5314 ) ;
#3290 = CARTESIAN_POINT ( 'NONE',  ( 0.03777045334268263471, 0.6885732608001106092, 0.7500000000000000000 ) ) ;
#3291 = DIRECTION ( 'NONE',  ( 1.000000000000000000, -0.000000000000000000, -0.000000000000000000 ) ) ;
#3292 = VECTOR ( 'NONE', #10161, 1000.000000000000000 ) ;
#3293 = CARTESIAN_POINT ( 'NONE',  ( 0.7999999999999982681, 0.4710000000000031939, -0.02000000000000000042 ) ) ;
#3294 = EDGE_CURVE ( 'NONE', #7717, #1814, #4091, .T. ) ;
#3295 = EDGE_LOOP ( 'NONE', ( #7652, #8592, #9846, #4504 ) ) ;
#3296 = CARTESIAN_POINT ( 'NONE',  ( 0.5443737514706356029, 0.8129115481736538529, 0.7600000000000000089 ) ) ;
#3297 = CARTESIAN_POINT ( 'NONE',  ( 0.5000000000000034417, -1.000999999999998558, 0.1800000000000000211 ) ) ;
#3298 = VECTOR ( 'NONE', #5915, 1000.000000000000000 ) ;
#3299 = ADVANCED_FACE ( 'NONE', ( #4760 ), #9596, .F. ) ;
#3300 = VERTEX_POINT ( 'NONE', #9537 ) ;
#3301 = CARTESIAN_POINT ( 'NONE',  ( 0.9180381853849560736, 0.6581317110782219926, 0.7600000000000000089 ) ) ;
#3302 = ORIENTED_EDGE ( 'NONE', *, *, #1497, .T. ) ;
#3303 = CARTESIAN_POINT ( 'NONE',  ( 0.9057698606792714546, 0.6915546064918139946, 0.7600000000000000089 ) ) ;
#3304 = PLANE ( 'NONE',  #9292 ) ;
#3305 = DIRECTION ( 'NONE',  ( -0.000000000000000000, -0.000000000000000000, -1.000000000000000000 ) ) ;
#3306 = DIRECTION ( 'NONE',  ( -0.000000000000000000, -0.000000000000000000, -1.000000000000000000 ) ) ;
#3307 = SURFACE_STYLE_FILL_AREA ( #4803 ) ;
#3308 = EDGE_CURVE ( 'NONE', #8606, #1650, #1782, .T. ) ;
#3309 = VECTOR ( 'NONE', #8100, 1000.000000000000000 ) ;
#3310 = LINE ( 'NONE', #5725, #2261 ) ;
#3311 = ORIENTED_EDGE ( 'NONE', *, *, #1278, .F. ) ;
#3312 = ADVANCED_FACE ( 'NONE', ( #2585 ), #1540, .F. ) ;
#3313 = EDGE_CURVE ( 'NONE', #7692, #5376, #282, .T. ) ;
#3314 = CARTESIAN_POINT ( 'NONE',  ( -0.1499999999999964695, -1.001000000000000778, 0.1800000000000000211 ) ) ;
#3315 = ORIENTED_EDGE ( 'NONE', *, *, #9714, .F. ) ;
#3316 = EDGE_LOOP ( 'NONE', ( #1026, #1501, #2246, #3928 ) ) ;
#3317 = CARTESIAN_POINT ( 'NONE',  ( 0.7885244656555233655, 0.7346595311332154710, 0.7600000000000000089 ) ) ;
#3318 = DIRECTION ( 'NONE',  ( 0.000000000000000000, 1.000000000000000000, -0.000000000000000000 ) ) ;
#3319 =( NAMED_UNIT ( * ) SI_UNIT ( $, .STERADIAN. ) SOLID_ANGLE_UNIT ( ) );
#3320 = VERTEX_POINT ( 'NONE', #5577 ) ;
#3321 = DIRECTION ( 'NONE',  ( 1.000000000000000000, 3.491481338843133355E-15, 0.000000000000000000 ) ) ;
#3322 = CARTESIAN_POINT ( 'NONE',  ( 0.5962101864878148749, 0.6714831851716753786, 0.7500000000000000000 ) ) ;
#3323 = EDGE_LOOP ( 'NONE', ( #5066, #10035, #6732, #6102, #3634, #8620, #7788, #5230, #1024, #3992, #8569, #4578, #9279, #3932, #5078, #2647 ) ) ;
#3324 = CARTESIAN_POINT ( 'NONE',  ( 1.000000000000003553, -0.9999999999999961142, 0.000000000000000000 ) ) ;
#3325 = CARTESIAN_POINT ( 'NONE',  ( 0.7264312690829315411, 0.8074294859626620635, 0.7500000000000000000 ) ) ;
#3326 = EDGE_LOOP ( 'NONE', ( #2659, #4712, #6690, #8170, #7119, #7512, #7853, #7280, #9195, #3747, #4351, #6343, #10139, #5809, #9953 ) ) ;
#3327 = PLANE ( 'NONE',  #584 ) ;
#3328 =( NAMED_UNIT ( * ) PLANE_ANGLE_UNIT ( ) SI_UNIT ( $, .RADIAN. ) );
#3329 = CARTESIAN_POINT ( 'NONE',  ( 0.6082353552080327352, 0.6998219099870702786, 0.7600000000000000089 ) ) ;
#3330 = CARTESIAN_POINT ( 'NONE',  ( 0.6718095927811911228, 0.6734726432321217482, 0.7600000000000000089 ) ) ;
#3331 = CARTESIAN_POINT ( 'NONE',  ( 0.5215391939557646461, 0.6581317110782198831, 0.7600000000000000089 ) ) ;
#3332 = VERTEX_POINT ( 'NONE', #758 ) ;
#3333 = VECTOR ( 'NONE', #8857, 1000.000000000000000 ) ;
#3334 = DIRECTION ( 'NONE',  ( -1.000000000000000000, 0.000000000000000000, 0.000000000000000000 ) ) ;
#3335 = FACE_BOUND ( 'NONE', #7501, .T. ) ;
#3336 = VERTEX_POINT ( 'NONE', #4035 ) ;
#3337 = CARTESIAN_POINT ( 'NONE',  ( 0.3236660328524462726, 0.6578318012680252069, 0.7500000000000000000 ) ) ;
#3338 = EDGE_CURVE ( 'NONE', #7189, #630, #3203, .T. ) ;
#3339 = CARTESIAN_POINT ( 'NONE',  ( 0.7830645085340638412, 0.8707384624614092905, 0.7600000000000000089 ) ) ;
#3340 = CARTESIAN_POINT ( 'NONE',  ( 0.5514915903089311344, 0.6566727751671871394, 0.7500000000000000000 ) ) ;
#3341 =( NAMED_UNIT ( * ) SI_UNIT ( $, .STERADIAN. ) SOLID_ANGLE_UNIT ( ) );
#3342 = ORIENTED_EDGE ( 'NONE', *, *, #1134, .F. ) ;
#3343 = DIRECTION ( 'NONE',  ( 0.1387416884823398644, -0.9903286039881254998, 0.000000000000000000 ) ) ;
#3344 = CARTESIAN_POINT ( 'NONE',  ( 0.6435592883242243767, 0.7198933313072078954, 0.7600000000000000089 ) ) ;
#3345 = VECTOR ( 'NONE', #7099, 1000.000000000000000 ) ;
#3346 = ORIENTED_EDGE ( 'NONE', *, *, #2544, .T. ) ;
#3348 = EDGE_CURVE ( 'NONE', #2838, #5975, #3134, .T. ) ;
#3347 = CARTESIAN_POINT ( 'NONE',  ( 0.5455011110383591877, 0.6566727751671871394, 0.7600000000000000089 ) ) ;
#3349 = VERTEX_POINT ( 'NONE', #5522 ) ;
#3350 = DIRECTION ( 'NONE',  ( -1.000000000000000000, -0.000000000000000000, -0.000000000000000000 ) ) ;
#3351 = CARTESIAN_POINT ( 'NONE',  ( 0.6927873227734080430, 0.8051747668278055325, 0.7500000000000000000 ) ) ;
#3352 = CARTESIAN_POINT ( 'NONE',  ( 0.7442700763577460021, 0.7953158968843083709, 0.7600000000000000089 ) ) ;
#3353 = DIRECTION ( 'NONE',  ( -1.000000000000000000, -4.317572739497901202E-14, 0.000000000000000000 ) ) ;
#3354 = VECTOR ( 'NONE', #5630, 1000.000000000000000 ) ;
#3355 = EDGE_CURVE ( 'NONE', #9638, #4605, #6458, .T. ) ;
#3356 = UNCERTAINTY_MEASURE_WITH_UNIT (LENGTH_MEASURE( 1.000000000000000082E-05 ), #7728, 'distance_accuracy_value', 'NONE');
#3357 =( NAMED_UNIT ( * ) SI_UNIT ( $, .STERADIAN. ) SOLID_ANGLE_UNIT ( ) );
#3358 = ORIENTED_EDGE ( 'NONE', *, *, #7358, .F. ) ;
#3360 = EDGE_CURVE ( 'NONE', #2890, #7829, #7179, .T. ) ;
#3359 = DIRECTION ( 'NONE',  ( -0.000000000000000000, 0.000000000000000000, -1.000000000000000000 ) ) ;
#3361 = VECTOR ( 'NONE', #417, 1000.000000000000000 ) ;
#3362 = ORIENTED_EDGE ( 'NONE', *, *, #1484, .T. ) ;
#3363 = CARTESIAN_POINT ( 'NONE',  ( 0.5206328852839724464, 0.8051747668278049774, 0.7600000000000000089 ) ) ;
#3364 = EDGE_LOOP ( 'NONE', ( #3779, #4342, #6902, #562 ) ) ;
#3365 = PLANE ( 'NONE',  #1923 ) ;
#3366 = CARTESIAN_POINT ( 'NONE',  ( 0.3101397859677155755, 0.8730219974690239804, 0.7600000000000000089 ) ) ;
#3367 = EDGE_CURVE ( 'NONE', #5891, #9797, #924, .T. ) ;
#3368 = CARTESIAN_POINT ( 'NONE',  ( 0.6483118825793947604, 0.8441681448105246011, 0.7600000000000000089 ) ) ;
#3369 = ORIENTED_EDGE ( 'NONE', *, *, #9114, .T. ) ;
#3370 = CARTESIAN_POINT ( 'NONE',  ( 0.7394732719229082374, 0.8524796584848549630, 0.7600000000000000089 ) ) ;
#3371 = DIRECTION ( 'NONE',  ( -1.000000000000000000, 0.000000000000000000, -0.000000000000000000 ) ) ;
#3372 = ORIENTED_EDGE ( 'NONE', *, *, #3623, .T. ) ;
#3373 = ORIENTED_EDGE ( 'NONE', *, *, #9445, .T. ) ;
#3374 = CARTESIAN_POINT ( 'NONE',  ( 0.7835508205044109387, 0.8678648008184131069, 0.7500000000000000000 ) ) ;
#3375 = ORIENTED_EDGE ( 'NONE', *, *, #10028, .T. ) ;
#3376 = CARTESIAN_POINT ( 'NONE',  ( 0.8206431607854106636, 0.6709968732013317227, 0.7500000000000000000 ) ) ;
#3377 = CARTESIAN_POINT ( 'NONE',  ( 0.5581894324454893530, 0.7125102313944980947, 0.7500000000000000000 ) ) ;
#3378 = SURFACE_STYLE_USAGE ( .BOTH. , #1711 ) ;
#3379 = EDGE_CURVE ( 'NONE', #2303, #10078, #8089, .T. ) ;
#3380 = CARTESIAN_POINT ( 'NONE',  ( 0.6527771106706375948, 0.6290414132174785289, 0.7600000000000000089 ) ) ;
#3381 = ORIENTED_EDGE ( 'NONE', *, *, #3003, .F. ) ;
#3382 = B_SPLINE_CURVE_WITH_KNOTS ( 'NONE', 3,
 ( #7982, #6291, #4031, #76 ),
 .UNSPECIFIED., .F., .F.,
 ( 4, 4 ),
 ( 10.00000000000000000, 11.00000000000000000 ),
 .UNSPECIFIED. ) ;
#3383 = AXIS2_PLACEMENT_3D ( 'NONE', #5785, #822, #9648 ) ;
#3384 = B_SPLINE_CURVE_WITH_KNOTS ( 'NONE', 3,
 ( #8181, #3612, #1216, #6762 ),
 .UNSPECIFIED., .F., .F.,
 ( 4, 4 ),
 ( 0.000000000000000000, 1.000000000000000000 ),
 .UNSPECIFIED. ) ;
#3385 = EDGE_CURVE ( 'NONE', #8761, #6038, #3149, .T. ) ;
#3386 = CARTESIAN_POINT ( 'NONE',  ( 0.5962101864878148749, 0.6714831851716753786, 0.7600000000000000089 ) ) ;
#3387 = CARTESIAN_POINT ( 'NONE',  ( 0.000000000000000000, 0.000000000000000000, 0.7500000000000000000 ) ) ;
#3388 = CARTESIAN_POINT ( 'NONE',  ( 0.5827260818565642708, 0.8714900355061628856, 0.7500000000000000000 ) ) ;
#3389 = CARTESIAN_POINT ( 'NONE',  ( 0.5319064809591412812, 0.6746663180687393346, 0.7600000000000000089 ) ) ;
#3390 = CARTESIAN_POINT ( 'NONE',  ( 0.1447507477583269697, 0.8090797962370152030, 0.7500000000000000000 ) ) ;
#3391 = MECHANICAL_DESIGN_GEOMETRIC_PRESENTATION_REPRESENTATION (  '', ( #9516 ), #9183 ) ;
#3392 = DIRECTION ( 'NONE',  ( -1.000000000000000000, -4.429205798888076739E-14, 0.000000000000000000 ) ) ;
#3393 = CARTESIAN_POINT ( 'NONE',  ( 0.000000000000000000, 0.000000000000000000, 0.7500000000000000000 ) ) ;
#3394 = ORIENTED_EDGE ( 'NONE', *, *, #422, .T. ) ;
#3395 = ADVANCED_FACE ( 'NONE', ( #179 ), #3365, .T. ) ;
#3396 = CARTESIAN_POINT ( 'NONE',  ( -0.1500000000000034639, 1.000000000000000000, 0.7500000000000000000 ) ) ;
#3397 = EDGE_LOOP ( 'NONE', ( #240, #8352, #514, #4693 ) ) ;
#3398 = LINE ( 'NONE', #2810, #4711 ) ;
#3399 = B_SPLINE_CURVE_WITH_KNOTS ( 'NONE', 3,
 ( #1614, #5401, #3800, #52 ),
 .UNSPECIFIED., .F., .F.,
 ( 4, 4 ),
 ( 9.000000000000000000, 10.00000000000000000 ),
 .UNSPECIFIED. ) ;
#3400 = ORIENTED_EDGE ( 'NONE', *, *, #6900, .T. ) ;
#3401 = DIRECTION ( 'NONE',  ( -0.000000000000000000, -0.000000000000000000, -1.000000000000000000 ) ) ;
#3402 = VECTOR ( 'NONE', #1339, 1000.000000000000000 ) ;
#3403 = LINE ( 'NONE', #122, #5555 ) ;
#3404 = CARTESIAN_POINT ( 'NONE',  ( 0.8000000000000008216, -0.2809999999999975850, -0.02000000000000000042 ) ) ;
#3405 = B_SPLINE_SURFACE_WITH_KNOTS ( 'NONE', 3, 1, ( 
 ( #8530, #3753 ),
 ( #6165, #9113 ),
 ( #386, #6903 ),
 ( #2968, #9296 ),
 ( #10128, #9562 ),
 ( #7903, #9663 ),
 ( #203, #4836 ) ),
 .UNSPECIFIED., .F., .F., .F.,
 ( 4, 3, 4 ),
 ( 2, 2 ),
 ( 0.000000000000000000, 1.000000000000000000, 2.000000000000000000 ),
 ( 0.000000000000000000, 1.000000000000000000 ),
 .UNSPECIFIED. ) ;
#3406 = CARTESIAN_POINT ( 'NONE',  ( 0.8000000000000008216, -0.2809999999999975850, -0.02000000000000000042 ) ) ;
#3407 = ORIENTED_EDGE ( 'NONE', *, *, #186, .T. ) ;
#3408 = ADVANCED_FACE ( 'NONE', ( #1902 ), #8347, .F. ) ;
#3409 = DIRECTION ( 'NONE',  ( -1.000000000000000000, 0.000000000000000000, 0.000000000000000000 ) ) ;
#3410 = STYLED_ITEM ( 'NONE', ( #7206 ), #2678 ) ;
#3411 = MECHANICAL_DESIGN_GEOMETRIC_PRESENTATION_REPRESENTATION (  '', ( #923 ), #5218 ) ;
#3412 = VERTEX_POINT ( 'NONE', #8191 ) ;
#3413 = LINE ( 'NONE', #8236, #2556 ) ;
#3414 = ADVANCED_FACE ( 'NONE', ( #1079 ), #10034, .T. ) ;
#3415 = ORIENTED_EDGE ( 'NONE', *, *, #6110, .F. ) ;
#3416 = CARTESIAN_POINT ( 'NONE',  ( 0.7246628619184196651, 0.8201620175491580733, 0.7600000000000000089 ) ) ;
#3417 = ORIENTED_EDGE ( 'NONE', *, *, #5385, .F. ) ;
#3418 = STYLED_ITEM ( 'NONE', ( #8574 ), #1947 ) ;
#3419 = CARTESIAN_POINT ( 'NONE',  ( 0.8151389934848880525, 0.7446068214348521286, 0.7600000000000000089 ) ) ;
#3420 = PRESENTATION_STYLE_ASSIGNMENT (( #231 ) ) ;
#3421 = LINE ( 'NONE', #4350, #6741 ) ;
#3422 = ADVANCED_FACE ( 'NONE', ( #4398 ), #7538, .T. ) ;
#3423 = VERTEX_POINT ( 'NONE', #6772 ) ;
#3424 =( NAMED_UNIT ( * ) SI_UNIT ( $, .STERADIAN. ) SOLID_ANGLE_UNIT ( ) );
#3425 = VECTOR ( 'NONE', #10197, 1000.000000000000000 ) ;
#3426 = CARTESIAN_POINT ( 'NONE',  ( 0.2892356075583163433, 0.6578318012680252069, 0.7600000000000000089 ) ) ;
#3427 = ORIENTED_EDGE ( 'NONE', *, *, #7256, .F. ) ;
#3428 = ADVANCED_FACE ( 'NONE', ( #8914 ), #6123, .F. ) ;
#3429 = ORIENTED_EDGE ( 'NONE', *, *, #592, .F. ) ;
#3430 = FACE_OUTER_BOUND ( 'NONE', #6868, .T. ) ;
#3431 = CARTESIAN_POINT ( 'NONE',  ( 0.6304509702153541228, 0.7204238534566191898, 0.7600000000000000089 ) ) ;
#3432 = ORIENTED_EDGE ( 'NONE', *, *, #7185, .T. ) ;
#3433 = CARTESIAN_POINT ( 'NONE',  ( 0.6263394235572565805, 0.6583085517944956555, 0.7600000000000000089 ) ) ;
#3434 = CARTESIAN_POINT ( 'NONE',  ( 0.5962101864878148749, 0.6602980098549425803, 0.7500000000000000000 ) ) ;
#3435 = DIRECTION ( 'NONE',  ( 0.000000000000000000, 0.000000000000000000, 1.000000000000000000 ) ) ;
#3436 = AXIS2_PLACEMENT_3D ( 'NONE', #4931, #7343, #8106 ) ;
#3437 = CARTESIAN_POINT ( 'NONE',  ( 0.8000000000000034861, -1.000999999999997447, 0.1800000000000000211 ) ) ;
#3438 = VERTEX_POINT ( 'NONE', #485 ) ;
#3439 = DIRECTION ( 'NONE',  ( 1.253773678939720285E-14, -1.000000000000000000, -0.000000000000000000 ) ) ;
#3440 = LINE ( 'NONE', #8934, #9249 ) ;
#3441 = ORIENTED_EDGE ( 'NONE', *, *, #229, .T. ) ;
#3442 = VECTOR ( 'NONE', #1082, 1000.000000000000000 ) ;
#3443 = LINE ( 'NONE', #2711, #625 ) ;
#3444 = ADVANCED_FACE ( 'NONE', ( #3032 ), #6083, .F. ) ;
#3445 = CARTESIAN_POINT ( 'NONE',  ( 0.6318656959473176737, 0.6878851616249908041, 0.7500000000000000000 ) ) ;
#3446 = CARTESIAN_POINT ( 'NONE',  ( 0.7844129189974262673, 0.8646816679219360147, 0.7600000000000000089 ) ) ;
#3447 = CARTESIAN_POINT ( 'NONE',  ( 0.3470295374056933113, 0.6971808553971488021, 0.7600000000000000089 ) ) ;
#3448 = LINE ( 'NONE', #1880, #1527 ) ;
#3449 = CARTESIAN_POINT ( 'NONE',  ( 0.2068484866314539150, 0.6848842950380683581, 0.7600000000000000089 ) ) ;
#3450 = ORIENTED_EDGE ( 'NONE', *, *, #581, .T. ) ;
#3451 = VECTOR ( 'NONE', #6387, 1000.000000000000000 ) ;
#3452 = B_SPLINE_CURVE_WITH_KNOTS ( 'NONE', 3,
 ( #6026, #1475, #6810, #3078 ),
 .UNSPECIFIED., .F., .F.,
 ( 4, 4 ),
 ( 0.000000000000000000, 1.000000000000000000 ),
 .UNSPECIFIED. ) ;
#3453 = CARTESIAN_POINT ( 'NONE',  ( 0.6173868622858336153, 0.8342650646879571363, 0.7600000000000000089 ) ) ;
#3454 = CARTESIAN_POINT ( 'NONE',  ( 0.5241696996132929609, 0.8508438818575453366, 0.7600000000000000089 ) ) ;
#3455 = ORIENTED_EDGE ( 'NONE', *, *, #277, .F. ) ;
#3456 = CARTESIAN_POINT ( 'NONE',  ( -0.7999999999999964917, -1.001000000000003221, -0.02000000000000000042 ) ) ;
#3457 = VECTOR ( 'NONE', #8618, 1000.000000000000000 ) ;
#3458 = CARTESIAN_POINT ( 'NONE',  ( 0.6483118825793947604, 0.8342650646879571363, 0.7500000000000000000 ) ) ;
#3459 = FILL_AREA_STYLE ('',( #2515 ) ) ;
#3460 = EDGE_CURVE ( 'NONE', #8606, #334, #585, .T. ) ;
#3461 = CARTESIAN_POINT ( 'NONE',  ( 0.6268036304380679713, 0.6762578845169817665, 0.7500000000000000000 ) ) ;
#3462 = VECTOR ( 'NONE', #5447, 1000.000000000000000 ) ;
#3463 = DIRECTION ( 'NONE',  ( 0.000000000000000000, 0.000000000000000000, 1.000000000000000000 ) ) ;
#3464 = ORIENTED_EDGE ( 'NONE', *, *, #4649, .F. ) ;
#3465 = CARTESIAN_POINT ( 'NONE',  ( 0.8011464717943481695, 0.6581317110782219926, 0.7500000000000000000 ) ) ;
#3466 = ORIENTED_EDGE ( 'NONE', *, *, #2207, .T. ) ;
#3467 = CARTESIAN_POINT ( 'NONE',  ( 0.6379224904864937429, 0.6749315791431509393, 0.7500000000000000000 ) ) ;
#3468 = ADVANCED_FACE ( 'NONE', ( #8402 ), #3717, .F. ) ;
#3469 = ORIENTED_EDGE ( 'NONE', *, *, #5995, .T. ) ;
#3470 = AXIS2_PLACEMENT_3D ( 'NONE', #5742, #4307, #5022 ) ;
#3471 =( LENGTH_UNIT ( ) NAMED_UNIT ( * ) SI_UNIT ( .MILLI., .METRE. ) );
#3472 = LINE ( 'NONE', #6616, #1604 ) ;
#3473 = ORIENTED_EDGE ( 'NONE', *, *, #1454, .F. ) ;
#3474 = CARTESIAN_POINT ( 'NONE',  ( 0.6519371172671560855, 0.6383255508324964245, 0.7600000000000000089 ) ) ;
#3475 = VERTEX_POINT ( 'NONE', #9315 ) ;
#3476 = ORIENTED_EDGE ( 'NONE', *, *, #8700, .F. ) ;
#3477 = ORIENTED_EDGE ( 'NONE', *, *, #9793, .T. ) ;
#3478 = CARTESIAN_POINT ( 'NONE',  ( 0.4035938276351668241, 0.7807976159419112161, 0.7500000000000000000 ) ) ;
#3479 = EDGE_CURVE ( 'NONE', #6357, #8579, #2982, .T. ) ;
#3480 = VERTEX_POINT ( 'NONE', #7756 ) ;
#3481 = CARTESIAN_POINT ( 'NONE',  ( 0.6309593872752314869, 0.6615801050491079138, 0.7600000000000000089 ) ) ;
#3482 = LINE ( 'NONE', #3094, #9542 ) ;
#3483 = CARTESIAN_POINT ( 'NONE',  ( 0.1453655792945113823, 0.7408337537313613996, 0.7600000000000000089 ) ) ;
#3484 = ORIENTED_EDGE ( 'NONE', *, *, #6292, .F. ) ;
#3485 = EDGE_CURVE ( 'NONE', #8260, #1138, #3865, .T. ) ;
#3486 = DIRECTION ( 'NONE',  ( 0.000000000000000000, 0.000000000000000000, 1.000000000000000000 ) ) ;
#3487 = CARTESIAN_POINT ( 'NONE',  ( 0.6032174998781467679, 0.7164007271566605883, 0.7500000000000000000 ) ) ;
#3488 = VERTEX_POINT ( 'NONE', #4544 ) ;
#3489 = FACE_OUTER_BOUND ( 'NONE', #3397, .T. ) ;
#3490 = B_SPLINE_SURFACE_WITH_KNOTS ( 'NONE', 3, 1, ( 
 ( #8830, #6428 ),
 ( #200, #6374 ),
 ( #7405, #8777 ),
 ( #6533, #1716 ) ),
 .UNSPECIFIED., .F., .F., .F.,
 ( 4, 4 ),
 ( 2, 2 ),
 ( 3.000000000000000000, 4.000000000000000000 ),
 ( 0.000000000000000000, 1.000000000000000000 ),
 .UNSPECIFIED. ) ;
#3491 = CARTESIAN_POINT ( 'NONE',  ( 0.5661472646869724068, 0.6603422200340092196, 0.7500000000000000000 ) ) ;
#3492 = DIRECTION ( 'NONE',  ( -0.3385350343141443896, -0.9409537876760585284, 0.000000000000000000 ) ) ;
#3493 = CARTESIAN_POINT ( 'NONE',  ( 0.7394732719229082374, 0.8524796584848549630, 0.7500000000000000000 ) ) ;
#3494 = CARTESIAN_POINT ( 'NONE',  ( 0.6157731907480710198, 0.7125102313944980947, 0.7600000000000000089 ) ) ;
#3495 = CARTESIAN_POINT ( 'NONE',  ( 0.6927873227734080430, 0.8051747668278049774, 0.7600000000000000089 ) ) ;
#3496 = VERTEX_POINT ( 'NONE', #6864 ) ;
#3497 = VECTOR ( 'NONE', #6508, 1000.000000000000000 ) ;
#3498 = ADVANCED_FACE ( 'NONE', ( #2933 ), #2102, .T. ) ;
#3499 = EDGE_CURVE ( 'NONE', #6355, #5221, #5416, .T. ) ;
#3500 = DIRECTION ( 'NONE',  ( 0.000000000000000000, 0.000000000000000000, 1.000000000000000000 ) ) ;
#3501 = DIRECTION ( 'NONE',  ( 0.3416038306815827319, -0.9398440417769687860, 0.000000000000000000 ) ) ;
#3502 = ORIENTED_EDGE ( 'NONE', *, *, #2136, .F. ) ;
#3503 =( GEOMETRIC_REPRESENTATION_CONTEXT ( 3 ) GLOBAL_UNCERTAINTY_ASSIGNED_CONTEXT ( ( #8363 ) ) GLOBAL_UNIT_ASSIGNED_CONTEXT ( ( #8076, #5816, #4335 ) ) REPRESENTATION_CONTEXT ( 'NONE', 'WORKASPACE' ) );
#3504 = CARTESIAN_POINT ( 'NONE',  ( 0.3162880778738990095, 0.7912497168735491693, 0.7600000000000000089 ) ) ;
#3505 = DIRECTION ( 'NONE',  ( 1.000000000000000000, 4.317572739497899940E-14, 0.000000000000000000 ) ) ;
#3506 = DIRECTION ( 'NONE',  ( 0.3385350342956437997, 0.9409537876827147596, 0.000000000000000000 ) ) ;
#3507 = DIRECTION ( 'NONE',  ( -0.000000000000000000, -0.000000000000000000, -1.000000000000000000 ) ) ;
#3508 = DIRECTION ( 'NONE',  ( 0.000000000000000000, -0.000000000000000000, -1.000000000000000000 ) ) ;
#3509 = CARTESIAN_POINT ( 'NONE',  ( 0.6268036304380679713, 0.6738705348443274623, 0.7600000000000000089 ) ) ;
#3510 = EDGE_CURVE ( 'NONE', #8863, #6667, #2056, .T. ) ;
#3511 = VECTOR ( 'NONE', #7860, 1000.000000000000000 ) ;
#3512 = FACE_OUTER_BOUND ( 'NONE', #5884, .T. ) ;
#3513 = ORIENTED_EDGE ( 'NONE', *, *, #1074, .T. ) ;
#3514 = CARTESIAN_POINT ( 'NONE',  ( 0.5481095116063531281, 0.6664874349316166624, 0.7500000000000000000 ) ) ;
#3515 = EDGE_LOOP ( 'NONE', ( #2793, #9992, #6569, #6053 ) ) ;
#3516 = DIRECTION ( 'NONE',  ( 1.000000000000000000, 0.000000000000000000, 0.000000000000000000 ) ) ;
#3517 = ORIENTED_EDGE ( 'NONE', *, *, #2805, .T. ) ;
#3518 = B_SPLINE_CURVE_WITH_KNOTS ( 'NONE', 3,
 ( #926, #4093, #979, #9484 ),
 .UNSPECIFIED., .F., .F.,
 ( 4, 4 ),
 ( 1.000000000000000000, 2.000000000000000000 ),
 .UNSPECIFIED. ) ;
#3519 = PRESENTATION_STYLE_ASSIGNMENT (( #8962 ) ) ;
#3520 = EDGE_CURVE ( 'NONE', #2393, #5241, #5269, .T. ) ;
#3521 = ORIENTED_EDGE ( 'NONE', *, *, #4530, .F. ) ;
#3522 = FILL_AREA_STYLE ('',( #6671 ) ) ;
#3523 = CARTESIAN_POINT ( 'NONE',  ( 0.05068188628163305953, 0.7568193150332921393, 0.7600000000000000089 ) ) ;
#3524 = ORIENTED_EDGE ( 'NONE', *, *, #9775, .T. ) ;
#3525 = ORIENTED_EDGE ( 'NONE', *, *, #5672, .F. ) ;
#3526 = ORIENTED_EDGE ( 'NONE', *, *, #4662, .F. ) ;
#3527 = PLANE ( 'NONE',  #3470 ) ;
#3528 = EDGE_LOOP ( 'NONE', ( #6771, #8101, #7914, #9416 ) ) ;
#3529 = B_SPLINE_CURVE_WITH_KNOTS ( 'NONE', 3,
 ( #5805, #6538, #4213, #8114 ),
 .UNSPECIFIED., .F., .F.,
 ( 4, 4 ),
 ( 23.00000000000000000, 24.00000000000000000 ),
 .UNSPECIFIED. ) ;
#3530 = CARTESIAN_POINT ( 'NONE',  ( 0.7246628619184196651, 0.8201620175491580733, 0.7500000000000000000 ) ) ;
#3531 =( LENGTH_UNIT ( ) NAMED_UNIT ( * ) SI_UNIT ( .MILLI., .METRE. ) );
#3532 = CARTESIAN_POINT ( 'NONE',  ( 0.5358853970800290245, 0.8375808281222277829, 0.7500000000000000000 ) ) ;
#3533 = PRESENTATION_LAYER_ASSIGNMENT (  '', '', ( #2029 ) ) ;
#3534 = DIRECTION ( 'NONE',  ( -0.000000000000000000, -0.000000000000000000, -1.000000000000000000 ) ) ;
#3535 = CARTESIAN_POINT ( 'NONE',  ( 0.6129658443739728346, 0.6566727751671871394, 0.7600000000000000089 ) ) ;
#3536 = ORIENTED_EDGE ( 'NONE', *, *, #7964, .T. ) ;
#3537 = EDGE_CURVE ( 'NONE', #10048, #4539, #9165, .T. ) ;
#3538 = ORIENTED_EDGE ( 'NONE', *, *, #6799, .F. ) ;
#3539 = CARTESIAN_POINT ( 'NONE',  ( 0.4861931557500361323, 0.8817910072409375077, 0.7600000000000000089 ) ) ;
#3540 = CARTESIAN_POINT ( 'NONE',  ( 0.5523978989807216688, 0.6948261597470143380, 0.7500000000000000000 ) ) ;
#3541 = ORIENTED_EDGE ( 'NONE', *, *, #2710, .F. ) ;
#3542 = PRESENTATION_LAYER_ASSIGNMENT (  '', '', ( #6830 ) ) ;
#3543 = CARTESIAN_POINT ( 'NONE',  ( 0.9999999999999965583, 1.000000000000003997, 0.1800000000000000488 ) ) ;
#3544 = EDGE_CURVE ( 'NONE', #5667, #7226, #10047, .T. ) ;
#3545 = CARTESIAN_POINT ( 'NONE',  ( 0.6203268391971467066, 0.6931461729400500982, 0.7600000000000000089 ) ) ;
#3546 = DIRECTION ( 'NONE',  ( 0.000000000000000000, 0.000000000000000000, 1.000000000000000000 ) ) ;
#3547 = CARTESIAN_POINT ( 'NONE',  ( 0.6309593872752314869, 0.6615801050491079138, 0.7500000000000000000 ) ) ;
#3548 = LINE ( 'NONE', #8324, #4680 ) ;
#3549 = DIRECTION ( 'NONE',  ( 0.000000000000000000, 0.000000000000000000, -1.000000000000000000 ) ) ;
#3550 = AXIS2_PLACEMENT_3D ( 'NONE', #9266, #7703, #8453 ) ;
#3551 = ORIENTED_EDGE ( 'NONE', *, *, #3166, .T. ) ;
#3552 = EDGE_CURVE ( 'NONE', #6049, #2385, #1584, .T. ) ;
#3553 =( NAMED_UNIT ( * ) PLANE_ANGLE_UNIT ( ) SI_UNIT ( $, .RADIAN. ) );
#3554 = FACE_OUTER_BOUND ( 'NONE', #5740, .T. ) ;
#3555 = B_SPLINE_CURVE_WITH_KNOTS ( 'NONE', 3,
 ( #7884, #4615, #3048, #766 ),
 .UNSPECIFIED., .F., .F.,
 ( 4, 4 ),
 ( 12.00000000000000000, 13.00000000000000000 ),
 .UNSPECIFIED. ) ;
#3556 = VECTOR ( 'NONE', #1324, 1000.000000000000000 ) ;
#3557 = EDGE_CURVE ( 'NONE', #6467, #4461, #70, .T. ) ;
#3558 = CARTESIAN_POINT ( 'NONE',  ( 0.8010801565251544076, 0.6679905810217222628, 0.7600000000000000089 ) ) ;
#3559 = FACE_OUTER_BOUND ( 'NONE', #1461, .T. ) ;
#3560 = LINE ( 'NONE', #3202, #517 ) ;
#3561 = CARTESIAN_POINT ( 'NONE',  ( 0.6240183891535026062, 0.6797504886669357704, 0.7500000000000000000 ) ) ;
#3562 = ORIENTED_EDGE ( 'NONE', *, *, #3499, .T. ) ;
#3563 = CARTESIAN_POINT ( 'NONE',  ( 0.3667040761971913643, 0.6695135652720252128, 0.7500000000000000000 ) ) ;
#3564 = ORIENTED_EDGE ( 'NONE', *, *, #2133, .T. ) ;
#3565 = FILL_AREA_STYLE ('',( #1949 ) ) ;
#3566 = EDGE_LOOP ( 'NONE', ( #10001, #552, #4294, #9728 ) ) ;
#3567 = ORIENTED_EDGE ( 'NONE', *, *, #7519, .T. ) ;
#3568 = CARTESIAN_POINT ( 'NONE',  ( 0.1638104550136437465, 0.7408337537313613996, 0.7500000000000000000 ) ) ;
#3569 = ORIENTED_EDGE ( 'NONE', *, *, #5943, .F. ) ;
#3570 = EDGE_CURVE ( 'NONE', #1962, #286, #2664, .T. ) ;
#3571 = VECTOR ( 'NONE', #6432, 1000.000000000000000 ) ;
#3572 = VECTOR ( 'NONE', #6041, 1000.000000000000114 ) ;
#3573 = DIRECTION ( 'NONE',  ( -3.491481338843133355E-15, 1.000000000000000000, 0.000000000000000000 ) ) ;
#3574 = B_SPLINE_SURFACE_WITH_KNOTS ( 'NONE', 3, 1, ( 
 ( #6888, #1498 ),
 ( #4565, #10163 ),
 ( #6303, #7827 ),
 ( #2997, #6149 ) ),
 .UNSPECIFIED., .F., .F., .F.,
 ( 4, 4 ),
 ( 2, 2 ),
 ( 12.00000000000000000, 13.00000000000000000 ),
 ( 0.000000000000000000, 1.000000000000000000 ),
 .UNSPECIFIED. ) ;
#3575 = ORIENTED_EDGE ( 'NONE', *, *, #6602, .F. ) ;
#3576 = CARTESIAN_POINT ( 'NONE',  ( 0.000000000000000000, 0.000000000000000000, -0.02000000000000000042 ) ) ;
#3577 = DIRECTION ( 'NONE',  ( 3.491481338843133355E-15, -1.000000000000000000, 0.000000000000000000 ) ) ;
#3578 = ORIENTED_EDGE ( 'NONE', *, *, #5251, .F. ) ;
#3579 = COLOUR_RGB ( '',0.2980392156862745057, 0.2980392156862745057, 0.2980392156862745057 ) ;
#3580 = ORIENTED_EDGE ( 'NONE', *, *, #499, .F. ) ;
#3581 = EDGE_LOOP ( 'NONE', ( #5399, #4410, #9074, #6133 ) ) ;
#3582 = VECTOR ( 'NONE', #8733, 1000.000000000000000 ) ;
#3583 = CARTESIAN_POINT ( 'NONE',  ( 0.3783858167467291089, 0.8133835700816628433, 0.7500000000000000000 ) ) ;
#3584 = ORIENTED_EDGE ( 'NONE', *, *, #5057, .F. ) ;
#3585 = CARTESIAN_POINT ( 'NONE',  ( 0.6731358981550157328, 0.6683884726333393367, 0.7600000000000000089 ) ) ;
#3586 = DIRECTION ( 'NONE',  ( -0.000000000000000000, 0.000000000000000000, -1.000000000000000000 ) ) ;
#3587 = ADVANCED_FACE ( 'NONE', ( #7974 ), #8849, .F. ) ;
#3588 = CARTESIAN_POINT ( 'NONE',  ( 0.8732090637575159464, 0.6817841569064504448, 0.7600000000000000089 ) ) ;
#3589 = CARTESIAN_POINT ( 'NONE',  ( 0.7684530443353877471, 0.8287387922984869038, 0.7500000000000000000 ) ) ;
#3590 = DIRECTION ( 'NONE',  ( -0.000000000000000000, -0.000000000000000000, -1.000000000000000000 ) ) ;
#3591 = ORIENTED_EDGE ( 'NONE', *, *, #6658, .F. ) ;
#3592 = VECTOR ( 'NONE', #2176, 1000.000000000000000 ) ;
#3593 = VERTEX_POINT ( 'NONE', #7269 ) ;
#3594 = DIRECTION ( 'NONE',  ( 0.000000000000000000, 0.000000000000000000, 1.000000000000000000 ) ) ;
#3595 = CARTESIAN_POINT ( 'NONE',  ( 0.1121648053452185684, 0.8183022340968790775, 0.7500000000000000000 ) ) ;
#3596 = EDGE_LOOP ( 'NONE', ( #7168, #4901, #6042, #192 ) ) ;
#3597 = CARTESIAN_POINT ( 'NONE',  ( 0.5707009131360528675, 0.6676811097676482731, 0.7600000000000000089 ) ) ;
#3598 = VECTOR ( 'NONE', #2704, 1000.000000000000000 ) ;
#3599 = DIRECTION ( 'NONE',  ( -0.000000000000000000, -0.000000000000000000, -1.000000000000000000 ) ) ;
#3600 = STYLED_ITEM ( 'NONE', ( #377 ), #2537 ) ;
#3601 = ADVANCED_FACE ( 'NONE', ( #911 ), #9581, .F. ) ;
#3602 = PLANE ( 'NONE',  #9357 ) ;
#3603 = LINE ( 'NONE', #512, #8993 ) ;
#3604 = DIRECTION ( 'NONE',  ( 3.491481338843133355E-15, -1.000000000000000000, 0.000000000000000000 ) ) ;
#3605 = EDGE_LOOP ( 'NONE', ( #6113, #7809, #4950, #8885, #3429, #3090, #2435, #5460, #2312, #6435, #2321, #9513 ) ) ;
#3606 = CARTESIAN_POINT ( 'NONE',  ( 0.4750300855225406127, 0.7446068214348511294, 0.7600000000000000089 ) ) ;
#3607 = FACE_OUTER_BOUND ( 'NONE', #5527, .T. ) ;
#3608 = FILL_AREA_STYLE_COLOUR ( '', #2333 ) ;
#3609 = EDGE_CURVE ( 'NONE', #8817, #3475, #6450, .T. ) ;
#3610 = CARTESIAN_POINT ( 'NONE',  ( 0.8010801565251544076, 0.6679905810217222628, 0.7600000000000000089 ) ) ;
#3611 = AXIS2_PLACEMENT_3D ( 'NONE', #8631, #1510, #6901 ) ;
#3612 = CARTESIAN_POINT ( 'NONE',  ( 0.5511600139656240849, 0.7213080570391718904, 0.7600000000000000089 ) ) ;
#3613 = ORIENTED_EDGE ( 'NONE', *, *, #6937, .F. ) ;
#3614 = CARTESIAN_POINT ( 'NONE',  ( 0.5707009131360528675, 0.6781147120396300298, 0.7600000000000000089 ) ) ;
#3615 = CARTESIAN_POINT ( 'NONE',  ( 0.6483118825793947604, 0.8441681448105246011, 0.7600000000000000089 ) ) ;
#3616 = EDGE_CURVE ( 'NONE', #9370, #1195, #7864, .T. ) ;
#3617 = VECTOR ( 'NONE', #8567, 1000.000000000000000 ) ;
#3618 = B_SPLINE_CURVE_WITH_KNOTS ( 'NONE', 3,
 ( #3377, #96, #4152, #4103 ),
 .UNSPECIFIED., .F., .F.,
 ( 4, 4 ),
 ( 11.00000000000000000, 12.00000000000000000 ),
 .UNSPECIFIED. ) ;
#3619 = SURFACE_SIDE_STYLE ('',( #1173 ) ) ;
#3620 = ORIENTED_EDGE ( 'NONE', *, *, #1108, .F. ) ;
#3621 = DIRECTION ( 'NONE',  ( -3.491481338843133355E-15, 1.000000000000000000, 0.000000000000000000 ) ) ;
#3622 = ORIENTED_EDGE ( 'NONE', *, *, #5255, .F. ) ;
#3623 = EDGE_CURVE ( 'NONE', #593, #8198, #5390, .T. ) ;
#3624 = DIRECTION ( 'NONE',  ( 0.000000000000000000, -0.000000000000000000, -1.000000000000000000 ) ) ;
#3625 = DIRECTION ( 'NONE',  ( -1.000000000000000000, -3.491481338843133355E-15, 0.000000000000000000 ) ) ;
#3626 = EDGE_CURVE ( 'NONE', #5783, #4806, #2270, .T. ) ;
#3627 = EDGE_CURVE ( 'NONE', #340, #7572, #2519, .T. ) ;
#3628 = ORIENTED_EDGE ( 'NONE', *, *, #2956, .T. ) ;
#3629 = CARTESIAN_POINT ( 'NONE',  ( 0.5707009131360528675, 0.6973903501359423052, 0.7500000000000000000 ) ) ;
#3630 = CARTESIAN_POINT ( 'NONE',  ( 0.6527771106706375948, 0.6290414132174785289, 0.7600000000000000089 ) ) ;
#3631 = ORIENTED_EDGE ( 'NONE', *, *, #8556, .F. ) ;
#3632 = ORIENTED_EDGE ( 'NONE', *, *, #9775, .F. ) ;
#3633 = CARTESIAN_POINT ( 'NONE',  ( 0.6203268391971467066, 0.7213080570391718904, 0.7500000000000000000 ) ) ;
#3634 = ORIENTED_EDGE ( 'NONE', *, *, #4039, .T. ) ;
#3635 = DIRECTION ( 'NONE',  ( 3.491481338843133355E-15, -1.000000000000000000, 0.000000000000000000 ) ) ;
#3636 = PLANE ( 'NONE',  #4340 ) ;
#3637 = PLANE ( 'NONE',  #8222 ) ;
#3638 = DIRECTION ( 'NONE',  ( 1.000000000000000000, 0.000000000000000000, 0.000000000000000000 ) ) ;
#3639 = FACE_OUTER_BOUND ( 'NONE', #9361, .T. ) ;
#3640 = VERTEX_POINT ( 'NONE', #7076 ) ;
#3641 = FACE_OUTER_BOUND ( 'NONE', #3973, .T. ) ;
#3642 = CARTESIAN_POINT ( 'NONE',  ( 0.5460316331877688167, 0.6683442624542664801, 0.7500000000000000000 ) ) ;
#3643 = ORIENTED_EDGE ( 'NONE', *, *, #9377, .T. ) ;
#3644 = CARTESIAN_POINT ( 'NONE',  ( 0.2271378452316094032, 0.8681033657031786976, 0.7600000000000000089 ) ) ;
#3645 = CARTESIAN_POINT ( 'NONE',  ( 0.8525629101089017281, 0.6581317110782219926, 0.7500000000000000000 ) ) ;
#3646 = LINE ( 'NONE', #6843, #1514 ) ;
#3647 = CARTESIAN_POINT ( 'NONE',  ( 0.7684530443353877471, 0.8287387922984869038, 0.7600000000000000089 ) ) ;
#3648 = CARTESIAN_POINT ( 'NONE',  ( -0.5999999999999982014, -0.5000000000000018874, 0.000000000000000000 ) ) ;
#3649 = CARTESIAN_POINT ( 'NONE',  ( 0.6736443152143070101, 0.6695379372908891735, 0.7600000000000000089 ) ) ;
#3650 = EDGE_LOOP ( 'NONE', ( #1402, #7281, #1833, #1862 ) ) ;
#3651 = LINE ( 'NONE', #2818, #6756 ) ;
#3652 = ADVANCED_FACE ( 'NONE', ( #9471 ), #7124, .F. ) ;
#3653 = CARTESIAN_POINT ( 'NONE',  ( 0.5825492411399950665, 0.7955369477796485622, 0.7600000000000000089 ) ) ;
#3654 = DIRECTION ( 'NONE',  ( 3.491481338843133355E-15, -1.000000000000000000, 0.000000000000000000 ) ) ;
#3655 = FILL_AREA_STYLE_COLOUR ( '', #2256 ) ;
#3656 = CARTESIAN_POINT ( 'NONE',  ( 0.5428927104703610285, 0.6755505216507020627, 0.7600000000000000089 ) ) ;
#3657 = CARTESIAN_POINT ( 'NONE',  ( 0.6221615616305582463, 0.6812978449361064559, 0.7600000000000000089 ) ) ;
#3658 = B_SPLINE_SURFACE_WITH_KNOTS ( 'NONE', 3, 1, ( 
 ( #1622, #3720 ),
 ( #4498, #4017 ),
 ( #7597, #6035 ),
 ( #489, #3671 ) ),
 .UNSPECIFIED., .F., .F., .F.,
 ( 4, 4 ),
 ( 2, 2 ),
 ( 5.000000000000000000, 6.000000000000000000 ),
 ( 0.000000000000000000, 1.000000000000000000 ),
 .UNSPECIFIED. ) ;
#3659 = LINE ( 'NONE', #6910, #2614 ) ;
#3660 = ADVANCED_FACE ( 'NONE', ( #4905 ), #1167, .F. ) ;
#3661 = VECTOR ( 'NONE', #10221, 1000.000000000000000 ) ;
#3662 = PLANE ( 'NONE',  #8196 ) ;
#3663 = ORIENTED_EDGE ( 'NONE', *, *, #4613, .F. ) ;
#3664 = CARTESIAN_POINT ( 'NONE',  ( 0.5443737514706356029, 0.8129115481736538529, 0.7500000000000000000 ) ) ;
#3665 = ORIENTED_EDGE ( 'NONE', *, *, #3692, .F. ) ;
#3666 = ADVANCED_FACE ( 'NONE', ( #4288 ), #8231, .F. ) ;
#3667 = DIRECTION ( 'NONE',  ( 0.000000000000000000, -1.000000000000000000, 0.000000000000000000 ) ) ;
#3668 = AXIS2_PLACEMENT_3D ( 'NONE', #7010, #4644, #1581 ) ;
#3669 = EDGE_CURVE ( 'NONE', #3993, #7289, #1168, .T. ) ;
#3670 = ORIENTED_EDGE ( 'NONE', *, *, #4236, .T. ) ;
#3671 = CARTESIAN_POINT ( 'NONE',  ( 0.5707009131360528675, 0.6831988826384144398, 0.7500000000000000000 ) ) ;
#3672 =( GEOMETRIC_REPRESENTATION_CONTEXT ( 3 ) GLOBAL_UNCERTAINTY_ASSIGNED_CONTEXT ( ( #2395 ) ) GLOBAL_UNIT_ASSIGNED_CONTEXT ( ( #2666, #6640, #154 ) ) REPRESENTATION_CONTEXT ( 'NONE', 'WORKASPACE' ) );
#3673 = ORIENTED_EDGE ( 'NONE', *, *, #6799, .T. ) ;
#3674 = VERTEX_POINT ( 'NONE', #3406 ) ;
#3675 = B_SPLINE_CURVE_WITH_KNOTS ( 'NONE', 3,
 ( #6252, #651, #2322, #2219 ),
 .UNSPECIFIED., .F., .F.,
 ( 4, 4 ),
 ( 19.00000000000000000, 20.00000000000000000 ),
 .UNSPECIFIED. ) ;
#3676 =( LENGTH_UNIT ( ) NAMED_UNIT ( * ) SI_UNIT ( .MILLI., .METRE. ) );
#3677 = ORIENTED_EDGE ( 'NONE', *, *, #2788, .F. ) ;
#3678 = FACE_OUTER_BOUND ( 'NONE', #8946, .T. ) ;
#3679 = CARTESIAN_POINT ( 'NONE',  ( 0.8360283031183790570, 0.7021650494806563891, 0.7500000000000000000 ) ) ;
#3680 = CARTESIAN_POINT ( 'NONE',  ( 0.2068484866314539150, 0.6787360031312968944, 0.7600000000000000089 ) ) ;
#3681 = CARTESIAN_POINT ( 'NONE',  ( 0.6748158849613913324, 0.6488033632841337939, 0.7500000000000000000 ) ) ;
#3682 = CARTESIAN_POINT ( 'NONE',  ( 0.5000000000000034417, -1.000999999999998558, 0.1800000000000000211 ) ) ;
#3683 = UNCERTAINTY_MEASURE_WITH_UNIT (LENGTH_MEASURE( 1.000000000000000082E-05 ), #5828, 'distance_accuracy_value', 'NONE');
#3684 = PRESENTATION_LAYER_ASSIGNMENT (  '', '', ( #1184 ) ) ;
#3685 = ORIENTED_EDGE ( 'NONE', *, *, #1209, .F. ) ;
#3686 = LINE ( 'NONE', #2072, #7404 ) ;
#3687 = CARTESIAN_POINT ( 'NONE',  ( -1.299999999999997380, -0.7510000000000048859, 0.000000000000000000 ) ) ;
#3688 = VERTEX_POINT ( 'NONE', #1067 ) ;
#3689 = CARTESIAN_POINT ( 'NONE',  ( 0.08757163771990406076, 0.7002550248041142789, 0.7500000000000000000 ) ) ;
#3690 = CARTESIAN_POINT ( 'NONE',  ( 0.8767458780877206426, 0.6915546064918139946, 0.7500000000000000000 ) ) ;
#3691 = AXIS2_PLACEMENT_3D ( 'NONE', #2492, #7243, #147 ) ;
#3692 = EDGE_CURVE ( 'NONE', #344, #2588, #9075, .T. ) ;
#3693 = CARTESIAN_POINT ( 'NONE',  ( 0.5889155069332399073, 0.8095957847399702922, 0.7500000000000000000 ) ) ;
#3694 = CARTESIAN_POINT ( 'NONE',  ( 0.1121648053452185684, 0.8183022340968790775, 0.7600000000000000089 ) ) ;
#3695 = CARTESIAN_POINT ( 'NONE',  ( 0.8220799916069069235, 0.7953158968843083709, 0.7600000000000000089 ) ) ;
#3696 = LINE ( 'NONE', #7510, #8338 ) ;
#3697 = CARTESIAN_POINT ( 'NONE',  ( 0.7264312690829315411, 0.8703405708492010229, 0.7500000000000000000 ) ) ;
#3698 = ORIENTED_EDGE ( 'NONE', *, *, #4455, .F. ) ;
#3699 = ADVANCED_FACE ( 'NONE', ( #9050 ), #9679, .T. ) ;
#3700 = CARTESIAN_POINT ( 'NONE',  ( 0.5195718409848524288, 0.7346595311332124734, 0.7600000000000000089 ) ) ;
#3701 = FACE_OUTER_BOUND ( 'NONE', #692, .T. ) ;
#3702 = DIRECTION ( 'NONE',  ( -0.000000000000000000, -0.000000000000000000, -1.000000000000000000 ) ) ;
#3703 = DIRECTION ( 'NONE',  ( -0.000000000000000000, -0.000000000000000000, -1.000000000000000000 ) ) ;
#3704 = FACE_OUTER_BOUND ( 'NONE', #1145, .T. ) ;
#3705 = SURFACE_SIDE_STYLE ('',( #6121 ) ) ;
#3706 = DIRECTION ( 'NONE',  ( 0.000000000000000000, -1.000000000000000000, 0.000000000000000000 ) ) ;
#3707 = EDGE_CURVE ( 'NONE', #3349, #1769, #1797, .T. ) ;
#3708 = VERTEX_POINT ( 'NONE', #9290 ) ;
#3709 = LINE ( 'NONE', #5263, #4108 ) ;
#3710 = CARTESIAN_POINT ( 'NONE',  ( 0.5372117024535616459, 0.6615358948700397201, 0.7500000000000000000 ) ) ;
#3711 = VERTEX_POINT ( 'NONE', #10119 ) ;
#3712 = CARTESIAN_POINT ( 'NONE',  ( 0.5972933358761747247, 0.6961524651202503078, 0.7600000000000000089 ) ) ;
#3713 = ORIENTED_EDGE ( 'NONE', *, *, #7786, .F. ) ;
#3714 = CARTESIAN_POINT ( 'NONE',  ( 0.2068484866314540260, 0.6848842950380685801, 0.7500000000000000000 ) ) ;
#3715 = PRESENTATION_LAYER_ASSIGNMENT (  '', '', ( #4382 ) ) ;
#3716 = EDGE_CURVE ( 'NONE', #5117, #3913, #5443, .T. ) ;
#3717 = PLANE ( 'NONE',  #2249 ) ;
#3718 = VERTEX_POINT ( 'NONE', #7049 ) ;
#3719 = ORIENTED_EDGE ( 'NONE', *, *, #8624, .T. ) ;
#3720 = CARTESIAN_POINT ( 'NONE',  ( 0.5660588443285435867, 0.6705989815897152040, 0.7500000000000000000 ) ) ;
#3721 = EDGE_CURVE ( 'NONE', #7395, #9391, #6341, .T. ) ;
#3722 = FILL_AREA_STYLE_COLOUR ( '', #220 ) ;
#3723 = ORIENTED_EDGE ( 'NONE', *, *, #5730, .T. ) ;
#3724 = FACE_OUTER_BOUND ( 'NONE', #2186, .T. ) ;
#3725 = ORIENTED_EDGE ( 'NONE', *, *, #4119, .T. ) ;
#3726 = CARTESIAN_POINT ( 'NONE',  ( 0.05068188628163305953, 0.7568193150332921393, 0.7600000000000000089 ) ) ;
#3727 = DIRECTION ( 'NONE',  ( 1.000000000000000000, 3.491481338843133355E-15, -0.000000000000000000 ) ) ;
#3728 = VECTOR ( 'NONE', #6501, 1000.000000000000000 ) ;
#3729 = ADVANCED_FACE ( 'NONE', ( #3793 ), #6954, .F. ) ;
#3730 = CARTESIAN_POINT ( 'NONE',  ( 0.8009254208984136758, 0.8189683427131280169, 0.7600000000000000089 ) ) ;
#3731 = LINE ( 'NONE', #6096, #1874 ) ;
#3732 = DIRECTION ( 'NONE',  ( 0.000000000000000000, 0.000000000000000000, -1.000000000000000000 ) ) ;
#3733 = ORIENTED_EDGE ( 'NONE', *, *, #8351, .T. ) ;
#3734 = LINE ( 'NONE', #5737, #5264 ) ;
#3735 = AXIS2_PLACEMENT_3D ( 'NONE', #10132, #1568, #7001 ) ;
#3736 = ADVANCED_FACE ( 'NONE', ( #6991 ), #2287, .F. ) ;
#3737 = ORIENTED_EDGE ( 'NONE', *, *, #9356, .F. ) ;
#3738 = ORIENTED_EDGE ( 'NONE', *, *, #9943, .T. ) ;
#3739 = DIRECTION ( 'NONE',  ( -1.000000000000000000, -0.000000000000000000, -0.000000000000000000 ) ) ;
#3740 = CARTESIAN_POINT ( 'NONE',  ( 0.2904652471765117316, 0.6959511923247825305, 0.7600000000000000089 ) ) ;
#3741 = B_SPLINE_SURFACE_WITH_KNOTS ( 'NONE', 3, 1, ( 
 ( #6702, #476 ),
 ( #6652, #1890 ),
 ( #4383, #5917 ),
 ( #1985, #7520 ) ),
 .UNSPECIFIED., .F., .F., .F.,
 ( 4, 4 ),
 ( 2, 2 ),
 ( 7.000000000000000000, 8.000000000000000000 ),
 ( 0.000000000000000000, 1.000000000000000000 ),
 .UNSPECIFIED. ) ;
#3742 = PRESENTATION_STYLE_ASSIGNMENT (( #558 ) ) ;
#3743 = CARTESIAN_POINT ( 'NONE',  ( -0.5000000000000034417, 0.9999999999999986677, 0.000000000000000000 ) ) ;
#3744 = CARTESIAN_POINT ( 'NONE',  ( 0.1884036109120243718, 0.8681033657031786976, 0.7500000000000000000 ) ) ;
#3745 = FACE_OUTER_BOUND ( 'NONE', #6755, .T. ) ;
#3746 = AXIS2_PLACEMENT_3D ( 'NONE', #7931, #3318, #816 ) ;
#3747 = ORIENTED_EDGE ( 'NONE', *, *, #6876, .F. ) ;
#3748 = DIRECTION ( 'NONE',  ( -0.000000000000000000, -0.000000000000000000, -1.000000000000000000 ) ) ;
#3749 = EDGE_CURVE ( 'NONE', #7561, #803, #3058, .T. ) ;
#3750 = ORIENTED_EDGE ( 'NONE', *, *, #100, .T. ) ;
#3751 =( LENGTH_UNIT ( ) NAMED_UNIT ( * ) SI_UNIT ( .MILLI., .METRE. ) );
#3752 = VECTOR ( 'NONE', #2751, 1000.000000000000114 ) ;
#3753 = CARTESIAN_POINT ( 'NONE',  ( 0.1447507360313918801, 0.6541427885982323831, 0.7500000000000000000 ) ) ;
#3754 = PLANE ( 'NONE',  #6040 ) ;
#3755 = CARTESIAN_POINT ( 'NONE',  ( 0.8854994935527360500, 0.7446068214348522396, 0.7500000000000000000 ) ) ;
#3756 = CARTESIAN_POINT ( 'NONE',  ( 0.1500000000000035749, -0.9999999999999991118, 0.1800000000000000488 ) ) ;
#3757 = CARTESIAN_POINT ( 'NONE',  ( 0.5428927104703610285, 0.6789104952640417912, 0.7500000000000000000 ) ) ;
#3758 = LINE ( 'NONE', #3071, #4064 ) ;
#3759 = VERTEX_POINT ( 'NONE', #5341 ) ;
#3760 = DIRECTION ( 'NONE',  ( -0.3559357243643189728, 0.9345104387438630811, -0.000000000000000000 ) ) ;
#3761 = ORIENTED_EDGE ( 'NONE', *, *, #7684, .T. ) ;
#3762 = B_SPLINE_CURVE_WITH_KNOTS ( 'NONE', 3,
 ( #7945, #5588, #4044, #2542 ),
 .UNSPECIFIED., .F., .F.,
 ( 4, 4 ),
 ( 0.000000000000000000, 1.000000000000000000 ),
 .UNSPECIFIED. ) ;
#3763 = STYLED_ITEM ( 'NONE', ( #3519 ), #4343 ) ;
#3764 = ORIENTED_EDGE ( 'NONE', *, *, #2204, .T. ) ;
#3765 = LINE ( 'NONE', #4022, #5640 ) ;
#3766 = VERTEX_POINT ( 'NONE', #8525 ) ;
#3767 = CARTESIAN_POINT ( 'NONE',  ( 0.08757163771990406076, 0.7002550248041142789, 0.7600000000000000089 ) ) ;
#3768 = VECTOR ( 'NONE', #8070, 1000.000000000000000 ) ;
#3769 = ORIENTED_EDGE ( 'NONE', *, *, #3749, .T. ) ;
#3770 = ADVANCED_FACE ( 'NONE', ( #4724, #2229, #718 ), #10275, .T. ) ;
#3771 = DIRECTION ( 'NONE',  ( 1.128396311045734357E-14, -1.000000000000000000, -0.000000000000000000 ) ) ;
#3772 = ORIENTED_EDGE ( 'NONE', *, *, #2849, .T. ) ;
#3773 = VECTOR ( 'NONE', #1647, 1000.000000000000000 ) ;
#3774 = DIRECTION ( 'NONE',  ( -0.000000000000000000, 0.000000000000000000, -1.000000000000000000 ) ) ;
#3775 = DIRECTION ( 'NONE',  ( -0.000000000000000000, -0.000000000000000000, -1.000000000000000000 ) ) ;
#3776 = CARTESIAN_POINT ( 'NONE',  ( 0.5685346143593300594, 0.8731700223125384852, 0.7600000000000000089 ) ) ;
#3777 = DIRECTION ( 'NONE',  ( -0.000000000000000000, -0.000000000000000000, -1.000000000000000000 ) ) ;
#3778 = VERTEX_POINT ( 'NONE', #2331 ) ;
#3779 = ORIENTED_EDGE ( 'NONE', *, *, #916, .T. ) ;
#3780 = CARTESIAN_POINT ( 'NONE',  ( 0.8011464717943481695, 0.6581317110782219926, 0.7500000000000000000 ) ) ;
#3781 = EDGE_CURVE ( 'NONE', #5114, #9370, #5490, .T. ) ;
#3782 = DIRECTION ( 'NONE',  ( -1.000000000000000000, -0.000000000000000000, -0.000000000000000000 ) ) ;
#3783 = VERTEX_POINT ( 'NONE', #7103 ) ;
#3784 = ORIENTED_EDGE ( 'NONE', *, *, #1907, .T. ) ;
#3785 = LINE ( 'NONE', #5483, #6460 ) ;
#3786 = CARTESIAN_POINT ( 'NONE',  ( 0.2068484866314539150, 0.6787360031312968944, 0.7600000000000000089 ) ) ;
#3787 = ORIENTED_EDGE ( 'NONE', *, *, #10242, .T. ) ;
#3788 = SURFACE_STYLE_USAGE ( .BOTH. , #2127 ) ;
#3789 = FACE_OUTER_BOUND ( 'NONE', #2887, .T. ) ;
#3790 = CARTESIAN_POINT ( 'NONE',  ( 0.07834919986033543615, 0.8183022340968790775, 0.7500000000000000000 ) ) ;
#3791 = VECTOR ( 'NONE', #507, 1000.000000000000000 ) ;
#3792 = EDGE_CURVE ( 'NONE', #9391, #9327, #2775, .T. ) ;
#3793 = FACE_OUTER_BOUND ( 'NONE', #7772, .T. ) ;
#3794 = ORIENTED_EDGE ( 'NONE', *, *, #6234, .T. ) ;
#3795 = LINE ( 'NONE', #4782, #792 ) ;
#3796 = VERTEX_POINT ( 'NONE', #1608 ) ;
#3797 = ADVANCED_FACE ( 'NONE', ( #7952 ), #8773, .F. ) ;
#3798 = ORIENTED_EDGE ( 'NONE', *, *, #3313, .T. ) ;
#3799 = CARTESIAN_POINT ( 'NONE',  ( 0.6499476592070067005, 0.6383255508324964245, 0.7500000000000000000 ) ) ;
#3800 = CARTESIAN_POINT ( 'NONE',  ( 0.1183130737978216884, 0.6172530840677115105, 0.7500000000000000000 ) ) ;
#3801 = CARTESIAN_POINT ( 'NONE',  ( 0.1527435225458242118, 0.8810147781199886285, 0.7600000000000000089 ) ) ;
#3802 = EDGE_CURVE ( 'NONE', #102, #340, #9760, .T. ) ;
#3803 = CARTESIAN_POINT ( 'NONE',  ( 0.7590583812727024204, 0.7446068214348511294, 0.7500000000000000000 ) ) ;
#3804 = ORIENTED_EDGE ( 'NONE', *, *, #58, .T. ) ;
#3805 = CARTESIAN_POINT ( 'NONE',  ( 0.6107332303283555808, 0.7102113020799839527, 0.7600000000000000089 ) ) ;
#3806 = ORIENTED_EDGE ( 'NONE', *, *, #7325, .T. ) ;
#3807 = ORIENTED_EDGE ( 'NONE', *, *, #2801, .F. ) ;
#3808 = DIRECTION ( 'NONE',  ( 0.000000000000000000, 0.000000000000000000, 1.000000000000000000 ) ) ;
#3809 = ORIENTED_EDGE ( 'NONE', *, *, #9328, .F. ) ;
#3810 = ADVANCED_FACE ( 'NONE', ( #197 ), #5384, .F. ) ;
#3811 = CARTESIAN_POINT ( 'NONE',  ( 0.1499999999999964695, 1.001000000000000778, 0.1800000000000000211 ) ) ;
#3812 = DIRECTION ( 'NONE',  ( -0.000000000000000000, -0.000000000000000000, -1.000000000000000000 ) ) ;
#3813 = VECTOR ( 'NONE', #6522, 1000.000000000000000 ) ;
#3814 = CARTESIAN_POINT ( 'NONE',  ( 0.6203268391971467066, 0.6931461729400500982, 0.7600000000000000089 ) ) ;
#3815 = B_SPLINE_SURFACE_WITH_KNOTS ( 'NONE', 3, 1, ( 
 ( #9577, #2465 ),
 ( #5717, #4799 ),
 ( #965, #854 ),
 ( #5616, #4127 ) ),
 .UNSPECIFIED., .F., .F., .F.,
 ( 4, 4 ),
 ( 2, 2 ),
 ( 3.000000000000000000, 4.000000000000000000 ),
 ( 0.000000000000000000, 1.000000000000000000 ),
 .UNSPECIFIED. ) ;
#3816 = ORIENTED_EDGE ( 'NONE', *, *, #9271, .T. ) ;
#3817 = CARTESIAN_POINT ( 'NONE',  ( 0.2904652471765117316, 0.6959511923247825305, 0.7600000000000000089 ) ) ;
#3818 = VERTEX_POINT ( 'NONE', #250 ) ;
#3819 = CARTESIAN_POINT ( 'NONE',  ( 0.5514915903089311344, 0.6566727751671871394, 0.7600000000000000089 ) ) ;
#3820 = ORIENTED_EDGE ( 'NONE', *, *, #9445, .F. ) ;
#3821 = VECTOR ( 'NONE', #8025, 1000.000000000000000 ) ;
#3822 = DIRECTION ( 'NONE',  ( -0.000000000000000000, -0.000000000000000000, -1.000000000000000000 ) ) ;
#3823 = CARTESIAN_POINT ( 'NONE',  ( 0.5889155069332399073, 0.8680416415352748549, 0.7600000000000000089 ) ) ;
#3824 = LINE ( 'NONE', #3730, #1748 ) ;
#3825 = DIRECTION ( 'NONE',  ( -0.000000000000000000, -1.000000000000000000, -0.000000000000000000 ) ) ;
#3826 = FACE_OUTER_BOUND ( 'NONE', #9164, .T. ) ;
#3827 = EDGE_CURVE ( 'NONE', #3349, #7997, #5593, .T. ) ;
#3828 = VECTOR ( 'NONE', #4623, 1000.000000000000000 ) ;
#3829 = ORIENTED_EDGE ( 'NONE', *, *, #2849, .F. ) ;
#3830 = LINE ( 'NONE', #2121, #4606 ) ;
#3831 = FILL_AREA_STYLE_COLOUR ( '', #1219 ) ;
#3832 = EDGE_LOOP ( 'NONE', ( #3673, #6812, #6562, #2984 ) ) ;
#3833 = ORIENTED_EDGE ( 'NONE', *, *, #6438, .F. ) ;
#3834 = CARTESIAN_POINT ( 'NONE',  ( 0.3218215265175511375, 0.6953363725158325792, 0.7600000000000000089 ) ) ;
#3835 = CARTESIAN_POINT ( 'NONE',  ( 0.09617924404358400847, 0.7236185410845895616, 0.7500000000000000000 ) ) ;
#3836 = ORIENTED_EDGE ( 'NONE', *, *, #6784, .F. ) ;
#3837 = CARTESIAN_POINT ( 'NONE',  ( 0.1207723999419626909, 0.6781211364145958154, 0.7600000000000000089 ) ) ;
#3838 = SURFACE_STYLE_FILL_AREA ( #4573 ) ;
#3839 = LINE ( 'NONE', #7101, #10189 ) ;
#3840 = VECTOR ( 'NONE', #9000, 1000.000000000000000 ) ;
#3841 = DIRECTION ( 'NONE',  ( 0.3416038306902375865, -0.9398440417738229691, 0.000000000000000000 ) ) ;
#3842 =( NAMED_UNIT ( * ) SI_UNIT ( $, .STERADIAN. ) SOLID_ANGLE_UNIT ( ) );
#3843 = EDGE_CURVE ( 'NONE', #2694, #6099, #6584, .T. ) ;
#3844 = ORIENTED_EDGE ( 'NONE', *, *, #9005, .T. ) ;
#3845 = B_SPLINE_CURVE_WITH_KNOTS ( 'NONE', 3,
 ( #9629, #9677, #1795, #6244 ),
 .UNSPECIFIED., .F., .F.,
 ( 4, 4 ),
 ( 4.000000000000000000, 5.000000000000000000 ),
 .UNSPECIFIED. ) ;
#3846 = DIRECTION ( 'NONE',  ( -1.000000000000000000, -0.000000000000000000, -0.000000000000000000 ) ) ;
#3847 = EDGE_LOOP ( 'NONE', ( #2948, #224, #1882, #4638 ) ) ;
#3848 = CARTESIAN_POINT ( 'NONE',  ( 0.5592062665652461906, 0.7213080570391718904, 0.7600000000000000089 ) ) ;
#3849 = VECTOR ( 'NONE', #3006, 1000.000000000000000 ) ;
#3850 = EDGE_CURVE ( 'NONE', #5677, #5217, #4511, .T. ) ;
#3851 = CARTESIAN_POINT ( 'NONE',  ( -0.9999999999999965583, -1.000000000000003109, 0.7500000000000000000 ) ) ;
#3852 = LINE ( 'NONE', #4733, #7356 ) ;
#3853 = PLANE ( 'NONE',  #4496 ) ;
#3854 = EDGE_CURVE ( 'NONE', #6150, #1486, #2602, .T. ) ;
#3855 = VECTOR ( 'NONE', #7449, 1000.000000000000000 ) ;
#3856 = LINE ( 'NONE', #10243, #2445 ) ;
#3857 = ADVANCED_FACE ( 'NONE', ( #9555 ), #5795, .T. ) ;
#3858 = ORIENTED_EDGE ( 'NONE', *, *, #7732, .F. ) ;
#3859 =( NAMED_UNIT ( * ) SI_UNIT ( $, .STERADIAN. ) SOLID_ANGLE_UNIT ( ) );
#3860 = EDGE_LOOP ( 'NONE', ( #2486, #5365, #7050, #4691, #3036, #5077, #2109, #3733, #7301, #6566, #10202, #4155 ) ) ;
#3861 = FACE_OUTER_BOUND ( 'NONE', #7316, .T. ) ;
#3862 = B_SPLINE_CURVE_WITH_KNOTS ( 'NONE', 3,
 ( #5082, #352, #3433, #3481 ),
 .UNSPECIFIED., .F., .F.,
 ( 4, 4 ),
 ( 18.00000000000000000, 19.00000000000000000 ),
 .UNSPECIFIED. ) ;
#3863 = VERTEX_POINT ( 'NONE', #4000 ) ;
#3864 = FILL_AREA_STYLE ('',( #4646 ) ) ;
#3865 = LINE ( 'NONE', #1480, #4418 ) ;
#3866 = VECTOR ( 'NONE', #4097, 1000.000000000000000 ) ;
#3867 = LINE ( 'NONE', #5517, #2928 ) ;
#3868 = ORIENTED_EDGE ( 'NONE', *, *, #7856, .F. ) ;
#3869 = EDGE_CURVE ( 'NONE', #3593, #2560, #8930, .T. ) ;
#3870 = CARTESIAN_POINT ( 'NONE',  ( 0.2904652471765117316, 0.6959511923247825305, 0.7500000000000000000 ) ) ;
#3871 = ORIENTED_EDGE ( 'NONE', *, *, #6621, .T. ) ;
#3872 = DIRECTION ( 'NONE',  ( -0.000000000000000000, 0.000000000000000000, -1.000000000000000000 ) ) ;
#3873 = LINE ( 'NONE', #4654, #1081 ) ;
#3874 = VECTOR ( 'NONE', #3930, 1000.000000000000000 ) ;
#3875 = ADVANCED_FACE ( 'NONE', ( #887 ), #9946, .F. ) ;
#3876 = EDGE_LOOP ( 'NONE', ( #4354, #8600, #1588, #2420 ) ) ;
#3877 = DIRECTION ( 'NONE',  ( -0.5048830486499596981, 0.8631877589411948160, 0.000000000000000000 ) ) ;
#3878 = CARTESIAN_POINT ( 'NONE',  ( 0.7772066598009909066, 0.8817910072409395061, 0.7600000000000000089 ) ) ;
#3879 = FILL_AREA_STYLE ('',( #6926 ) ) ;
#3880 = DIRECTION ( 'NONE',  ( -1.000000000000000000, 0.000000000000000000, 0.000000000000000000 ) ) ;
#3881 = CARTESIAN_POINT ( 'NONE',  ( 0.8477661056752422430, 0.6890788364610238581, 0.7500000000000000000 ) ) ;
#3882 = CARTESIAN_POINT ( 'NONE',  ( -0.8000000000000034861, 1.000999999999997447, -0.02000000000000000042 ) ) ;
#3883 = B_SPLINE_CURVE_WITH_KNOTS ( 'NONE', 3,
 ( #2453, #5549, #10239, #4789 ),
 .UNSPECIFIED., .F., .F.,
 ( 4, 4 ),
 ( 5.000000000000000000, 6.000000000000000000 ),
 .UNSPECIFIED. ) ;
#3884 = ORIENTED_EDGE ( 'NONE', *, *, #5515, .T. ) ;
#3885 = DIRECTION ( 'NONE',  ( -0.000000000000000000, -0.000000000000000000, -1.000000000000000000 ) ) ;
#3886 = ORIENTED_EDGE ( 'NONE', *, *, #2343, .T. ) ;
#3887 = FILL_AREA_STYLE ('',( #3831 ) ) ;
#3888 = ORIENTED_EDGE ( 'NONE', *, *, #3616, .F. ) ;
#3889 = ORIENTED_EDGE ( 'NONE', *, *, #7674, .T. ) ;
#3890 = CARTESIAN_POINT ( 'NONE',  ( 0.6519371172671560855, 0.6383255508324964245, 0.7500000000000000000 ) ) ;
#3891 = MECHANICAL_DESIGN_GEOMETRIC_PRESENTATION_REPRESENTATION (  '', ( #2570 ), #1571 ) ;
#3892 = PLANE ( 'NONE',  #2470 ) ;
#3893 = EDGE_CURVE ( 'NONE', #3336, #10024, #780, .T. ) ;
#3894 = LINE ( 'NONE', #10018, #3592 ) ;
#3895 = CARTESIAN_POINT ( 'NONE',  ( 0.1256910405033054012, 0.8539622931460290056, 0.7600000000000000089 ) ) ;
#3896 = CARTESIAN_POINT ( 'NONE',  ( 0.5171181760438913200, 0.6970808788818697588, 0.7600000000000000089 ) ) ;
#3897 = CARTESIAN_POINT ( 'NONE',  ( 0.05068188628163305953, 0.7568193150332921393, 0.7500000000000000000 ) ) ;
#3898 = CARTESIAN_POINT ( 'NONE',  ( 0.06789708720176092227, 0.6639800931747926738, 0.7500000000000000000 ) ) ;
#3899 = ORIENTED_EDGE ( 'NONE', *, *, #9214, .T. ) ;
#3900 = VECTOR ( 'NONE', #8438, 1000.000000000000000 ) ;
#3901 =( GEOMETRIC_REPRESENTATION_CONTEXT ( 3 ) GLOBAL_UNCERTAINTY_ASSIGNED_CONTEXT ( ( #221 ) ) GLOBAL_UNIT_ASSIGNED_CONTEXT ( ( #1641, #2318, #513 ) ) REPRESENTATION_CONTEXT ( 'NONE', 'WORKASPACE' ) );
#3902 = FACE_OUTER_BOUND ( 'NONE', #7926, .T. ) ;
#3903 = CARTESIAN_POINT ( 'NONE',  ( 0.1453655792945113823, 0.7408337537313613996, 0.7500000000000000000 ) ) ;
#3904 = ORIENTED_EDGE ( 'NONE', *, *, #4677, .T. ) ;
#3905 = EDGE_CURVE ( 'NONE', #9797, #4824, #9658, .T. ) ;
#3906 = STYLED_ITEM ( 'NONE', ( #8927 ), #3024 ) ;
#3907 = CARTESIAN_POINT ( 'NONE',  ( -0.1500000000000026867, 0.7509999999999997788, -0.02000000000000000042 ) ) ;
#3908 = DIRECTION ( 'NONE',  ( 5.484558853623112879E-14, -1.000000000000000000, 0.000000000000000000 ) ) ;
#3909 = AXIS2_PLACEMENT_3D ( 'NONE', #6692, #5036, #2665 ) ;
#3910 = CARTESIAN_POINT ( 'NONE',  ( 0.01194762850846879318, 0.7555896285076423302, 0.7600000000000000089 ) ) ;
#3911 = CARTESIAN_POINT ( 'NONE',  ( 0.7566047163314419954, 0.7953158968843083709, 0.7500000000000000000 ) ) ;
#3912 = ORIENTED_EDGE ( 'NONE', *, *, #1821, .T. ) ;
#3913 = VERTEX_POINT ( 'NONE', #1712 ) ;
#3914 = DIRECTION ( 'NONE',  ( 0.3667976789509028168, 0.9303007377811920442, -0.000000000000000000 ) ) ;
#3915 = VECTOR ( 'NONE', #3635, 1000.000000000000000 ) ;
#3916 = CARTESIAN_POINT ( 'NONE',  ( 0.5000000000000000000, 1.745740669421566678E-15, 0.000000000000000000 ) ) ;
#3917 = EDGE_LOOP ( 'NONE', ( #5008, #7440, #4347, #5347 ) ) ;
#3919 = EDGE_CURVE ( 'NONE', #9672, #8353, #6368, .T. ) ;
#3918 = LINE ( 'NONE', #5715, #9524 ) ;
#3920 = ORIENTED_EDGE ( 'NONE', *, *, #8058, .F. ) ;
#3921 = DIRECTION ( 'NONE',  ( 0.000000000000000000, 1.000000000000000000, 0.000000000000000000 ) ) ;
#3922 = ORIENTED_EDGE ( 'NONE', *, *, #7019, .F. ) ;
#3923 = PRESENTATION_LAYER_ASSIGNMENT (  '', '', ( #2771 ) ) ;
#3924 = DIRECTION ( 'NONE',  ( -0.000000000000000000, 0.000000000000000000, -1.000000000000000000 ) ) ;
#3925 = CARTESIAN_POINT ( 'NONE',  ( 0.5707009131360528675, 0.6581317110782208823, 0.7600000000000000089 ) ) ;
#3926 = EDGE_CURVE ( 'NONE', #5176, #957, #1768, .T. ) ;
#3927 = CARTESIAN_POINT ( 'NONE',  ( 0.6062237920583464224, 0.8817910072409375077, 0.7600000000000000089 ) ) ;
#3928 = ORIENTED_EDGE ( 'NONE', *, *, #1508, .T. ) ;
#3929 = COLOUR_RGB ( '',0.6666666666666666297, 0.6666666666666666297, 0.6666666666666666297 ) ;
#3930 = DIRECTION ( 'NONE',  ( -0.000000000000000000, -0.000000000000000000, -1.000000000000000000 ) ) ;
#3931 = EDGE_CURVE ( 'NONE', #7558, #7479, #1969, .T. ) ;
#3932 = ORIENTED_EDGE ( 'NONE', *, *, #3156, .F. ) ;
#3933 = FILL_AREA_STYLE_COLOUR ( '', #1932 ) ;
#3934 = DIRECTION ( 'NONE',  ( -0.000000000000000000, -0.000000000000000000, -1.000000000000000000 ) ) ;
#3935 = DIRECTION ( 'NONE',  ( -0.000000000000000000, 0.000000000000000000, -1.000000000000000000 ) ) ;
#3936 = CARTESIAN_POINT ( 'NONE',  ( 0.7590583812727024204, 0.7346595311332154710, 0.7500000000000000000 ) ) ;
#3937 = VECTOR ( 'NONE', #5663, 1000.000000000000000 ) ;
#3938 = EDGE_CURVE ( 'NONE', #4253, #4280, #4364, .T. ) ;
#3939 = ADVANCED_FACE ( 'NONE', ( #3639 ), #7557, .F. ) ;
#3940 = FILL_AREA_STYLE ('',( #762 ) ) ;
#3941 = ORIENTED_EDGE ( 'NONE', *, *, #7132, .F. ) ;
#3942 = CARTESIAN_POINT ( 'NONE',  ( 0.2941542129388484694, 0.6953363725158325792, 0.7500000000000000000 ) ) ;
#3943 =( LENGTH_UNIT ( ) NAMED_UNIT ( * ) SI_UNIT ( .MILLI., .METRE. ) );
#3944 = PRESENTATION_LAYER_ASSIGNMENT (  '', '', ( #8594 ) ) ;
#3945 = VERTEX_POINT ( 'NONE', #8204 ) ;
#3946 = DIRECTION ( 'NONE',  ( -0.000000000000000000, -0.000000000000000000, -1.000000000000000000 ) ) ;
#3947 = CARTESIAN_POINT ( 'NONE',  ( 0.5319064809591412812, 0.6746663180687393346, 0.7600000000000000089 ) ) ;
#3948 = CARTESIAN_POINT ( 'NONE',  ( 0.7999999999999973799, 0.7510000000000032205, 0.1800000000000000211 ) ) ;
#3949 = CARTESIAN_POINT ( 'NONE',  ( 0.5460316331877688167, 0.6683442624542664801, 0.7600000000000000089 ) ) ;
#3950 = LINE ( 'NONE', #146, #9038 ) ;
#3951 = CARTESIAN_POINT ( 'NONE',  ( 0.02239972504235621803, 0.8072352781754773554, 0.7600000000000000089 ) ) ;
#3952 = EDGE_CURVE ( 'NONE', #4501, #8606, #9590, .T. ) ;
#3953 = DIRECTION ( 'NONE',  ( 0.000000000000000000, -0.000000000000000000, -1.000000000000000000 ) ) ;
#3954 = ORIENTED_EDGE ( 'NONE', *, *, #9669, .F. ) ;
#3955 = DIRECTION ( 'NONE',  ( -0.000000000000000000, -0.000000000000000000, -1.000000000000000000 ) ) ;
#3956 = DIRECTION ( 'NONE',  ( 1.000000000000000000, 3.491481338843133355E-15, -0.000000000000000000 ) ) ;
#3957 = ORIENTED_EDGE ( 'NONE', *, *, #7052, .T. ) ;
#3958 = LINE ( 'NONE', #8779, #2131 ) ;
#3959 = VECTOR ( 'NONE', #465, 1000.000000000000000 ) ;
#3960 = FILL_AREA_STYLE ('',( #7203 ) ) ;
#3961 = CARTESIAN_POINT ( 'NONE',  ( 0.6192657948983233407, 0.7125102313944980947, 0.7500000000000000000 ) ) ;
#3962 = CARTESIAN_POINT ( 'NONE',  ( 0.5825934513190621500, 0.8057494991562864639, 0.7600000000000000089 ) ) ;
#3963 = CARTESIAN_POINT ( 'NONE',  ( 0.6203268391971467066, 0.6931461729400500982, 0.7500000000000000000 ) ) ;
#3964 = ORIENTED_EDGE ( 'NONE', *, *, #6656, .F. ) ;
#3965 = UNCERTAINTY_MEASURE_WITH_UNIT (LENGTH_MEASURE( 1.000000000000000082E-05 ), #7225, 'distance_accuracy_value', 'NONE');
#3966 = EDGE_CURVE ( 'NONE', #8260, #8837, #5842, .T. ) ;
#3967 = CARTESIAN_POINT ( 'NONE',  ( 0.5366590752143179932, 0.8705174115654762401, 0.7600000000000000089 ) ) ;
#3968 = DIRECTION ( 'NONE',  ( -1.000000000000000000, 0.000000000000000000, -0.000000000000000000 ) ) ;
#3969 = VERTEX_POINT ( 'NONE', #9855 ) ;
#3970 = CARTESIAN_POINT ( 'NONE',  ( 0.2929245733206523039, 0.7303816527997251118, 0.7600000000000000089 ) ) ;
#3971 = ORIENTED_EDGE ( 'NONE', *, *, #4874, .T. ) ;
#3972 = CARTESIAN_POINT ( 'NONE',  ( 0.8732090637575159464, 0.6817841569064504448, 0.7600000000000000089 ) ) ;
#3973 = EDGE_LOOP ( 'NONE', ( #4358, #6390, #3427, #6549 ) ) ;
#3974 = FACE_OUTER_BOUND ( 'NONE', #4595, .T. ) ;
#3975 = CARTESIAN_POINT ( 'NONE',  ( 0.08511231743923075577, 0.8551919503543360390, 0.7500000000000000000 ) ) ;
#3976 = EDGE_CURVE ( 'NONE', #139, #8684, #9081, .T. ) ;
#3977 = UNCERTAINTY_MEASURE_WITH_UNIT (LENGTH_MEASURE( 1.000000000000000082E-05 ), #7297, 'distance_accuracy_value', 'NONE');
#3978 = LINE ( 'NONE', #2259, #950 ) ;
#3979 = ORIENTED_EDGE ( 'NONE', *, *, #6644, .F. ) ;
#3980 = PLANE ( 'NONE',  #2217 ) ;
#3981 = EDGE_CURVE ( 'NONE', #6958, #4145, #2754, .T. ) ;
#3982 = ORIENTED_EDGE ( 'NONE', *, *, #9522, .T. ) ;
#3983 = PLANE ( 'NONE',  #1996 ) ;
#3984 = CARTESIAN_POINT ( 'NONE',  ( 0.6173868622858336153, 0.8051747668278049774, 0.7600000000000000089 ) ) ;
#3985 = CARTESIAN_POINT ( 'NONE',  ( 0.3132139319208068207, 0.7912497168735491693, 0.7500000000000000000 ) ) ;
#3986 = CARTESIAN_POINT ( 'NONE',  ( 0.5562441845641136196, 0.6871777987593001846, 0.7600000000000000089 ) ) ;
#3987 = CARTESIAN_POINT ( 'NONE',  ( 0.4035938276351668241, 0.7807976159419112161, 0.7500000000000000000 ) ) ;
#3988 = CARTESIAN_POINT ( 'NONE',  ( 0.6304509702153541228, 0.7204238534566191898, 0.7600000000000000089 ) ) ;
#3989 = EDGE_CURVE ( 'NONE', #8094, #3969, #2019, .T. ) ;
#3990 = EDGE_LOOP ( 'NONE', ( #8911, #3, #347, #7441 ) ) ;
#3991 = LINE ( 'NONE', #2429, #3210 ) ;
#3992 = ORIENTED_EDGE ( 'NONE', *, *, #5361, .T. ) ;
#3993 = VERTEX_POINT ( 'NONE', #5139 ) ;
#3994 = ORIENTED_EDGE ( 'NONE', *, *, #1493, .T. ) ;
#3995 = CARTESIAN_POINT ( 'NONE',  ( 0.2271378452316094032, 0.8681033657031786976, 0.7500000000000000000 ) ) ;
#3996 = DIRECTION ( 'NONE',  ( -1.000000000000000000, -0.000000000000000000, -0.000000000000000000 ) ) ;
#3997 = PLANE ( 'NONE',  #9806 ) ;
#3998 = CARTESIAN_POINT ( 'NONE',  ( 0.6098048165667382392, 0.6984513944347666703, 0.7600000000000000089 ) ) ;
#3999 = LINE ( 'NONE', #7144, #5985 ) ;
#4000 = CARTESIAN_POINT ( 'NONE',  ( 0.4861931557500361323, 0.7346595311332124734, 0.7600000000000000089 ) ) ;
#4001 = VERTEX_POINT ( 'NONE', #6782 ) ;
#4002 = CIRCLE ( 'NONE', #10122, 0.1000000000000001582 ) ;
#4003 = FACE_OUTER_BOUND ( 'NONE', #7004, .T. ) ;
#4004 = PLANE ( 'NONE',  #1623 ) ;
#4005 = ORIENTED_EDGE ( 'NONE', *, *, #5300, .F. ) ;
#4006 = CARTESIAN_POINT ( 'NONE',  ( 0.6690685616759873833, 0.7953158968843083709, 0.7500000000000000000 ) ) ;
#4007 = FACE_OUTER_BOUND ( 'NONE', #3596, .T. ) ;
#4008 = DIRECTION ( 'NONE',  ( -0.000000000000000000, -0.000000000000000000, -1.000000000000000000 ) ) ;
#4009 = ADVANCED_FACE ( 'NONE', ( #9025 ), #8393, .F. ) ;
#4010 = CARTESIAN_POINT ( 'NONE',  ( 0.3660892329340721951, 0.7432930446946898195, 0.7600000000000000089 ) ) ;
#4011 = CARTESIAN_POINT ( 'NONE',  ( 0.6009848858325316234, 0.6579106601822904965, 0.7600000000000000089 ) ) ;
#4012 = PRESENTATION_STYLE_ASSIGNMENT (( #843 ) ) ;
#4013 = ORIENTED_EDGE ( 'NONE', *, *, #10092, .F. ) ;
#4014 = EDGE_LOOP ( 'NONE', ( #7344, #4095, #2011, #1083 ) ) ;
#4015 = STYLED_ITEM ( 'NONE', ( #9565 ), #9526 ) ;
#4016 = DIRECTION ( 'NONE',  ( -1.000000000000000000, 0.000000000000000000, -0.000000000000000000 ) ) ;
#4017 = CARTESIAN_POINT ( 'NONE',  ( 0.5691535568668817380, 0.6739147450233931025, 0.7500000000000000000 ) ) ;
#4018 = ORIENTED_EDGE ( 'NONE', *, *, #1176, .F. ) ;
#4019 = CARTESIAN_POINT ( 'NONE',  ( 0.05990432414119993554, 0.8447398552867569910, 0.7600000000000000089 ) ) ;
#4020 = VERTEX_POINT ( 'NONE', #9958 ) ;
#4021 = LINE ( 'NONE', #9676, #10224 ) ;
#4022 = CARTESIAN_POINT ( 'NONE',  ( 0.3433405716436495614, 0.8244504908228398321, 0.7600000000000000089 ) ) ;
#4023 = EDGE_CURVE ( 'NONE', #3192, #6453, #6742, .T. ) ;
#4024 = VECTOR ( 'NONE', #196, 1000.000000000000000 ) ;
#4025 = CARTESIAN_POINT ( 'NONE',  ( 0.6251236436316913725, 0.7125102313944980947, 0.7500000000000000000 ) ) ;
#4026 = CARTESIAN_POINT ( 'NONE',  ( 0.05990432414119993554, 0.8447398552867569910, 0.7500000000000000000 ) ) ;
#4027 = AXIS2_PLACEMENT_3D ( 'NONE', #9225, #7657, #547 ) ;
#4028 = ORIENTED_EDGE ( 'NONE', *, *, #1865, .F. ) ;
#4029 = DIRECTION ( 'NONE',  ( 1.000000000000000000, 3.491481338843133355E-15, 0.000000000000000000 ) ) ;
#4030 = ORIENTED_EDGE ( 'NONE', *, *, #10135, .T. ) ;
#4031 = CARTESIAN_POINT ( 'NONE',  ( 0.6303404447676793643, 0.7110070853043972683, 0.7500000000000000000 ) ) ;
#4032 = EDGE_CURVE ( 'NONE', #2635, #5990, #404, .T. ) ;
#4033 = VERTEX_POINT ( 'NONE', #5187 ) ;
#4034 = LINE ( 'NONE', #7425, #21 ) ;
#4035 = CARTESIAN_POINT ( 'NONE',  ( 0.5660588443285435867, 0.6705989815897152040, 0.7500000000000000000 ) ) ;
#4036 = CARTESIAN_POINT ( 'NONE',  ( 0.2714055516484271124, 0.6768914967966971341, 0.7600000000000000089 ) ) ;
#4037 =( NAMED_UNIT ( * ) PLANE_ANGLE_UNIT ( ) SI_UNIT ( $, .RADIAN. ) );
#4038 = CARTESIAN_POINT ( 'NONE',  ( 0.6483118825793947604, 0.8342650646879571363, 0.7600000000000000089 ) ) ;
#4039 = EDGE_CURVE ( 'NONE', #10195, #4561, #6683, .T. ) ;
#4040 = ORIENTED_EDGE ( 'NONE', *, *, #10153, .F. ) ;
#4041 = CARTESIAN_POINT ( 'NONE',  ( 0.5366590752143179932, 0.8705174115654762401, 0.7500000000000000000 ) ) ;
#4042 = LINE ( 'NONE', #6572, #4699 ) ;
#4043 = ORIENTED_EDGE ( 'NONE', *, *, #9615, .F. ) ;
#4044 = CARTESIAN_POINT ( 'NONE',  ( 0.5440642802168587089, 0.7194070193368612420, 0.7500000000000000000 ) ) ;
#4045 = EDGE_CURVE ( 'NONE', #5716, #5503, #9911, .T. ) ;
#4046 = VERTEX_POINT ( 'NONE', #5234 ) ;
#4047 = DIRECTION ( 'NONE',  ( 1.000000000000000000, -0.000000000000000000, -0.000000000000000000 ) ) ;
#4048 = DIRECTION ( 'NONE',  ( 1.000000000000000000, -0.000000000000000000, -0.000000000000000000 ) ) ;
#4049 =( LENGTH_UNIT ( ) NAMED_UNIT ( * ) SI_UNIT ( .MILLI., .METRE. ) );
#4050 = B_SPLINE_SURFACE_WITH_KNOTS ( 'NONE', 3, 1, ( 
 ( #7298, #895 ),
 ( #205, #9770 ),
 ( #9665, #9718 ),
 ( #8987, #2610 ) ),
 .UNSPECIFIED., .F., .F., .F.,
 ( 4, 4 ),
 ( 2, 2 ),
 ( 3.000000000000000000, 4.000000000000000000 ),
 ( 0.000000000000000000, 1.000000000000000000 ),
 .UNSPECIFIED. ) ;
#4051 = CARTESIAN_POINT ( 'NONE',  ( 0.6098048165667382392, 0.6984513944347666703, 0.7600000000000000089 ) ) ;
#4052 = EDGE_LOOP ( 'NONE', ( #7928, #6826, #7332, #3362 ) ) ;
#4053 = ADVANCED_FACE ( 'NONE', ( #5998 ), #9181, .F. ) ;
#4054 = DIRECTION ( 'NONE',  ( 0.000000000000000000, 0.000000000000000000, 1.000000000000000000 ) ) ;
#4055 = FACE_BOUND ( 'NONE', #4969, .T. ) ;
#4056 = ORIENTED_EDGE ( 'NONE', *, *, #5859, .F. ) ;
#4057 = DIRECTION ( 'NONE',  ( -0.000000000000000000, 0.000000000000000000, -1.000000000000000000 ) ) ;
#4058 = B_SPLINE_SURFACE_WITH_KNOTS ( 'NONE', 3, 1, ( 
 ( #8572, #9283 ),
 ( #9189, #9236 ),
 ( #6153, #2283 ),
 ( #3740, #9335 ) ),
 .UNSPECIFIED., .F., .F., .F.,
 ( 4, 4 ),
 ( 2, 2 ),
 ( 26.00000000000000000, 27.00000000000000000 ),
 ( 0.000000000000000000, 1.000000000000000000 ),
 .UNSPECIFIED. ) ;
#4059 = FACE_OUTER_BOUND ( 'NONE', #4406, .T. ) ;
#4060 = CARTESIAN_POINT ( 'NONE',  ( 0.02117006636774033945, 0.7070181130653697688, 0.7500000000000000000 ) ) ;
#4061 = CARTESIAN_POINT ( 'NONE',  ( 0.8525629101089017281, 0.6581317110782219926, 0.7600000000000000089 ) ) ;
#4062 = VECTOR ( 'NONE', #8322, 1000.000000000000000 ) ;
#4063 = DIRECTION ( 'NONE',  ( -0.8863488427958606808, -0.4630180653866959872, 0.000000000000000000 ) ) ;
#4064 = VECTOR ( 'NONE', #5261, 1000.000000000000000 ) ;
#4065 = ORIENTED_EDGE ( 'NONE', *, *, #5914, .F. ) ;
#4066 = EDGE_CURVE ( 'NONE', #1769, #338, #500, .T. ) ;
#4067 = DIRECTION ( 'NONE',  ( -3.491481338843133355E-15, 1.000000000000000000, 0.000000000000000000 ) ) ;
#4068 = CARTESIAN_POINT ( 'NONE',  ( 0.5366590752143179932, 0.8705174115654762401, 0.7600000000000000089 ) ) ;
#4069 = VECTOR ( 'NONE', #4915, 1000.000000000000000 ) ;
#4070 = VECTOR ( 'NONE', #81, 1000.000000000000000 ) ;
#4071 = ORIENTED_EDGE ( 'NONE', *, *, #3781, .F. ) ;
#4072 = CARTESIAN_POINT ( 'NONE',  ( 0.1499999999999964695, 1.000000000000000888, 0.000000000000000000 ) ) ;
#4073 = ORIENTED_EDGE ( 'NONE', *, *, #5681, .T. ) ;
#4074 = CARTESIAN_POINT ( 'NONE',  ( 0.8329556956701639203, 0.6829778317430701406, 0.7500000000000000000 ) ) ;
#4075 = DIRECTION ( 'NONE',  ( -0.000000000000000000, -0.000000000000000000, -1.000000000000000000 ) ) ;
#4076 = CARTESIAN_POINT ( 'NONE',  ( 0.6802316319037785552, 0.8051747668278049774, 0.7600000000000000089 ) ) ;
#4077 = DIRECTION ( 'NONE',  ( -0.000000000000000000, -1.000000000000000000, -0.000000000000000000 ) ) ;
#4078 = VECTOR ( 'NONE', #6030, 1000.000000000000000 ) ;
#4079 = VECTOR ( 'NONE', #4324, 1000.000000000000000 ) ;
#4080 = UNCERTAINTY_MEASURE_WITH_UNIT (LENGTH_MEASURE( 1.000000000000000082E-05 ), #8391, 'distance_accuracy_value', 'NONE');
#4081 = CARTESIAN_POINT ( 'NONE',  ( 0.5319064809591412812, 0.6862051748186153155, 0.7600000000000000089 ) ) ;
#4082 = ORIENTED_EDGE ( 'NONE', *, *, #4045, .F. ) ;
#4083 = SURFACE_STYLE_USAGE ( .BOTH. , #917 ) ;
#4084 = MECHANICAL_DESIGN_GEOMETRIC_PRESENTATION_REPRESENTATION (  '', ( #2771 ), #7544 ) ;
#4085 = ORIENTED_EDGE ( 'NONE', *, *, #57, .T. ) ;
#4086 = CARTESIAN_POINT ( 'NONE',  ( 0.6690685616759852739, 0.8817910072409375077, 0.7600000000000000089 ) ) ;
#4087 = AXIS2_PLACEMENT_3D ( 'NONE', #7875, #8227, #2625 ) ;
#4088 = B_SPLINE_CURVE_WITH_KNOTS ( 'NONE', 3,
 ( #8876, #3278, #989, #1043 ),
 .UNSPECIFIED., .F., .F.,
 ( 4, 4 ),
 ( 11.00000000000000000, 12.00000000000000000 ),
 .UNSPECIFIED. ) ;
#4089 = ORIENTED_EDGE ( 'NONE', *, *, #4537, .F. ) ;
#4090 = LINE ( 'NONE', #5053, #5654 ) ;
#4091 = LINE ( 'NONE', #7986, #4405 ) ;
#4092 = SURFACE_STYLE_FILL_AREA ( #7324 ) ;
#4093 = CARTESIAN_POINT ( 'NONE',  ( 0.5438653344107565735, 0.6815188958320389512, 0.7500000000000000000 ) ) ;
#4094 = EDGE_CURVE ( 'NONE', #7937, #4806, #2896, .T. ) ;
#4095 = ORIENTED_EDGE ( 'NONE', *, *, #7608, .F. ) ;
#4096 = LINE ( 'NONE', #9647, #127 ) ;
#4097 = DIRECTION ( 'NONE',  ( -0.000000000000000000, -0.000000000000000000, -1.000000000000000000 ) ) ;
#4098 = VERTEX_POINT ( 'NONE', #2946 ) ;
#4099 = FACE_OUTER_BOUND ( 'NONE', #9486, .T. ) ;
#4100 = CARTESIAN_POINT ( 'NONE',  ( 0.6928536380420127205, 0.7953158968843083709, 0.7500000000000000000 ) ) ;
#4101 = VECTOR ( 'NONE', #8081, 1000.000000000000000 ) ;
#4102 = SURFACE_SIDE_STYLE ('',( #3217 ) ) ;
#4103 = CARTESIAN_POINT ( 'NONE',  ( 0.5707009131360528675, 0.6973903501359421941, 0.7500000000000000000 ) ) ;
#4104 = CARTESIAN_POINT ( 'NONE',  ( 0.5660588443285435867, 0.6705989815897152040, 0.7500000000000000000 ) ) ;
#4105 = ORIENTED_EDGE ( 'NONE', *, *, #8415, .T. ) ;
#4106 = EDGE_CURVE ( 'NONE', #6399, #8992, #599, .T. ) ;
#4107 = DIRECTION ( 'NONE',  ( 0.000000000000000000, 0.000000000000000000, 1.000000000000000000 ) ) ;
#4108 = VECTOR ( 'NONE', #6766, 1000.000000000000000 ) ;
#4109 = PRESENTATION_STYLE_ASSIGNMENT (( #1662 ) ) ;
#4110 = ORIENTED_EDGE ( 'NONE', *, *, #8166, .T. ) ;
#4111 = CARTESIAN_POINT ( 'NONE',  ( 0.8267883756830199937, 0.6770094575617373600, 0.7600000000000000089 ) ) ;
#4112 = EDGE_CURVE ( 'NONE', #6943, #2662, #6882, .T. ) ;
#4113 = FACE_OUTER_BOUND ( 'NONE', #9940, .T. ) ;
#4114 = CYLINDRICAL_SURFACE ( 'NONE', #9472, 0.1000000000000001582 ) ;
#4115 = LINE ( 'NONE', #7413, #2525 ) ;
#4116 = VECTOR ( 'NONE', #3283, 1000.000000000000000 ) ;
#4117 = CARTESIAN_POINT ( 'NONE',  ( 0.6457919023698426297, 0.6395634358481884219, 0.7600000000000000089 ) ) ;
#4118 = ORIENTED_EDGE ( 'NONE', *, *, #5931, .T. ) ;
#4119 = EDGE_CURVE ( 'NONE', #6646, #3718, #704, .T. ) ;
#4120 = DIRECTION ( 'NONE',  ( -0.000000000000000000, -0.000000000000000000, -1.000000000000000000 ) ) ;
#4121 = CARTESIAN_POINT ( 'NONE',  ( 0.8922857560480198513, 0.7286911569518822462, 0.7600000000000000089 ) ) ;
#4122 = COLOUR_RGB ( '',0.2980392156862745057, 0.2980392156862745057, 0.2980392156862745057 ) ;
#4123 = ORIENTED_EDGE ( 'NONE', *, *, #9716, .F. ) ;
#4124 = DIRECTION ( 'NONE',  ( -0.000000000000000000, -0.000000000000000000, -1.000000000000000000 ) ) ;
#4125 = EDGE_CURVE ( 'NONE', #8353, #1747, #7822, .T. ) ;
#4126 = ORIENTED_EDGE ( 'NONE', *, *, #6610, .F. ) ;
#4127 = CARTESIAN_POINT ( 'NONE',  ( 0.7813845217276892408, 0.8646816679219360147, 0.7500000000000000000 ) ) ;
#4128 = CARTESIAN_POINT ( 'NONE',  ( -0.7081802701769344122, -0.7148992480723534992, 0.7299999999999999822 ) ) ;
#4129 = CARTESIAN_POINT ( 'NONE',  ( 0.6379224904864937429, 0.6749315791431509393, 0.7500000000000000000 ) ) ;
#4130 = PLANE ( 'NONE',  #2392 ) ;
#4131 = B_SPLINE_CURVE_WITH_KNOTS ( 'NONE', 3,
 ( #5745, #1966, #8151, #4309 ),
 .UNSPECIFIED., .F., .F.,
 ( 4, 4 ),
 ( 4.000000000000000000, 5.000000000000000000 ),
 .UNSPECIFIED. ) ;
#4132 = FILL_AREA_STYLE_COLOUR ( '', #426 ) ;
#4133 = ORIENTED_EDGE ( 'NONE', *, *, #9356, .T. ) ;
#4134 = B_SPLINE_CURVE_WITH_KNOTS ( 'NONE', 3,
 ( #5216, #7589, #9991, #2147 ),
 .UNSPECIFIED., .F., .F.,
 ( 4, 4 ),
 ( 12.00000000000000000, 13.00000000000000000 ),
 .UNSPECIFIED. ) ;
#4135 = CARTESIAN_POINT ( 'NONE',  ( -0.1500000000000035749, 1.000999999999999890, 0.1800000000000000211 ) ) ;
#4136 = ORIENTED_EDGE ( 'NONE', *, *, #9121, .T. ) ;
#4137 = ORIENTED_EDGE ( 'NONE', *, *, #1809, .T. ) ;
#4138 = CARTESIAN_POINT ( 'NONE',  ( 0.7394732719229082374, 0.8262630222676983216, 0.7500000000000000000 ) ) ;
#4139 = VERTEX_POINT ( 'NONE', #9227 ) ;
#4140 = CARTESIAN_POINT ( 'NONE',  ( -0.5000000000000034417, 0.9999999999999986677, 0.7500000000000000000 ) ) ;
#4141 = CARTESIAN_POINT ( 'NONE',  ( 0.6349604084856546038, 0.7185670259333802878, 0.7600000000000000089 ) ) ;
#4142 = VERTEX_POINT ( 'NONE', #7769 ) ;
#4143 = PRESENTATION_STYLE_ASSIGNMENT (( #4867 ) ) ;
#4144 = CARTESIAN_POINT ( 'NONE',  ( 0.5962101864878148749, 0.6602980098549425803, 0.7600000000000000089 ) ) ;
#4145 = VERTEX_POINT ( 'NONE', #3882 ) ;
#4146 = CARTESIAN_POINT ( 'NONE',  ( 0.6013827774447363383, 0.6907588232679849893, 0.7600000000000000089 ) ) ;
#4147 = DIRECTION ( 'NONE',  ( 0.3493954794972937150, -0.9369753459439881249, -0.000000000000000000 ) ) ;
#4148 = ORIENTED_EDGE ( 'NONE', *, *, #118, .F. ) ;
#4149 =( NAMED_UNIT ( * ) SI_UNIT ( $, .STERADIAN. ) SOLID_ANGLE_UNIT ( ) );
#4150 = CARTESIAN_POINT ( 'NONE',  ( 0.8120663860360796127, 0.6679905810217222628, 0.7600000000000000089 ) ) ;
#4151 = EDGE_CURVE ( 'NONE', #6276, #7859, #2117, .T. ) ;
#4152 = CARTESIAN_POINT ( 'NONE',  ( 0.5707009131360528675, 0.7074702709747802132, 0.7500000000000000000 ) ) ;
#4153 = LINE ( 'NONE', #3279, #7646 ) ;
#4154 = CARTESIAN_POINT ( 'NONE',  ( 0.5707009131360528675, 0.6781147120396300298, 0.7500000000000000000 ) ) ;
#4155 = ORIENTED_EDGE ( 'NONE', *, *, #10284, .T. ) ;
#4156 = LINE ( 'NONE', #5697, #4116 ) ;
#4157 = FILL_AREA_STYLE ('',( #8110 ) ) ;
#4158 = VERTEX_POINT ( 'NONE', #1388 ) ;
#4159 = LINE ( 'NONE', #7153, #5600 ) ;
#4160 = CARTESIAN_POINT ( 'NONE',  ( 0.5352664545721839140, 0.8056610787981490773, 0.7500000000000000000 ) ) ;
#4161 = ADVANCED_FACE ( 'NONE', ( #6928, #5283 ), #4710, .F. ) ;
#4162 = FILL_AREA_STYLE ('',( #4840 ) ) ;
#4163 = VECTOR ( 'NONE', #8127, 1000.000000000000000 ) ;
#4164 = CARTESIAN_POINT ( 'NONE',  ( 0.5704135469718113471, 0.6676811097676482731, 0.7500000000000000000 ) ) ;
#4165 = CARTESIAN_POINT ( 'NONE',  ( 0.6519371172671560855, 0.6383255508324964245, 0.7600000000000000089 ) ) ;
#4166 = ORIENTED_EDGE ( 'NONE', *, *, #2017, .T. ) ;
#4167 = LINE ( 'NONE', #5044, #3937 ) ;
#4168 = EDGE_CURVE ( 'NONE', #7829, #3072, #8463, .T. ) ;
#4169 = CARTESIAN_POINT ( 'NONE',  ( 0.5372117024535616459, 0.6615358948700397201, 0.7600000000000000089 ) ) ;
#4170 = STYLED_ITEM ( 'NONE', ( #2177 ), #8919 ) ;
#4171 = ORIENTED_EDGE ( 'NONE', *, *, #4662, .T. ) ;
#4172 = ORIENTED_EDGE ( 'NONE', *, *, #6841, .F. ) ;
#4173 = CARTESIAN_POINT ( 'NONE',  ( 0.4750300855225395580, 0.7953158968843062615, 0.7600000000000000089 ) ) ;
#4174 = ORIENTED_EDGE ( 'NONE', *, *, #8788, .T. ) ;
#4175 = CARTESIAN_POINT ( 'NONE',  ( 0.8347241028346763514, 0.6702453001565782387, 0.7600000000000000089 ) ) ;
#4176 = CARTESIAN_POINT ( 'NONE',  ( 0.5171181760438913200, 0.6970808788818697588, 0.7500000000000000000 ) ) ;
#4177 = ADVANCED_FACE ( 'NONE', ( #3826, #2166 ), #10104, .T. ) ;
#4178 = SURFACE_STYLE_FILL_AREA ( #169 ) ;
#4179 = LINE ( 'NONE', #7268, #7020 ) ;
#4180 = FILL_AREA_STYLE ('',( #8183 ) ) ;
#4181 = UNCERTAINTY_MEASURE_WITH_UNIT (LENGTH_MEASURE( 1.000000000000000082E-05 ), #3676, 'distance_accuracy_value', 'NONE');
#4182 = CARTESIAN_POINT ( 'NONE',  ( 0.6032174998781467679, 0.7164007271566605883, 0.7600000000000000089 ) ) ;
#4183 = VERTEX_POINT ( 'NONE', #7658 ) ;
#4184 = DIRECTION ( 'NONE',  ( -0.000000000000000000, 0.000000000000000000, -1.000000000000000000 ) ) ;
#4185 = B_SPLINE_CURVE_WITH_KNOTS ( 'NONE', 3,
 ( #4368, #2075, #9186, #4469 ),
 .UNSPECIFIED., .F., .F.,
 ( 4, 4 ),
 ( 0.000000000000000000, 1.000000000000000000 ),
 .UNSPECIFIED. ) ;
#4186 = VECTOR ( 'NONE', #4723, 1000.000000000000000 ) ;
#4187 = VERTEX_POINT ( 'NONE', #5326 ) ;
#4188 = DIRECTION ( 'NONE',  ( -0.000000000000000000, -0.000000000000000000, -1.000000000000000000 ) ) ;
#4189 = ORIENTED_EDGE ( 'NONE', *, *, #3015, .T. ) ;
#4190 = CARTESIAN_POINT ( 'NONE',  ( 0.8347241028346763514, 0.7331563850431136453, 0.7500000000000000000 ) ) ;
#4191 = ADVANCED_FACE ( 'NONE', ( #3046 ), #413, .F. ) ;
#4192 = ADVANCED_FACE ( 'NONE', ( #6145 ), #5375, .F. ) ;
#4193 = ORIENTED_EDGE ( 'NONE', *, *, #5988, .F. ) ;
#4194 = CARTESIAN_POINT ( 'NONE',  ( 0.6748158849613913324, 0.6488033632841337939, 0.7500000000000000000 ) ) ;
#4195 = EDGE_CURVE ( 'NONE', #2456, #590, #1442, .T. ) ;
#4196 = EDGE_LOOP ( 'NONE', ( #8430, #8111, #6451, #2430 ) ) ;
#4197 = ORIENTED_EDGE ( 'NONE', *, *, #3669, .T. ) ;
#4198 = DIRECTION ( 'NONE',  ( 0.000000000000000000, 1.000000000000000000, 0.000000000000000000 ) ) ;
#4199 = DIRECTION ( 'NONE',  ( -0.000000000000000000, -0.000000000000000000, -1.000000000000000000 ) ) ;
#4200 = ORIENTED_EDGE ( 'NONE', *, *, #6354, .F. ) ;
#4201 = CARTESIAN_POINT ( 'NONE',  ( 0.7256796960381769468, 0.6970808788818703139, 0.7500000000000000000 ) ) ;
#4202 = DIRECTION ( 'NONE',  ( 0.000000000000000000, 0.000000000000000000, 1.000000000000000000 ) ) ;
#4203 = CARTESIAN_POINT ( 'NONE',  ( 0.7277354693672223318, 0.8393492352867428785, 0.7600000000000000089 ) ) ;
#4204 = LINE ( 'NONE', #6422, #4523 ) ;
#4205 = DIRECTION ( 'NONE',  ( 3.491481338843133355E-15, -1.000000000000000000, 0.000000000000000000 ) ) ;
#4206 = ORIENTED_EDGE ( 'NONE', *, *, #5426, .F. ) ;
#4207 = CARTESIAN_POINT ( 'NONE',  ( 0.5171181760438913200, 0.7069839590044362243, 0.7600000000000000089 ) ) ;
#4208 = EDGE_CURVE ( 'NONE', #10098, #2358, #2273, .T. ) ;
#4209 = CARTESIAN_POINT ( 'NONE',  ( 0.1447507477583269697, 0.8090797962370152030, 0.7500000000000000000 ) ) ;
#4210 = ORIENTED_EDGE ( 'NONE', *, *, #10050, .F. ) ;
#4211 = CARTESIAN_POINT ( 'NONE',  ( 0.4042086474444112065, 0.7439078879575150571, 0.7500000000000000000 ) ) ;
#4212 = FACE_OUTER_BOUND ( 'NONE', #6290, .T. ) ;
#4213 = CARTESIAN_POINT ( 'NONE',  ( 0.3660892329340721951, 0.7697306952013218684, 0.7600000000000000089 ) ) ;
#4214 =( GEOMETRIC_REPRESENTATION_CONTEXT ( 3 ) GLOBAL_UNCERTAINTY_ASSIGNED_CONTEXT ( ( #5950 ) ) GLOBAL_UNIT_ASSIGNED_CONTEXT ( ( #9833, #2731, #8342 ) ) REPRESENTATION_CONTEXT ( 'NONE', 'WORKASPACE' ) );
#4215 = DIRECTION ( 'NONE',  ( -3.252606517456508174E-15, 1.000000000000000000, 0.000000000000000000 ) ) ;
#4216 = LINE ( 'NONE', #264, #9985 ) ;
#4217 = DIRECTION ( 'NONE',  ( 3.491481338843133355E-15, -1.000000000000000000, 0.000000000000000000 ) ) ;
#4218 = ORIENTED_EDGE ( 'NONE', *, *, #9114, .F. ) ;
#4219 = CARTESIAN_POINT ( 'NONE',  ( 0.5889155069332399073, 0.8095957847399702922, 0.7600000000000000089 ) ) ;
#4220 = VECTOR ( 'NONE', #2463, 1000.000000000000000 ) ;
#4221 = ADVANCED_FACE ( 'NONE', ( #10215 ), #8659, .F. ) ;
#4222 = FACE_OUTER_BOUND ( 'NONE', #4014, .T. ) ;
#4223 = VERTEX_POINT ( 'NONE', #3368 ) ;
#4224 = LINE ( 'NONE', #2125, #724 ) ;
#4225 = VERTEX_POINT ( 'NONE', #4038 ) ;
#4226 = CARTESIAN_POINT ( 'NONE',  ( 0.1527435225458242118, 0.8810147781199886285, 0.7500000000000000000 ) ) ;
#4227 = CARTESIAN_POINT ( 'NONE',  ( 0.3660892329340721951, 0.7432930446946898195, 0.7500000000000000000 ) ) ;
#4228 = AXIS2_PLACEMENT_3D ( 'NONE', #2468, #9630, #5670 ) ;
#4229 =( NAMED_UNIT ( * ) SI_UNIT ( $, .STERADIAN. ) SOLID_ANGLE_UNIT ( ) );
#4230 =( NAMED_UNIT ( * ) SI_UNIT ( $, .STERADIAN. ) SOLID_ANGLE_UNIT ( ) );
#4231 = ORIENTED_EDGE ( 'NONE', *, *, #9052, .T. ) ;
#4232 = CARTESIAN_POINT ( 'NONE',  ( 0.5000000000000034417, -1.000999999999998558, 0.1800000000000000211 ) ) ;
#4233 = CARTESIAN_POINT ( 'NONE',  ( 0.7772066598009909066, 0.8817910072409395061, 0.7500000000000000000 ) ) ;
#4234 = STYLED_ITEM ( 'NONE', ( #4788 ), #2657 ) ;
#4235 = STYLED_ITEM ( 'NONE', ( #4012 ), #1281 ) ;
#4236 = EDGE_CURVE ( 'NONE', #7981, #904, #6461, .T. ) ;
#4237 = ORIENTED_EDGE ( 'NONE', *, *, #3626, .F. ) ;
#4238 = FILL_AREA_STYLE_COLOUR ( '', #10010 ) ;
#4239 = ORIENTED_EDGE ( 'NONE', *, *, #3294, .F. ) ;
#4240 = LINE ( 'NONE', #287, #3333 ) ;
#4241 = ORIENTED_EDGE ( 'NONE', *, *, #10192, .T. ) ;
#4242 = VECTOR ( 'NONE', #9179, 1000.000000000000000 ) ;
#4243 = EDGE_CURVE ( 'NONE', #10277, #7479, #3518, .T. ) ;
#4244 = VECTOR ( 'NONE', #9394, 1000.000000000000000 ) ;
#4245 = B_SPLINE_CURVE_WITH_KNOTS ( 'NONE', 3,
 ( #3697, #9242, #6247, #7088 ),
 .UNSPECIFIED., .F., .F.,
 ( 4, 4 ),
 ( 2.000000000000000000, 3.000000000000000000 ),
 .UNSPECIFIED. ) ;
#4246 = CARTESIAN_POINT ( 'NONE',  ( 0.8202231640836680215, 0.7319627102064939494, 0.7600000000000000089 ) ) ;
#4247 = CARTESIAN_POINT ( 'NONE',  ( 1.000000000000003553, -0.9999999999999961142, 0.000000000000000000 ) ) ;
#4248 = ORIENTED_EDGE ( 'NONE', *, *, #7423, .T. ) ;
#4249 = LINE ( 'NONE', #8298, #8091 ) ;
#4250 =( GEOMETRIC_REPRESENTATION_CONTEXT ( 3 ) GLOBAL_UNCERTAINTY_ASSIGNED_CONTEXT ( ( #2521 ) ) GLOBAL_UNIT_ASSIGNED_CONTEXT ( ( #219, #4339, #380 ) ) REPRESENTATION_CONTEXT ( 'NONE', 'WORKASPACE' ) );
#4251 = VECTOR ( 'NONE', #643, 1000.000000000000000 ) ;
#4252 =( NAMED_UNIT ( * ) SI_UNIT ( $, .STERADIAN. ) SOLID_ANGLE_UNIT ( ) );
#4253 = VERTEX_POINT ( 'NONE', #5680 ) ;
#4254 = EDGE_LOOP ( 'NONE', ( #5582, #677, #9264, #8621 ) ) ;
#4255 = ORIENTED_EDGE ( 'NONE', *, *, #7794, .T. ) ;
#4256 = CARTESIAN_POINT ( 'NONE',  ( 0.6255878505122060007, 0.7213080570391718904, 0.7500000000000000000 ) ) ;
#4257 = EDGE_CURVE ( 'NONE', #3423, #8786, #421, .T. ) ;
#4258 = CARTESIAN_POINT ( 'NONE',  ( 0.7145166258103879953, 0.6581317110782208823, 0.7600000000000000089 ) ) ;
#4259 = DIRECTION ( 'NONE',  ( -1.000000000000000000, -3.491481338843133355E-15, 0.000000000000000000 ) ) ;
#4260 = EDGE_CURVE ( 'NONE', #251, #3077, #234, .T. ) ;
#4261 = CARTESIAN_POINT ( 'NONE',  ( -0.7999999999999973799, -0.7510000000000032205, 0.000000000000000000 ) ) ;
#4262 = VECTOR ( 'NONE', #6477, 1000.000000000000000 ) ;
#4263 = DIRECTION ( 'NONE',  ( -1.755283150515606412E-14, 1.000000000000000000, 0.000000000000000000 ) ) ;
#4264 = ORIENTED_EDGE ( 'NONE', *, *, #3460, .F. ) ;
#4265 = CARTESIAN_POINT ( 'NONE',  ( 0.6739206288341468287, 0.6705050349589730674, 0.7600000000000000089 ) ) ;
#4266 = EDGE_LOOP ( 'NONE', ( #3723, #5357, #9166, #4448 ) ) ;
#4267 = COLOUR_RGB ( '',0.6666666666666666297, 0.6666666666666666297, 0.6666666666666666297 ) ;
#4268 = CARTESIAN_POINT ( 'NONE',  ( 0.2929245733206523039, 0.7303816527997251118, 0.7500000000000000000 ) ) ;
#4269 = EDGE_CURVE ( 'NONE', #6943, #6150, #29, .T. ) ;
#4270 = SURFACE_STYLE_USAGE ( .BOTH. , #8320 ) ;
#4271 = CARTESIAN_POINT ( 'NONE',  ( 0.7813845217276892408, 0.8646816679219360147, 0.7500000000000000000 ) ) ;
#4272 = CARTESIAN_POINT ( 'NONE',  ( 0.6519371172671560855, 0.6383255508324964245, 0.7500000000000000000 ) ) ;
#4273 = CARTESIAN_POINT ( 'NONE',  ( 0.7145166258103879953, 0.6581317110782208823, 0.7600000000000000089 ) ) ;
#4274 = FACE_OUTER_BOUND ( 'NONE', #1471, .T. ) ;
#4275 = ORIENTED_EDGE ( 'NONE', *, *, #1603, .T. ) ;
#4276 = VECTOR ( 'NONE', #3914, 1000.000000000000114 ) ;
#4277 = CARTESIAN_POINT ( 'NONE',  ( 0.7177439688859320599, 0.7993390231842658622, 0.7600000000000000089 ) ) ;
#4278 = CARTESIAN_POINT ( 'NONE',  ( 0.2929245733206523039, 0.7303816527997251118, 0.7600000000000000089 ) ) ;
#4279 = VERTEX_POINT ( 'NONE', #7278 ) ;
#4280 = VERTEX_POINT ( 'NONE', #9645 ) ;
#4281 = VECTOR ( 'NONE', #8044, 1000.000000000000000 ) ;
#4282 = LINE ( 'NONE', #9878, #1577 ) ;
#4283 = DIRECTION ( 'NONE',  ( 0.000000000000000000, 0.000000000000000000, 1.000000000000000000 ) ) ;
#4284 = FACE_OUTER_BOUND ( 'NONE', #9088, .T. ) ;
#4285 = DIRECTION ( 'NONE',  ( 1.000000000000000000, 0.000000000000000000, 0.000000000000000000 ) ) ;
#4286 = CARTESIAN_POINT ( 'NONE',  ( 0.3814599626998216864, 0.6854991148470219731, 0.7600000000000000089 ) ) ;
#4287 = EDGE_CURVE ( 'NONE', #2103, #9819, #83, .T. ) ;
#4288 = FACE_OUTER_BOUND ( 'NONE', #3566, .T. ) ;
#4289 = ORIENTED_EDGE ( 'NONE', *, *, #10180, .F. ) ;
#4290 = VECTOR ( 'NONE', #6757, 1000.000000000000000 ) ;
#4291 = LINE ( 'NONE', #8907, #8078 ) ;
#4292 = EDGE_LOOP ( 'NONE', ( #5262, #2786, #9473, #2685 ) ) ;
#4293 = SURFACE_STYLE_FILL_AREA ( #3565 ) ;
#4294 = ORIENTED_EDGE ( 'NONE', *, *, #7594, .T. ) ;
#4295 = CARTESIAN_POINT ( 'NONE',  ( 0.5684240889113644224, 0.8832499431519701405, 0.7500000000000000000 ) ) ;
#4296 = ORIENTED_EDGE ( 'NONE', *, *, #7694, .T. ) ;
#4297 = VECTOR ( 'NONE', #1612, 1000.000000000000000 ) ;
#4298 = EDGE_CURVE ( 'NONE', #1859, #4580, #6513, .T. ) ;
#4299 = SURFACE_SIDE_STYLE ('',( #9011 ) ) ;
#4300 = DIRECTION ( 'NONE',  ( -0.000000000000000000, -0.000000000000000000, -1.000000000000000000 ) ) ;
#4301 = ORIENTED_EDGE ( 'NONE', *, *, #9644, .T. ) ;
#4302 = FACE_OUTER_BOUND ( 'NONE', #8495, .T. ) ;
#4303 = EDGE_CURVE ( 'NONE', #7483, #6992, #872, .T. ) ;
#4304 = ORIENTED_EDGE ( 'NONE', *, *, #1397, .F. ) ;
#4305 = ORIENTED_EDGE ( 'NONE', *, *, #7465, .F. ) ;
#4306 = ORIENTED_EDGE ( 'NONE', *, *, #9109, .T. ) ;
#4307 = DIRECTION ( 'NONE',  ( 0.000000000000000000, -1.000000000000000000, 0.000000000000000000 ) ) ;
#4308 = ORIENTED_EDGE ( 'NONE', *, *, #6051, .T. ) ;
#4309 = CARTESIAN_POINT ( 'NONE',  ( 0.8477661056752422430, 0.7024745207341381859, 0.7500000000000000000 ) ) ;
#4310 = CARTESIAN_POINT ( 'NONE',  ( 0.5766913924066228159, 0.8832499431519701405, 0.7500000000000000000 ) ) ;
#4311 = EDGE_CURVE ( 'NONE', #5176, #5575, #7182, .T. ) ;
#4312 = CARTESIAN_POINT ( 'NONE',  ( 0.6928536380420127205, 0.7953158968843083709, 0.7600000000000000089 ) ) ;
#4313 = CARTESIAN_POINT ( 'NONE',  ( 0.7566047163314477686, 0.6970808788818703139, 0.7600000000000000089 ) ) ;
#4314 = B_SPLINE_SURFACE_WITH_KNOTS ( 'NONE', 3, 1, ( 
 ( #10080, #2971 ),
 ( #6118, #839 ),
 ( #6379, #1567 ),
 ( #6323, #4634 ) ),
 .UNSPECIFIED., .F., .F., .F.,
 ( 4, 4 ),
 ( 2, 2 ),
 ( 4.000000000000000000, 5.000000000000000000 ),
 ( 0.000000000000000000, 1.000000000000000000 ),
 .UNSPECIFIED. ) ;
#4315 = CARTESIAN_POINT ( 'NONE',  ( 0.1115499738093310850, 0.8551919503543360390, 0.7500000000000000000 ) ) ;
#4316 = ORIENTED_EDGE ( 'NONE', *, *, #1690, .F. ) ;
#4317 = UNCERTAINTY_MEASURE_WITH_UNIT (LENGTH_MEASURE( 1.000000000000000082E-05 ), #6454, 'distance_accuracy_value', 'NONE');
#4318 = LINE ( 'NONE', #2706, #4446 ) ;
#4319 = EDGE_CURVE ( 'NONE', #1993, #10277, #789, .T. ) ;
#4320 = CARTESIAN_POINT ( 'NONE',  ( 0.5815324070202413376, 0.6581317110782208823, 0.7600000000000000089 ) ) ;
#4321 = ORIENTED_EDGE ( 'NONE', *, *, #2964, .F. ) ;
#4322 = CARTESIAN_POINT ( 'NONE',  ( 0.5962101864878148749, 0.6714831851716753786, 0.7600000000000000089 ) ) ;
#4323 = B_SPLINE_SURFACE_WITH_KNOTS ( 'NONE', 3, 1, ( 
 ( #3181, #6326 ),
 ( #5710, #6434 ),
 ( #8893, #793 ),
 ( #3123, #7300 ) ),
 .UNSPECIFIED., .F., .F., .F.,
 ( 4, 4 ),
 ( 2, 2 ),
 ( 4.000000000000000000, 5.000000000000000000 ),
 ( 0.000000000000000000, 1.000000000000000000 ),
 .UNSPECIFIED. ) ;
#4324 = DIRECTION ( 'NONE',  ( -0.000000000000000000, -0.000000000000000000, -1.000000000000000000 ) ) ;
#4325 = LINE ( 'NONE', #367, #4500 ) ;
#4326 = FACE_OUTER_BOUND ( 'NONE', #5825, .T. ) ;
#4327 = CARTESIAN_POINT ( 'NONE',  ( 0.4999999999999983902, 0.4710000000000021392, -0.02000000000000000042 ) ) ;
#4328 = PLANE ( 'NONE',  #1413 ) ;
#4329 = ORIENTED_EDGE ( 'NONE', *, *, #2439, .F. ) ;
#4330 = CARTESIAN_POINT ( 'NONE',  ( 0.5379411704087839752, 0.7155607337537686075, 0.7600000000000000089 ) ) ;
#4331 = EDGE_CURVE ( 'NONE', #8408, #6163, #7936, .T. ) ;
#4332 = EDGE_CURVE ( 'NONE', #1676, #102, #7847, .T. ) ;
#4333 = VECTOR ( 'NONE', #4986, 1000.000000000000000 ) ;
#4334 = CARTESIAN_POINT ( 'NONE',  ( 0.8896773554794356054, 0.7274974821158513016, 0.7600000000000000089 ) ) ;
#4335 =( NAMED_UNIT ( * ) SI_UNIT ( $, .STERADIAN. ) SOLID_ANGLE_UNIT ( ) );
#4336 = DIRECTION ( 'NONE',  ( 0.000000000000000000, -0.000000000000000000, 1.000000000000000000 ) ) ;
#4337 = CARTESIAN_POINT ( 'NONE',  ( 0.2068484866314539150, 0.6848842950380683581, 0.7600000000000000089 ) ) ;
#4338 = DIRECTION ( 'NONE',  ( -0.000000000000000000, -0.000000000000000000, -1.000000000000000000 ) ) ;
#4339 =( NAMED_UNIT ( * ) PLANE_ANGLE_UNIT ( ) SI_UNIT ( $, .RADIAN. ) );
#4340 = AXIS2_PLACEMENT_3D ( 'NONE', #2016, #1967, #3586 ) ;
#4341 = CARTESIAN_POINT ( 'NONE',  ( 2.299999999999996270, 1.000000000000008438, 0.1800000000000000488 ) ) ;
#4342 = ORIENTED_EDGE ( 'NONE', *, *, #8875, .F. ) ;
#4343 = ADVANCED_FACE ( 'NONE', ( #2534 ), #1905, .T. ) ;
#4344 = ORIENTED_EDGE ( 'NONE', *, *, #3989, .F. ) ;
#4345 = ORIENTED_EDGE ( 'NONE', *, *, #9567, .F. ) ;
#4346 = LINE ( 'NONE', #1851, #1341 ) ;
#4347 = ORIENTED_EDGE ( 'NONE', *, *, #581, .F. ) ;
#4348 = COLOUR_RGB ( '',0.2980392156862745057, 0.2980392156862745057, 0.2980392156862745057 ) ;
#4349 = CARTESIAN_POINT ( 'NONE',  ( 0.8202231640836680215, 0.7319627102064939494, 0.7500000000000000000 ) ) ;
#4350 = CARTESIAN_POINT ( 'NONE',  ( 0.7649162300057733566, 0.8189683427131271287, 0.7600000000000000089 ) ) ;
#4351 = ORIENTED_EDGE ( 'NONE', *, *, #8429, .F. ) ;
#4352 = DIRECTION ( 'NONE',  ( 0.3315284183504416116, 0.9434452330824798505, -0.000000000000000000 ) ) ;
#4353 = EDGE_CURVE ( 'NONE', #663, #7981, #289, .T. ) ;
#4354 = ORIENTED_EDGE ( 'NONE', *, *, #5763, .T. ) ;
#4355 = EDGE_LOOP ( 'NONE', ( #4639, #1087, #5712, #7910 ) ) ;
#4356 = ORIENTED_EDGE ( 'NONE', *, *, #7256, .T. ) ;
#4357 = CARTESIAN_POINT ( 'NONE',  ( 0.7835508205044109387, 0.8678648008184131069, 0.7600000000000000089 ) ) ;
#4358 = ORIENTED_EDGE ( 'NONE', *, *, #9974, .T. ) ;
#4359 = LINE ( 'NONE', #7397, #5074 ) ;
#4360 = CARTESIAN_POINT ( 'NONE',  ( 0.8360283031183790570, 0.6913777657755382222, 0.7600000000000000089 ) ) ;
#4361 = CARTESIAN_POINT ( 'NONE',  ( 0.7566047163314477686, 0.7069839590044382227, 0.7600000000000000089 ) ) ;
#4362 = CARTESIAN_POINT ( 'NONE',  ( 0.6098048165667382392, 0.6984513944347666703, 0.7600000000000000089 ) ) ;
#4363 = EDGE_CURVE ( 'NONE', #1970, #9837, #3421, .T. ) ;
#4364 = LINE ( 'NONE', #1869, #103 ) ;
#4365 = ORIENTED_EDGE ( 'NONE', *, *, #8883, .T. ) ;
#4366 = CARTESIAN_POINT ( 'NONE',  ( 0.5476895149046111522, 0.6852325508779255614, 0.7500000000000000000 ) ) ;
#4367 = EDGE_CURVE ( 'NONE', #5652, #5559, #1956, .T. ) ;
#4368 = CARTESIAN_POINT ( 'NONE',  ( 0.5649756949401822936, 0.7938569609732751831, 0.7600000000000000089 ) ) ;
#4369 = EDGE_LOOP ( 'NONE', ( #2182, #5986, #1726, #3899 ) ) ;
#4370 = CARTESIAN_POINT ( 'NONE',  ( 0.08695678859331436306, 0.6590614643403862605, 0.7600000000000000089 ) ) ;
#4371 = LINE ( 'NONE', #559, #2510 ) ;
#4372 = LINE ( 'NONE', #2714, #4062 ) ;
#4373 = CARTESIAN_POINT ( 'NONE',  ( -0.7999999999999987121, -0.3000000000000026534, -0.02000000000000000042 ) ) ;
#4374 = B_SPLINE_CURVE_WITH_KNOTS ( 'NONE', 3,
 ( #5778, #4962, #9061, #5118 ),
 .UNSPECIFIED., .F., .F.,
 ( 4, 4 ),
 ( 26.00000000000000000, 27.00000000000000000 ),
 .UNSPECIFIED. ) ;
#4375 = EDGE_CURVE ( 'NONE', #232, #212, #444, .T. ) ;
#4376 = DIRECTION ( 'NONE',  ( -0.000000000000000000, -0.000000000000000000, -1.000000000000000000 ) ) ;
#4377 = PRESENTATION_LAYER_ASSIGNMENT (  '', '', ( #1382 ) ) ;
#4378 = ORIENTED_EDGE ( 'NONE', *, *, #8390, .F. ) ;
#4379 = CARTESIAN_POINT ( 'NONE',  ( 0.5000000000000034417, -0.9999999999999986677, 0.7500000000000000000 ) ) ;
#4380 = LINE ( 'NONE', #6014, #4290 ) ;
#4381 = EDGE_CURVE ( 'NONE', #1747, #2718, #5071, .T. ) ;
#4382 = STYLED_ITEM ( 'NONE', ( #7801 ), #7295 ) ;
#4383 = CARTESIAN_POINT ( 'NONE',  ( 0.5827260818565642708, 0.8714900355061628856, 0.7600000000000000089 ) ) ;
#4384 = CARTESIAN_POINT ( 'NONE',  ( 0.5352664545721839140, 0.8056610787981490773, 0.7500000000000000000 ) ) ;
#4385 = CARTESIAN_POINT ( 'NONE',  ( 0.7256796960381769468, 0.6970808788818703139, 0.7600000000000000089 ) ) ;
#4386 =( LENGTH_UNIT ( ) NAMED_UNIT ( * ) SI_UNIT ( .MILLI., .METRE. ) );
#4387 = ADVANCED_FACE ( 'NONE', ( #8295 ), #6724, .T. ) ;
#4388 = CARTESIAN_POINT ( 'NONE',  ( 0.7256796960381769468, 0.6679905810217212636, 0.7600000000000000089 ) ) ;
#4389 = EDGE_CURVE ( 'NONE', #1486, #7226, #5881, .T. ) ;
#4390 = VECTOR ( 'NONE', #8791, 1000.000000000000000 ) ;
#4391 = DIRECTION ( 'NONE',  ( 1.000000000000000000, -0.000000000000000000, -0.000000000000000000 ) ) ;
#4392 = ORIENTED_EDGE ( 'NONE', *, *, #7136, .F. ) ;
#4393 = PLANE ( 'NONE',  #1070 ) ;
#4394 = ORIENTED_EDGE ( 'NONE', *, *, #5839, .T. ) ;
#4395 = ORIENTED_EDGE ( 'NONE', *, *, #8179, .F. ) ;
#4396 = PLANE ( 'NONE',  #1347 ) ;
#4397 = VERTEX_POINT ( 'NONE', #5933 ) ;
#4398 = FACE_OUTER_BOUND ( 'NONE', #5939, .T. ) ;
#4399 = VECTOR ( 'NONE', #10073, 1000.000000000000000 ) ;
#4400 = VECTOR ( 'NONE', #8708, 1000.000000000000000 ) ;
#4401 = B_SPLINE_SURFACE_WITH_KNOTS ( 'NONE', 3, 1, ( 
 ( #9781, #429 ),
 ( #1269, #2868 ),
 ( #9201, #5156 ),
 ( #7626, #6802 ) ),
 .UNSPECIFIED., .F., .F., .F.,
 ( 4, 4 ),
 ( 2, 2 ),
 ( 2.000000000000000000, 3.000000000000000000 ),
 ( 0.000000000000000000, 1.000000000000000000 ),
 .UNSPECIFIED. ) ;
#4402 = ORIENTED_EDGE ( 'NONE', *, *, #1454, .T. ) ;
#4403 = CARTESIAN_POINT ( 'NONE',  ( 0.6695990838254016753, 0.6356287299063639873, 0.7600000000000000089 ) ) ;
#4404 = EDGE_LOOP ( 'NONE', ( #3764, #4502, #6181, #7068 ) ) ;
#4405 = VECTOR ( 'NONE', #3934, 1000.000000000000000 ) ;
#4406 = EDGE_LOOP ( 'NONE', ( #734, #9363, #2792, #3372 ) ) ;
#4407 = ORIENTED_EDGE ( 'NONE', *, *, #10039, .F. ) ;
#4408 = AXIS2_PLACEMENT_3D ( 'NONE', #153, #9664, #3288 ) ;
#4409 = SURFACE_STYLE_FILL_AREA ( #9848 ) ;
#4410 = ORIENTED_EDGE ( 'NONE', *, *, #8991, .F. ) ;
#4411 = CARTESIAN_POINT ( 'NONE',  ( 0.7035967115674726102, 0.8718437169393019603, 0.7500000000000000000 ) ) ;
#4412 = DIRECTION ( 'NONE',  ( -1.000000000000000000, 0.000000000000000000, 0.000000000000000000 ) ) ;
#4413 = CARTESIAN_POINT ( 'NONE',  ( 0.5389137943494727301, 0.8571217272923619124, 0.7500000000000000000 ) ) ;
#4414 =( LENGTH_UNIT ( ) NAMED_UNIT ( * ) SI_UNIT ( .MILLI., .METRE. ) );
#4415 = CARTESIAN_POINT ( 'NONE',  ( 0.5000000000000034417, -1.000999999999998558, -0.02000000000000000042 ) ) ;
#4416 = EDGE_CURVE ( 'NONE', #450, #2603, #3472, .T. ) ;
#4417 = UNCERTAINTY_MEASURE_WITH_UNIT (LENGTH_MEASURE( 1.000000000000000082E-05 ), #6703, 'distance_accuracy_value', 'NONE');
#4418 = VECTOR ( 'NONE', #3812, 1000.000000000000000 ) ;
#4419 = B_SPLINE_CURVE_WITH_KNOTS ( 'NONE', 3,
 ( #3171, #6317, #6945, #1458 ),
 .UNSPECIFIED., .F., .F.,
 ( 4, 4 ),
 ( 2.000000000000000000, 3.000000000000000000 ),
 .UNSPECIFIED. ) ;
#4420 = VECTOR ( 'NONE', #1489, 1000.000000000000000 ) ;
#4421 = ORIENTED_EDGE ( 'NONE', *, *, #2314, .F. ) ;
#4422 = CARTESIAN_POINT ( 'NONE',  ( 0.2265230254223644657, 0.9049931171414477005, 0.7500000000000000000 ) ) ;
#4423 = DIRECTION ( 'NONE',  ( -0.3283461648125386989, 0.9445574604294315613, -0.000000000000000000 ) ) ;
#4424 = ORIENTED_EDGE ( 'NONE', *, *, #6166, .F. ) ;
#4425 = DIRECTION ( 'NONE',  ( -1.000000000000000000, -3.491481338843133355E-15, 0.000000000000000000 ) ) ;
#4426 = CARTESIAN_POINT ( 'NONE',  ( 0.6183815913160654043, 0.6831546724593453579, 0.7600000000000000089 ) ) ;
#4427 = PRESENTATION_STYLE_ASSIGNMENT (( #4270 ) ) ;
#4428 = DIRECTION ( 'NONE',  ( -0.000000000000000000, -0.000000000000000000, -1.000000000000000000 ) ) ;
#4429 = DIRECTION ( 'NONE',  ( -1.000000000000000000, -0.000000000000000000, -0.000000000000000000 ) ) ;
#4430 = LINE ( 'NONE', #470, #2858 ) ;
#4431 = CARTESIAN_POINT ( 'NONE',  ( 0.7184955419312778480, 0.8141936433678232943, 0.7600000000000000089 ) ) ;
#4432 = ADVANCED_FACE ( 'NONE', ( #2688 ), #6867, .F. ) ;
#4433 = VERTEX_POINT ( 'NONE', #216 ) ;
#4434 = CARTESIAN_POINT ( 'NONE',  ( 0.6630338722260507023, 0.6470349561190323895, 0.7600000000000000089 ) ) ;
#4435 = VECTOR ( 'NONE', #8794, 1000.000000000000000 ) ;
#4436 = PRESENTATION_STYLE_ASSIGNMENT (( #6848 ) ) ;
#4437 = EDGE_CURVE ( 'NONE', #4225, #4539, #1679, .T. ) ;
#4438 = CARTESIAN_POINT ( 'NONE',  ( 0.3150584148018278907, 0.7912497168735491693, 0.7600000000000000089 ) ) ;
#4439 = CARTESIAN_POINT ( 'NONE',  ( 0.5241696996132929609, 0.8369176754350188263, 0.7500000000000000000 ) ) ;
#4440 = CARTESIAN_POINT ( 'NONE',  ( 0.5241696996132929609, 0.8369176754350188263, 0.7500000000000000000 ) ) ;
#4441 = FACE_OUTER_BOUND ( 'NONE', #5942, .T. ) ;
#4442 = AXIS2_PLACEMENT_3D ( 'NONE', #7912, #9355, #4 ) ;
#4443 = CARTESIAN_POINT ( 'NONE',  ( 0.5815324070202413376, 0.6978766621056951003, 0.7500000000000000000 ) ) ;
#4444 = EDGE_CURVE ( 'NONE', #4605, #8447, #8075, .T. ) ;
#4445 = CARTESIAN_POINT ( 'NONE',  ( 0.6937378416245608692, 0.8817910072409375077, 0.7500000000000000000 ) ) ;
#4446 = VECTOR ( 'NONE', #9027, 1000.000000000000000 ) ;
#4447 = ADVANCED_FACE ( 'NONE', ( #2514 ), #5000, .F. ) ;
#4448 = ORIENTED_EDGE ( 'NONE', *, *, #3544, .T. ) ;
#4449 = CARTESIAN_POINT ( 'NONE',  ( 0.5993491092052226632, 0.6934556441941168714, 0.7600000000000000089 ) ) ;
#4450 = ORIENTED_EDGE ( 'NONE', *, *, #5974, .T. ) ;
#4451 = DIRECTION ( 'NONE',  ( 0.000000000000000000, 0.000000000000000000, 1.000000000000000000 ) ) ;
#4452 = COLOUR_RGB ( '',0.6666666666666666297, 0.6666666666666666297, 0.6666666666666666297 ) ;
#4453 = ORIENTED_EDGE ( 'NONE', *, *, #5706, .F. ) ;
#4454 = PLANE ( 'NONE',  #7573 ) ;
#4455 = EDGE_CURVE ( 'NONE', #1447, #3711, #8744, .T. ) ;
#4456 = CARTESIAN_POINT ( 'NONE',  ( 0.08757163771990406076, 0.7002550248041142789, 0.7600000000000000089 ) ) ;
#4457 = VECTOR ( 'NONE', #6006, 1000.000000000000000 ) ;
#4458 = ORIENTED_EDGE ( 'NONE', *, *, #3721, .F. ) ;
#4459 = ORIENTED_EDGE ( 'NONE', *, *, #3035, .T. ) ;
#4460 = CARTESIAN_POINT ( 'NONE',  ( 0.6255878505122060007, 0.7213080570391718904, 0.7500000000000000000 ) ) ;
#4461 = VERTEX_POINT ( 'NONE', #5562 ) ;
#4462 = CARTESIAN_POINT ( 'NONE',  ( 0.3814599626998216864, 0.6854991148470219731, 0.7600000000000000089 ) ) ;
#4463 = CARTESIAN_POINT ( 'NONE',  ( 0.8329556956701639203, 0.6829778317430701406, 0.7500000000000000000 ) ) ;
#4464 = CARTESIAN_POINT ( 'NONE',  ( 0.5241696996132929609, 0.8369176754350188263, 0.7500000000000000000 ) ) ;
#4465 = CARTESIAN_POINT ( 'NONE',  ( 0.5835218650806816010, 0.8820562683159376416, 0.7500000000000000000 ) ) ;
#4466 = DIRECTION ( 'NONE',  ( 1.000000000000000000, 2.382169989985495663E-14, -0.000000000000000000 ) ) ;
#4467 = ORIENTED_EDGE ( 'NONE', *, *, #6644, .T. ) ;
#4468 = CARTESIAN_POINT ( 'NONE',  ( 0.5457663721130647794, 0.6833757233546897680, 0.7500000000000000000 ) ) ;
#4469 = CARTESIAN_POINT ( 'NONE',  ( 0.5889155069332399073, 0.7988969213929889568, 0.7600000000000000089 ) ) ;
#4470 = ORIENTED_EDGE ( 'NONE', *, *, #7674, .F. ) ;
#4471 = CARTESIAN_POINT ( 'NONE',  ( 0.5574378594004397725, 0.8038042512749101753, 0.7600000000000000089 ) ) ;
#4472 = CARTESIAN_POINT ( 'NONE',  ( -0.1499999999999966915, -1.000000000000000000, 0.1800000000000000488 ) ) ;
#4473 = EDGE_CURVE ( 'NONE', #803, #6744, #8126, .T. ) ;
#4474 = CARTESIAN_POINT ( 'NONE',  ( -0.7081802701769344122, -0.7148992480723534992, 0.7299999999999999822 ) ) ;
#4475 = CARTESIAN_POINT ( 'NONE',  ( 0.6916157530269114728, 0.7198933313072090057, 0.7600000000000000089 ) ) ;
#4476 = CARTESIAN_POINT ( 'NONE',  ( 0.6379224904864937429, 0.6692726762158859311, 0.7500000000000000000 ) ) ;
#4477 = PLANE ( 'NONE',  #9536 ) ;
#4478 = ORIENTED_EDGE ( 'NONE', *, *, #3265, .T. ) ;
#4479 = PLANE ( 'NONE',  #5417 ) ;
#4480 = EDGE_CURVE ( 'NONE', #573, #1433, #8177, .T. ) ;
#4481 = CARTESIAN_POINT ( 'NONE',  ( 0.5660588443285435867, 0.6705989815897152040, 0.7600000000000000089 ) ) ;
#4482 = CARTESIAN_POINT ( 'NONE',  ( 0.8220799916069069235, 0.7953158968843083709, 0.7600000000000000089 ) ) ;
#4483 = CARTESIAN_POINT ( 'NONE',  ( 0.1804108478514654668, 0.7328409789438632416, 0.7600000000000000089 ) ) ;
#4484 = PLANE ( 'NONE',  #2690 ) ;
#4485 = B_SPLINE_SURFACE_WITH_KNOTS ( 'NONE', 3, 1, ( 
 ( #6068, #8487 ),
 ( #5208, #7472 ),
 ( #9252, #328 ),
 ( #9203, #4440 ) ),
 .UNSPECIFIED., .F., .F., .F.,
 ( 4, 4 ),
 ( 2, 2 ),
 ( 3.000000000000000000, 4.000000000000000000 ),
 ( 0.000000000000000000, 1.000000000000000000 ),
 .UNSPECIFIED. ) ;
#4486 = ORIENTED_EDGE ( 'NONE', *, *, #7136, .T. ) ;
#4487 = ADVANCED_FACE ( 'NONE', ( #4850 ), #3815, .T. ) ;
#4488 = DIRECTION ( 'NONE',  ( -3.491481338843133355E-15, 1.000000000000000000, 0.000000000000000000 ) ) ;
#4490 = EDGE_CURVE ( 'NONE', #9304, #10165, #5668, .T. ) ;
#4489 = FACE_OUTER_BOUND ( 'NONE', #1378, .T. ) ;
#4491 = ORIENTED_EDGE ( 'NONE', *, *, #2007, .T. ) ;
#4492 = SURFACE_SIDE_STYLE ('',( #8446 ) ) ;
#4493 = ORIENTED_EDGE ( 'NONE', *, *, #4682, .F. ) ;
#4494 = CARTESIAN_POINT ( 'NONE',  ( 0.6272236271398095031, 0.6905819825511216870, 0.7600000000000000089 ) ) ;
#4495 = CARTESIAN_POINT ( 'NONE',  ( 0.8913573422864004003, 0.7335542766547332727, 0.7600000000000000089 ) ) ;
#4496 = AXIS2_PLACEMENT_3D ( 'NONE', #622, #1516, #3908 ) ;
#4497 = ORIENTED_EDGE ( 'NONE', *, *, #2258, .F. ) ;
#4498 = CARTESIAN_POINT ( 'NONE',  ( 0.5691535568668817380, 0.6739147450233931025, 0.7600000000000000089 ) ) ;
#4499 = DIRECTION ( 'NONE',  ( -0.000000000000000000, 0.000000000000000000, -1.000000000000000000 ) ) ;
#4500 = VECTOR ( 'NONE', #3546, 1000.000000000000000 ) ;
#4501 = VERTEX_POINT ( 'NONE', #6497 ) ;
#4502 = ORIENTED_EDGE ( 'NONE', *, *, #4509, .F. ) ;
#4503 = CARTESIAN_POINT ( 'NONE',  ( 0.6085448264621005077, 0.7087081559898809058, 0.7500000000000000000 ) ) ;
#4504 = ORIENTED_EDGE ( 'NONE', *, *, #4956, .T. ) ;
#4505 = CARTESIAN_POINT ( 'NONE',  ( 0.8015885735850307725, 0.7346595311332154710, 0.7600000000000000089 ) ) ;
#4506 =( NAMED_UNIT ( * ) SI_UNIT ( $, .STERADIAN. ) SOLID_ANGLE_UNIT ( ) );
#4507 = CARTESIAN_POINT ( 'NONE',  ( 0.7245744415596926391, 0.8582711919499150799, 0.7500000000000000000 ) ) ;
#4508 = CARTESIAN_POINT ( 'NONE',  ( 0.1336838152908021993, 0.8644143882141983593, 0.7500000000000000000 ) ) ;
#4509 = EDGE_CURVE ( 'NONE', #5250, #5989, #1011, .T. ) ;
#4510 = DIRECTION ( 'NONE',  ( 1.000000000000000000, 0.000000000000000000, -0.000000000000000000 ) ) ;
#4511 = B_SPLINE_CURVE_WITH_KNOTS ( 'NONE', 3,
 ( #991, #9609, #6529, #9709 ),
 .UNSPECIFIED., .F., .F.,
 ( 4, 4 ),
 ( 12.00000000000000000, 13.00000000000000000 ),
 .UNSPECIFIED. ) ;
#4512 = ORIENTED_EDGE ( 'NONE', *, *, #9720, .F. ) ;
#4513 = UNCERTAINTY_MEASURE_WITH_UNIT (LENGTH_MEASURE( 1.000000000000000082E-05 ), #4386, 'distance_accuracy_value', 'NONE');
#4514 = MECHANICAL_DESIGN_GEOMETRIC_PRESENTATION_REPRESENTATION (  '', ( #1184 ), #8163 ) ;
#4515 = EDGE_LOOP ( 'NONE', ( #4668, #3271, #6547, #9747, #3677, #6074, #9574, #7828 ) ) ;
#4516 = CARTESIAN_POINT ( 'NONE',  ( 0.8347241028346763514, 0.7331563850431136453, 0.7600000000000000089 ) ) ;
#4517 = CARTESIAN_POINT ( 'NONE',  ( 0.4861931557500361323, 0.8051747668278049774, 0.7500000000000000000 ) ) ;
#4518 = ORIENTED_EDGE ( 'NONE', *, *, #1528, .F. ) ;
#4519 = B_SPLINE_CURVE_WITH_KNOTS ( 'NONE', 3,
 ( #2080, #5246, #1978, #8425 ),
 .UNSPECIFIED., .F., .F.,
 ( 4, 4 ),
 ( 10.00000000000000000, 11.00000000000000000 ),
 .UNSPECIFIED. ) ;
#4520 = ORIENTED_EDGE ( 'NONE', *, *, #2118, .F. ) ;
#4521 = CARTESIAN_POINT ( 'NONE',  ( 0.02117006636774033945, 0.7070181130653697688, 0.7500000000000000000 ) ) ;
#4522 = CARTESIAN_POINT ( 'NONE',  ( 0.3255105157337611632, 0.6578318012680252069, 0.7500000000000000000 ) ) ;
#4523 = VECTOR ( 'NONE', #7340, 1000.000000000000000 ) ;
#4524 = LINE ( 'NONE', #7667, #4244 ) ;
#4525 = CARTESIAN_POINT ( 'NONE',  ( 0.4999999999999964473, 1.001000000000002110, -0.02000000000000000042 ) ) ;
#4526 = CARTESIAN_POINT ( 'NONE',  ( 0.6500581846546774623, 0.6290414132174785289, 0.7500000000000000000 ) ) ;
#4527 = CARTESIAN_POINT ( 'NONE',  ( 0.6032174998781467679, 0.7164007271566605883, 0.7500000000000000000 ) ) ;
#4528 = DIRECTION ( 'NONE',  ( 0.000000000000000000, -0.000000000000000000, -1.000000000000000000 ) ) ;
#4529 = ORIENTED_EDGE ( 'NONE', *, *, #168, .T. ) ;
#4530 = EDGE_CURVE ( 'NONE', #3159, #3258, #4021, .T. ) ;
#4531 = PRESENTATION_LAYER_ASSIGNMENT (  '', '', ( #528 ) ) ;
#4532 = CARTESIAN_POINT ( 'NONE',  ( 0.5387148485433690404, 0.8190125528921947673, 0.7600000000000000089 ) ) ;
#4533 = FILL_AREA_STYLE_COLOUR ( '', #5594 ) ;
#4534 = CARTESIAN_POINT ( 'NONE',  ( 0.1318393206828460673, 0.7020994842309644657, 0.7500000000000000000 ) ) ;
#4535 = CARTESIAN_POINT ( 'NONE',  ( 0.4861931557500382972, 0.6679905810217201534, 0.7500000000000000000 ) ) ;
#4536 = FACE_OUTER_BOUND ( 'NONE', #3316, .T. ) ;
#4537 = EDGE_CURVE ( 'NONE', #7664, #888, #3153, .T. ) ;
#4538 = CARTESIAN_POINT ( 'NONE',  ( 0.3218215265175511375, 0.6953363725158325792, 0.7500000000000000000 ) ) ;
#4539 = VERTEX_POINT ( 'NONE', #3458 ) ;
#4540 = LINE ( 'NONE', #580, #6957 ) ;
#4541 = ORIENTED_EDGE ( 'NONE', *, *, #7451, .F. ) ;
#4542 = CARTESIAN_POINT ( 'NONE',  ( 0.08757163771990406076, 0.7002550248041142789, 0.7500000000000000000 ) ) ;
#4543 = VECTOR ( 'NONE', #1743, 1000.000000000000000 ) ;
#4544 = CARTESIAN_POINT ( 'NONE',  ( 0.6032174998781467679, 0.7164007271566605883, 0.7600000000000000089 ) ) ;
#4545 = ORIENTED_EDGE ( 'NONE', *, *, #5364, .T. ) ;
#4546 = EDGE_CURVE ( 'NONE', #6646, #8853, #8901, .T. ) ;
#4547 = ORIENTED_EDGE ( 'NONE', *, *, #1432, .T. ) ;
#4548 = DIRECTION ( 'NONE',  ( 0.000000000000000000, -1.000000000000000000, 0.000000000000000000 ) ) ;
#4549 = CARTESIAN_POINT ( 'NONE',  ( 0.7974770269269370049, 0.8287387922984869038, 0.7500000000000000000 ) ) ;
#4550 = ADVANCED_FACE ( 'NONE', ( #7165 ), #6791, .F. ) ;
#4551 = ORIENTED_EDGE ( 'NONE', *, *, #6272, .F. ) ;
#4552 = CARTESIAN_POINT ( 'NONE',  ( 0.04084461688617826297, 0.8256801480311426467, 0.7600000000000000089 ) ) ;
#4553 = CIRCLE ( 'NONE', #1086, 0.1000000000000001582 ) ;
#4554 = CARTESIAN_POINT ( 'NONE',  ( 0.5581894324454893530, 0.7125102313944980947, 0.7600000000000000089 ) ) ;
#4555 = CARTESIAN_POINT ( 'NONE',  ( 0.5685346143593300594, 0.8731700223125384852, 0.7600000000000000089 ) ) ;
#4556 = CARTESIAN_POINT ( 'NONE',  ( 0.07834919986033543615, 0.8183022340968790775, 0.7500000000000000000 ) ) ;
#4557 = FACE_OUTER_BOUND ( 'NONE', #4798, .T. ) ;
#4558 = CARTESIAN_POINT ( 'NONE',  ( 0.6630338722260507023, 0.6470349561190323895, 0.7600000000000000089 ) ) ;
#4559 = ORIENTED_EDGE ( 'NONE', *, *, #2141, .T. ) ;
#4560 = EDGE_CURVE ( 'NONE', #8249, #395, #7366, .T. ) ;
#4561 = VERTEX_POINT ( 'NONE', #6236 ) ;
#4562 = LINE ( 'NONE', #1392, #3617 ) ;
#4563 = AXIS2_PLACEMENT_3D ( 'NONE', #1766, #4829, #44 ) ;
#4564 = VECTOR ( 'NONE', #3604, 1000.000000000000000 ) ;
#4565 = CARTESIAN_POINT ( 'NONE',  ( 0.6740864170061684479, 0.6712179240972643290, 0.7600000000000000089 ) ) ;
#4566 = VERTEX_POINT ( 'NONE', #9586 ) ;
#4567 = EDGE_CURVE ( 'NONE', #7479, #492, #6353, .T. ) ;
#4568 = ORIENTED_EDGE ( 'NONE', *, *, #648, .F. ) ;
#4569 = LINE ( 'NONE', #2173, #2324 ) ;
#4570 = FACE_OUTER_BOUND ( 'NONE', #744, .T. ) ;
#4571 = B_SPLINE_SURFACE_WITH_KNOTS ( 'NONE', 3, 1, ( 
 ( #641, #2940 ),
 ( #9172, #6090 ),
 ( #8558, #8609 ),
 ( #3819, #8507 ) ),
 .UNSPECIFIED., .F., .F., .F.,
 ( 4, 4 ),
 ( 2, 2 ),
 ( 7.000000000000000000, 8.000000000000000000 ),
 ( 0.000000000000000000, 1.000000000000000000 ),
 .UNSPECIFIED. ) ;
#4572 = CARTESIAN_POINT ( 'NONE',  ( 0.1207723999419626909, 0.6916473832993281778, 0.7600000000000000089 ) ) ;
#4573 = FILL_AREA_STYLE ('',( #8575 ) ) ;
#4574 = CARTESIAN_POINT ( 'NONE',  ( 0.7184955419312778480, 0.8141936433678232943, 0.7500000000000000000 ) ) ;
#4575 = DIRECTION ( 'NONE',  ( -0.000000000000000000, -0.000000000000000000, -1.000000000000000000 ) ) ;
#4576 = COLOUR_RGB ( '',0.6666666666666666297, 0.6666666666666666297, 0.6666666666666666297 ) ;
#4577 = DIRECTION ( 'NONE',  ( -1.000000000000000000, -3.491481338843133355E-15, 0.000000000000000000 ) ) ;
#4578 = ORIENTED_EDGE ( 'NONE', *, *, #5070, .T. ) ;
#4579 = CARTESIAN_POINT ( 'NONE',  ( 0.8347241028346763514, 0.7331563850431136453, 0.7600000000000000089 ) ) ;
#4580 = VERTEX_POINT ( 'NONE', #7925 ) ;
#4581 = SURFACE_SIDE_STYLE ('',( #9504 ) ) ;
#4582 = EDGE_CURVE ( 'NONE', #10250, #10174, #6620, .T. ) ;
#4583 = ORIENTED_EDGE ( 'NONE', *, *, #5244, .T. ) ;
#4584 = CARTESIAN_POINT ( 'NONE',  ( 0.6802316319037785552, 0.8718437169393019603, 0.7600000000000000089 ) ) ;
#4585 = FACE_OUTER_BOUND ( 'NONE', #2443, .T. ) ;
#4586 = CARTESIAN_POINT ( 'NONE',  ( 0.7649162300057733566, 0.8189683427131271287, 0.7600000000000000089 ) ) ;
#4587 = ORIENTED_EDGE ( 'NONE', *, *, #9539, .T. ) ;
#4588 = AXIS2_PLACEMENT_3D ( 'NONE', #5748, #8977, #2549 ) ;
#4589 = DIRECTION ( 'NONE',  ( -1.000000000000000000, -0.000000000000000000, -0.000000000000000000 ) ) ;
#4590 = VERTEX_POINT ( 'NONE', #10255 ) ;
#4591 = VECTOR ( 'NONE', #5780, 1000.000000000000000 ) ;
#4592 = ORIENTED_EDGE ( 'NONE', *, *, #2144, .F. ) ;
#4593 = CARTESIAN_POINT ( 'NONE',  ( 0.5358853970800290245, 0.8375808281222277829, 0.7600000000000000089 ) ) ;
#4594 = EDGE_CURVE ( 'NONE', #2841, #1993, #8551, .T. ) ;
#4595 = EDGE_LOOP ( 'NONE', ( #8176, #7156, #9738, #5164 ) ) ;
#4596 = CARTESIAN_POINT ( 'NONE',  ( 0.7813845217276892408, 0.8646816679219360147, 0.7500000000000000000 ) ) ;
#4597 = DIRECTION ( 'NONE',  ( 0.000000000000000000, -0.000000000000000000, -1.000000000000000000 ) ) ;
#4598 = AXIS2_PLACEMENT_3D ( 'NONE', #3185, #2248, #5407 ) ;
#4599 = CARTESIAN_POINT ( 'NONE',  ( 0.5439316496796552380, 0.6702010899775053820, 0.7500000000000000000 ) ) ;
#4600 = ORIENTED_EDGE ( 'NONE', *, *, #4287, .F. ) ;
#4601 = CARTESIAN_POINT ( 'NONE',  ( 0.5000000000000026645, -0.7509999999999986686, 0.1800000000000000211 ) ) ;
#4602 = ORIENTED_EDGE ( 'NONE', *, *, #1118, .T. ) ;
#4603 = PLANE ( 'NONE',  #1405 ) ;
#4604 = EDGE_CURVE ( 'NONE', #3258, #2628, #7018, .T. ) ;
#4605 = VERTEX_POINT ( 'NONE', #636 ) ;
#4606 = VECTOR ( 'NONE', #7771, 1000.000000000000000 ) ;
#4607 = LINE ( 'NONE', #2990, #6358 ) ;
#4608 = DIRECTION ( 'NONE',  ( 3.491481338843133355E-15, -1.000000000000000000, 0.000000000000000000 ) ) ;
#4609 = CARTESIAN_POINT ( 'NONE',  ( -0.7999999999999964917, -1.001000000000003221, 0.1800000000000000211 ) ) ;
#4610 = CARTESIAN_POINT ( 'NONE',  ( 0.8347241028346763514, 0.6702453001565782387, 0.7500000000000000000 ) ) ;
#4611 = CARTESIAN_POINT ( 'NONE',  ( 0.7442700763577460021, 0.7953158968843083709, 0.7600000000000000089 ) ) ;
#4612 = UNCERTAINTY_MEASURE_WITH_UNIT (LENGTH_MEASURE( 1.000000000000000082E-05 ), #3263, 'distance_accuracy_value', 'NONE');
#4613 = EDGE_CURVE ( 'NONE', #5308, #7561, #4700, .T. ) ;
#4614 = ORIENTED_EDGE ( 'NONE', *, *, #7220, .T. ) ;
#4615 = CARTESIAN_POINT ( 'NONE',  ( 0.5440421751273264439, 0.7099902511846394315, 0.7500000000000000000 ) ) ;
#4616 = STYLED_ITEM ( 'NONE', ( #4436 ), #6404 ) ;
#4617 = PLANE ( 'NONE',  #1547 ) ;
#4618 = ORIENTED_EDGE ( 'NONE', *, *, #7694, .F. ) ;
#4619 = ORIENTED_EDGE ( 'NONE', *, *, #5567, .F. ) ;
#4620 = DIRECTION ( 'NONE',  ( -0.3559357243698855755, 0.9345104387417429992, -0.000000000000000000 ) ) ;
#4621 = CARTESIAN_POINT ( 'NONE',  ( 0.1189279170609406494, 0.7408337537313613996, 0.7500000000000000000 ) ) ;
#4622 = EDGE_CURVE ( 'NONE', #2552, #2838, #8239, .T. ) ;
#4623 = DIRECTION ( 'NONE',  ( 3.491481338843133355E-15, -1.000000000000000000, 0.000000000000000000 ) ) ;
#4624 = CARTESIAN_POINT ( 'NONE',  ( 0.6527771106706375948, 0.6290414132174785289, 0.7500000000000000000 ) ) ;
#4625 = CARTESIAN_POINT ( 'NONE',  ( 0.05068188628163305953, 0.7906349205184703965, 0.7600000000000000089 ) ) ;
#4626 = PRESENTATION_LAYER_ASSIGNMENT (  '', '', ( #9100 ) ) ;
#4627 =( LENGTH_UNIT ( ) NAMED_UNIT ( * ) SI_UNIT ( .MILLI., .METRE. ) );
#4628 = VERTEX_POINT ( 'NONE', #3927 ) ;
#4629 = CARTESIAN_POINT ( 'NONE',  ( 0.6527329004912759691, 0.7953158968843083709, 0.7600000000000000089 ) ) ;
#4630 = EDGE_LOOP ( 'NONE', ( #7526, #4879, #9448, #9294 ) ) ;
#4631 = CARTESIAN_POINT ( 'NONE',  ( 0.5000000000000026645, -0.7509999999999986686, -0.02000000000000000042 ) ) ;
#4632 = VERTEX_POINT ( 'NONE', #6967 ) ;
#4633 = LINE ( 'NONE', #2137, #9374 ) ;
#4634 = CARTESIAN_POINT ( 'NONE',  ( 0.8265452196975536792, 0.7265248581751615475, 0.7500000000000000000 ) ) ;
#4635 = CARTESIAN_POINT ( 'NONE',  ( 0.2793983264356283414, 0.6584466210769750472, 0.7600000000000000089 ) ) ;
#4636 = DIRECTION ( 'NONE',  ( 0.000000000000000000, 0.000000000000000000, -1.000000000000000000 ) ) ;
#4637 = SURFACE_SIDE_STYLE ('',( #1469 ) ) ;
#4638 = ORIENTED_EDGE ( 'NONE', *, *, #2782, .T. ) ;
#4639 = ORIENTED_EDGE ( 'NONE', *, *, #2451, .T. ) ;
#4640 = DIRECTION ( 'NONE',  ( -0.000000000000000000, 1.000000000000000000, -0.000000000000000000 ) ) ;
#4641 = EDGE_LOOP ( 'NONE', ( #8017, #7390, #2301, #4701 ) ) ;
#4642 = LINE ( 'NONE', #2927, #6850 ) ;
#4643 = ORIENTED_EDGE ( 'NONE', *, *, #8563, .F. ) ;
#4644 = DIRECTION ( 'NONE',  ( 0.000000000000000000, 1.000000000000000000, -0.000000000000000000 ) ) ;
#4645 = VERTEX_POINT ( 'NONE', #10201 ) ;
#4646 = FILL_AREA_STYLE_COLOUR ( '', #2748 ) ;
#4647 = AXIS2_PLACEMENT_3D ( 'NONE', #4971, #4198, #1815 ) ;
#4648 = DIRECTION ( 'NONE',  ( -0.000000000000000000, 1.000000000000000000, -0.000000000000000000 ) ) ;
#4649 = EDGE_CURVE ( 'NONE', #8197, #3475, #10147, .T. ) ;
#4650 = VERTEX_POINT ( 'NONE', #9367 ) ;
#4651 = LINE ( 'NONE', #589, #383 ) ;
#4652 = ORIENTED_EDGE ( 'NONE', *, *, #6635, .T. ) ;
#4653 = FACE_OUTER_BOUND ( 'NONE', #7800, .T. ) ;
#4654 = CARTESIAN_POINT ( 'NONE',  ( -0.8000000000000033751, 0.9999999999999976685, 0.7500000000000000000 ) ) ;
#4655 = ORIENTED_EDGE ( 'NONE', *, *, #2247, .T. ) ;
#4656 = AXIS2_PLACEMENT_3D ( 'NONE', #2138, #2821, #3654 ) ;
#4657 = CARTESIAN_POINT ( 'NONE',  ( 0.7256796960381769468, 0.6970808788818703139, 0.7600000000000000089 ) ) ;
#4658 = CARTESIAN_POINT ( 'NONE',  ( 0.5542989366830318732, 0.6655590211699972114, 0.7600000000000000089 ) ) ;
#4659 = CARTESIAN_POINT ( 'NONE',  ( -0.1500000000000026867, 0.7509999999999997788, 0.000000000000000000 ) ) ;
#4660 = CARTESIAN_POINT ( 'NONE',  ( 0.8477661056752422430, 0.7024745207341381859, 0.7600000000000000089 ) ) ;
#4661 = DIRECTION ( 'NONE',  ( 0.000000000000000000, 0.000000000000000000, 1.000000000000000000 ) ) ;
#4662 = EDGE_CURVE ( 'NONE', #6918, #6237, #61, .T. ) ;
#4663 =( GEOMETRIC_REPRESENTATION_CONTEXT ( 3 ) GLOBAL_UNCERTAINTY_ASSIGNED_CONTEXT ( ( #9570 ) ) GLOBAL_UNIT_ASSIGNED_CONTEXT ( ( #7729, #7893, #5387 ) ) REPRESENTATION_CONTEXT ( 'NONE', 'WORKASPACE' ) );
#4664 = ORIENTED_EDGE ( 'NONE', *, *, #2161, .T. ) ;
#4665 = DIRECTION ( 'NONE',  ( -0.000000000000000000, -0.000000000000000000, -1.000000000000000000 ) ) ;
#4666 = ORIENTED_EDGE ( 'NONE', *, *, #2320, .F. ) ;
#4667 = DIRECTION ( 'NONE',  ( 0.000000000000000000, -1.000000000000000000, 0.000000000000000000 ) ) ;
#4668 = ORIENTED_EDGE ( 'NONE', *, *, #4444, .F. ) ;
#4669 = EDGE_LOOP ( 'NONE', ( #4218, #1072, #2403, #6823 ) ) ;
#4670 = CARTESIAN_POINT ( 'NONE',  ( 0.6605802072850910367, 0.6411992124754916089, 0.7500000000000000000 ) ) ;
#4671 = CARTESIAN_POINT ( 'NONE',  ( 0.3814599626998216864, 0.6854991148470219731, 0.7500000000000000000 ) ) ;
#4672 = CARTESIAN_POINT ( 'NONE',  ( 0.2714055516484271124, 0.6768914967966971341, 0.7500000000000000000 ) ) ;
#4673 = DIRECTION ( 'NONE',  ( -0.3283461648125386989, 0.9445574604294315613, -0.000000000000000000 ) ) ;
#4674 = CARTESIAN_POINT ( 'NONE',  ( 0.04084461688617826297, 0.8256801480311426467, 0.7600000000000000089 ) ) ;
#4675 = DIRECTION ( 'NONE',  ( 0.000000000000000000, 1.000000000000000000, -0.000000000000000000 ) ) ;
#4676 = ORIENTED_EDGE ( 'NONE', *, *, #5188, .F. ) ;
#4677 = EDGE_CURVE ( 'NONE', #5144, #5624, #3978, .T. ) ;
#4678 = DIRECTION ( 'NONE',  ( -3.491481338843133355E-15, 1.000000000000000000, 0.000000000000000000 ) ) ;
#4679 = CARTESIAN_POINT ( 'NONE',  ( -0.6500000000000000222, -2.269462870248036681E-15, 0.1800000000000000211 ) ) ;
#4680 = VECTOR ( 'NONE', #4575, 1000.000000000000000 ) ;
#4681 = LINE ( 'NONE', #3851, #6253 ) ;
#4682 = EDGE_CURVE ( 'NONE', #2303, #9004, #10216, .T. ) ;
#4683 = CARTESIAN_POINT ( 'NONE',  ( 0.1318393206828460673, 0.6541427885982323831, 0.7500000000000000000 ) ) ;
#4684 = CARTESIAN_POINT ( 'NONE',  ( 0.7891434081630708253, 0.8817910072409395061, 0.7600000000000000089 ) ) ;
#4685 = CARTESIAN_POINT ( 'NONE',  ( 0.5825934513190621500, 0.8057494991562864639, 0.7500000000000000000 ) ) ;
#4686 = DIRECTION ( 'NONE',  ( -0.000000000000000000, 1.000000000000000000, -0.000000000000000000 ) ) ;
#4687 = CARTESIAN_POINT ( 'NONE',  ( 0.5000000000000034417, -1.000999999999998558, 0.1800000000000000211 ) ) ;
#4688 = ORIENTED_EDGE ( 'NONE', *, *, #8550, .T. ) ;
#4689 = UNCERTAINTY_MEASURE_WITH_UNIT (LENGTH_MEASURE( 1.000000000000000082E-05 ), #8276, 'distance_accuracy_value', 'NONE');
#4690 = PLANE ( 'NONE',  #4598 ) ;
#4691 = ORIENTED_EDGE ( 'NONE', *, *, #6700, .T. ) ;
#4692 = EDGE_CURVE ( 'NONE', #1338, #961, #3867, .T. ) ;
#4693 = ORIENTED_EDGE ( 'NONE', *, *, #2867, .T. ) ;
#4694 = CARTESIAN_POINT ( 'NONE',  ( 0.5889155069332399073, 0.7988969213929889568, 0.7600000000000000089 ) ) ;
#4695 = EDGE_CURVE ( 'NONE', #8346, #3412, #5568, .T. ) ;
#4696 = EDGE_LOOP ( 'NONE', ( #4948, #1691, #8416, #9531 ) ) ;
#4697 = CARTESIAN_POINT ( 'NONE',  ( 0.1447507360313918801, 0.6541427885982323831, 0.7500000000000000000 ) ) ;
#4698 = DIRECTION ( 'NONE',  ( -3.220430795721757247E-15, 1.000000000000000000, 0.000000000000000000 ) ) ;
#4699 = VECTOR ( 'NONE', #9749, 1000.000000000000000 ) ;
#4700 = LINE ( 'NONE', #7758, #7389 ) ;
#4701 = ORIENTED_EDGE ( 'NONE', *, *, #8341, .T. ) ;
#4702 = CARTESIAN_POINT ( 'NONE',  ( 0.2714055516484271124, 0.6768914967966971341, 0.7500000000000000000 ) ) ;
#4703 = ADVANCED_FACE ( 'NONE', ( #2356 ), #7810, .T. ) ;
#4704 = ORIENTED_EDGE ( 'NONE', *, *, #8042, .F. ) ;
#4705 = DIRECTION ( 'NONE',  ( -0.2524218971878413043, 0.9676172723861904412, -0.000000000000000000 ) ) ;
#4706 = VECTOR ( 'NONE', #2359, 1000.000000000000000 ) ;
#4707 = CARTESIAN_POINT ( 'NONE',  ( 0.5541718324179509825, 0.8060866017719795495, 0.7600000000000000089 ) ) ;
#4708 = DIRECTION ( 'NONE',  ( -0.000000000000000000, -0.000000000000000000, -1.000000000000000000 ) ) ;
#4709 = CARTESIAN_POINT ( 'NONE',  ( 0.3783858167467291089, 0.8133835700816628433, 0.7500000000000000000 ) ) ;
#4710 = PLANE ( 'NONE',  #1273 ) ;
#4711 = VECTOR ( 'NONE', #1008, 1000.000000000000000 ) ;
#4712 = ORIENTED_EDGE ( 'NONE', *, *, #8550, .F. ) ;
#4713 = CARTESIAN_POINT ( 'NONE',  ( 0.2892356075583163433, 0.6578318012680252069, 0.7500000000000000000 ) ) ;
#4714 = CARTESIAN_POINT ( 'NONE',  ( 0.5508726478010885774, 0.6655590211699972114, 0.7600000000000000089 ) ) ;
#4715 = EDGE_LOOP ( 'NONE', ( #7690, #8972, #198, #6310, #6147, #9741 ) ) ;
#4716 = DIRECTION ( 'NONE',  ( 0.000000000000000000, 1.000000000000000000, 0.000000000000000000 ) ) ;
#4717 = CIRCLE ( 'NONE', #9691, 0.1000000000000001582 ) ;
#4718 = CARTESIAN_POINT ( 'NONE',  ( 0.6240183891535026062, 0.6797504886669357704, 0.7500000000000000000 ) ) ;
#4719 = DIRECTION ( 'NONE',  ( -3.491481338843133355E-15, 1.000000000000000000, 0.000000000000000000 ) ) ;
#4720 = CARTESIAN_POINT ( 'NONE',  ( 0.5514915903089311344, 0.6566727751671871394, 0.7600000000000000089 ) ) ;
#4721 = EDGE_CURVE ( 'NONE', #463, #8056, #9831, .T. ) ;
#4722 = CARTESIAN_POINT ( 'NONE',  ( 0.8220799916069069235, 0.7953158968843083709, 0.7600000000000000089 ) ) ;
#4723 = DIRECTION ( 'NONE',  ( 1.000000000000000000, 3.491481338843133355E-15, 0.000000000000000000 ) ) ;
#4724 = FACE_OUTER_BOUND ( 'NONE', #7095, .T. ) ;
#4725 = ORIENTED_EDGE ( 'NONE', *, *, #1684, .F. ) ;
#4726 = VECTOR ( 'NONE', #1933, 1000.000000000000000 ) ;
#4727 = VECTOR ( 'NONE', #3924, 1000.000000000000000 ) ;
#4728 = CARTESIAN_POINT ( 'NONE',  ( 0.5443737514706356029, 0.8129115481736538529, 0.7600000000000000089 ) ) ;
#4729 = CARTESIAN_POINT ( 'NONE',  ( 0.7256796960381816097, 0.7069839590044382227, 0.7600000000000000089 ) ) ;
#4730 = VERTEX_POINT ( 'NONE', #222 ) ;
#4731 = DIRECTION ( 'NONE',  ( -0.000000000000000000, 1.000000000000000000, -0.000000000000000000 ) ) ;
#4732 = STYLED_ITEM ( 'NONE', ( #9431 ), #3281 ) ;
#4733 = CARTESIAN_POINT ( 'NONE',  ( 0.5707009131360528675, 0.6831988826384144398, 0.7600000000000000089 ) ) ;
#4734 = LINE ( 'NONE', #9405, #8798 ) ;
#4735 = EDGE_CURVE ( 'NONE', #7898, #8793, #7271, .T. ) ;
#4736 = B_SPLINE_CURVE_WITH_KNOTS ( 'NONE', 3,
 ( #2824, #6657, #9829, #9982 ),
 .UNSPECIFIED., .F., .F.,
 ( 4, 4 ),
 ( 3.000000000000000000, 4.000000000000000000 ),
 .UNSPECIFIED. ) ;
#4737 = CARTESIAN_POINT ( 'NONE',  ( 0.5962101864878148749, 0.6602980098549425803, 0.7600000000000000089 ) ) ;
#4738 = DIRECTION ( 'NONE',  ( 2.382169989985495348E-14, -1.000000000000000000, -0.000000000000000000 ) ) ;
#4739 = FILL_AREA_STYLE ('',( #5659 ) ) ;
#4740 = ORIENTED_EDGE ( 'NONE', *, *, #7273, .F. ) ;
#4741 = CARTESIAN_POINT ( 'NONE',  ( 0.6074395719839118524, 0.7041987177201679549, 0.7500000000000000000 ) ) ;
#4742 = PRESENTATION_LAYER_ASSIGNMENT (  '', '', ( #2090 ) ) ;
#4743 = EDGE_CURVE ( 'NONE', #6777, #4183, #2157, .T. ) ;
#4744 = VECTOR ( 'NONE', #1708, 1000.000000000000000 ) ;
#4745 = CARTESIAN_POINT ( 'NONE',  ( 0.5588967953114677423, 0.8731700223125384852, 0.7600000000000000089 ) ) ;
#4746 = ORIENTED_EDGE ( 'NONE', *, *, #3172, .F. ) ;
#4747 = DIRECTION ( 'NONE',  ( 1.000000000000000000, 3.491481338843133750E-15, -0.000000000000000000 ) ) ;
#4748 = EDGE_LOOP ( 'NONE', ( #2737, #2120, #8146, #3784 ) ) ;
#4749 = DIRECTION ( 'NONE',  ( -0.000000000000000000, -0.000000000000000000, -1.000000000000000000 ) ) ;
#4750 = EDGE_CURVE ( 'NONE', #7233, #4046, #9735, .T. ) ;
#4751 = VERTEX_POINT ( 'NONE', #8031 ) ;
#4752 = LINE ( 'NONE', #69, #1904 ) ;
#4753 = DIRECTION ( 'NONE',  ( -0.000000000000000000, 1.000000000000000000, -0.000000000000000000 ) ) ;
#4754 = CARTESIAN_POINT ( 'NONE',  ( 0.5171181760438913200, 0.7069839590044362243, 0.7500000000000000000 ) ) ;
#4755 = ORIENTED_EDGE ( 'NONE', *, *, #2451, .F. ) ;
#4756 = VECTOR ( 'NONE', #1429, 1000.000000000000000 ) ;
#4757 = ORIENTED_EDGE ( 'NONE', *, *, #9637, .T. ) ;
#4758 = SURFACE_STYLE_USAGE ( .BOTH. , #3146 ) ;
#4759 = CARTESIAN_POINT ( 'NONE',  ( 0.7256796960381816097, 0.7069839590044382227, 0.7600000000000000089 ) ) ;
#4760 = FACE_OUTER_BOUND ( 'NONE', #7331, .T. ) ;
#4761 = CARTESIAN_POINT ( 'NONE',  ( 0.6318656959473176737, 0.6878851616249908041, 0.7500000000000000000 ) ) ;
#4762 = SURFACE_SIDE_STYLE ('',( #2993 ) ) ;
#4763 = VECTOR ( 'NONE', #424, 1000.000000000000000 ) ;
#4764 = DIRECTION ( 'NONE',  ( -1.000000000000000000, -3.491481338843133355E-15, 0.000000000000000000 ) ) ;
#4765 = ADVANCED_FACE ( 'NONE', ( #8799 ), #8852, .F. ) ;
#4766 = ORIENTED_EDGE ( 'NONE', *, *, #6700, .F. ) ;
#4767 = CARTESIAN_POINT ( 'NONE',  ( 0.5195718409848524288, 0.7346595311332124734, 0.7600000000000000089 ) ) ;
#4768 = CARTESIAN_POINT ( 'NONE',  ( 0.2714055516484271124, 0.6768914967966971341, 0.7600000000000000089 ) ) ;
#4769 = ADVANCED_FACE ( 'NONE', ( #3512 ), #2379, .F. ) ;
#4770 = ORIENTED_EDGE ( 'NONE', *, *, #8293, .F. ) ;
#4771 = VECTOR ( 'NONE', #8418, 1000.000000000000114 ) ;
#4772 = ORIENTED_EDGE ( 'NONE', *, *, #7760, .F. ) ;
#4773 = ORIENTED_EDGE ( 'NONE', *, *, #247, .T. ) ;
#4774 = PLANE ( 'NONE',  #495 ) ;
#4775 = CARTESIAN_POINT ( 'NONE',  ( -0.9999999999999965583, -1.000000000000003109, 0.7500000000000000000 ) ) ;
#4776 = DIRECTION ( 'NONE',  ( -0.000000000000000000, -0.000000000000000000, -1.000000000000000000 ) ) ;
#4777 = CARTESIAN_POINT ( 'NONE',  ( 0.1447507477583269697, 0.8090797962370152030, 0.7600000000000000089 ) ) ;
#4778 = CARTESIAN_POINT ( 'NONE',  ( -0.1500000000000035749, 1.000999999999999890, 0.1800000000000000211 ) ) ;
#4779 = B_SPLINE_CURVE_WITH_KNOTS ( 'NONE', 3,
 ( #3225, #889, #5751, #1661 ),
 .UNSPECIFIED., .F., .F.,
 ( 4, 4 ),
 ( 0.000000000000000000, 1.000000000000000000 ),
 .UNSPECIFIED. ) ;
#4780 = CARTESIAN_POINT ( 'NONE',  ( 0.6203268391971467066, 0.6931461729400500982, 0.7600000000000000089 ) ) ;
#4781 = ORIENTED_EDGE ( 'NONE', *, *, #8036, .F. ) ;
#4782 = CARTESIAN_POINT ( 'NONE',  ( 0.7773613954283229432, 0.6581317110782219926, 0.7500000000000000000 ) ) ;
#4783 = ADVANCED_FACE ( 'NONE', ( #4908 ), #2575, .F. ) ;
#4784 = CARTESIAN_POINT ( 'NONE',  ( 0.6690685616759852739, 0.8817910072409375077, 0.7500000000000000000 ) ) ;
#4785 = VECTOR ( 'NONE', #4147, 1000.000000000000000 ) ;
#4786 = SURFACE_STYLE_USAGE ( .BOTH. , #1720 ) ;
#4787 = CARTESIAN_POINT ( 'NONE',  ( 0.8913573422864004003, 0.7335542766547332727, 0.7500000000000000000 ) ) ;
#4788 = PRESENTATION_STYLE_ASSIGNMENT (( #840 ) ) ;
#4789 = CARTESIAN_POINT ( 'NONE',  ( 0.6519371172671560855, 0.6383255508324964245, 0.7600000000000000089 ) ) ;
#4790 = CARTESIAN_POINT ( 'NONE',  ( 0.1500000000000017986, -0.4999999999999992784, -0.02000000000000000042 ) ) ;
#4791 = ORIENTED_EDGE ( 'NONE', *, *, #4794, .F. ) ;
#4792 = DIRECTION ( 'NONE',  ( 0.000000000000000000, 0.000000000000000000, -1.000000000000000000 ) ) ;
#4793 = B_SPLINE_SURFACE_WITH_KNOTS ( 'NONE', 3, 1, ( 
 ( #7067, #2397 ),
 ( #2460, #8789 ),
 ( #4745, #7161 ),
 ( #10244, #63 ) ),
 .UNSPECIFIED., .F., .F., .F.,
 ( 4, 4 ),
 ( 2, 2 ),
 ( 8.000000000000000000, 9.000000000000000000 ),
 ( 0.000000000000000000, 1.000000000000000000 ),
 .UNSPECIFIED. ) ;
#4794 = EDGE_CURVE ( 'NONE', #360, #5857, #5820, .T. ) ;
#4795 = CARTESIAN_POINT ( 'NONE',  ( 0.6173868622858413868, 0.8441681448105246011, 0.7500000000000000000 ) ) ;
#4796 = VERTEX_POINT ( 'NONE', #7427 ) ;
#4797 = CARTESIAN_POINT ( 'NONE',  ( 0.5428927104703610285, 0.6755505216507020627, 0.7500000000000000000 ) ) ;
#4798 = EDGE_LOOP ( 'NONE', ( #396, #301, #689, #7775 ) ) ;
#4799 = CARTESIAN_POINT ( 'NONE',  ( 0.7823792507579132582, 0.8681300618934142399, 0.7500000000000000000 ) ) ;
#4800 = LINE ( 'NONE', #7972, #2501 ) ;
#4801 = EDGE_CURVE ( 'NONE', #705, #7898, #3310, .T. ) ;
#4802 = DIRECTION ( 'NONE',  ( -1.000000000000000000, -0.000000000000000000, -0.000000000000000000 ) ) ;
#4803 = FILL_AREA_STYLE ('',( #4132 ) ) ;
#4804 = UNCERTAINTY_MEASURE_WITH_UNIT (LENGTH_MEASURE( 1.000000000000000082E-05 ), #1710, 'distance_accuracy_value', 'NONE');
#4805 = EDGE_CURVE ( 'NONE', #8786, #3488, #7342, .T. ) ;
#4806 = VERTEX_POINT ( 'NONE', #7315 ) ;
#4807 = LINE ( 'NONE', #3256, #4543 ) ;
#4808 = VERTEX_POINT ( 'NONE', #1119 ) ;
#4809 = CARTESIAN_POINT ( 'NONE',  ( 0.7999999999999973799, 0.7510000000000032205, 0.1800000000000000211 ) ) ;
#4810 = EDGE_LOOP ( 'NONE', ( #8967, #2850, #4844, #1536, #132 ) ) ;
#4811 = EDGE_CURVE ( 'NONE', #3213, #6521, #4291, .T. ) ;
#4812 = DIRECTION ( 'NONE',  ( 0.000000000000000000, 0.000000000000000000, -1.000000000000000000 ) ) ;
#4813 = CARTESIAN_POINT ( 'NONE',  ( 0.8329556956701639203, 0.6829778317430701406, 0.7600000000000000089 ) ) ;
#4814 = CARTESIAN_POINT ( 'NONE',  ( 0.7999999999999999334, 2.793185071074506684E-15, 0.000000000000000000 ) ) ;
#4815 = CARTESIAN_POINT ( 'NONE',  ( 0.3101397859677155755, 0.8730219974690239804, 0.7500000000000000000 ) ) ;
#4816 = ORIENTED_EDGE ( 'NONE', *, *, #1821, .F. ) ;
#4817 =( LENGTH_UNIT ( ) NAMED_UNIT ( * ) SI_UNIT ( .MILLI., .METRE. ) );
#4818 = LINE ( 'NONE', #8814, #9173 ) ;
#4819 = VECTOR ( 'NONE', #2239, 1000.000000000000000 ) ;
#4820 = ORIENTED_EDGE ( 'NONE', *, *, #3308, .F. ) ;
#4821 = VERTEX_POINT ( 'NONE', #5775 ) ;
#4822 = CARTESIAN_POINT ( 'NONE',  ( 0.7264312690829315411, 0.8703405708492010229, 0.7600000000000000089 ) ) ;
#4823 = CARTESIAN_POINT ( 'NONE',  ( 0.04084461688617826297, 0.8256801480311426467, 0.7600000000000000089 ) ) ;
#4824 = VERTEX_POINT ( 'NONE', #1847 ) ;
#4825 = EDGE_CURVE ( 'NONE', #8354, #4566, #5007, .T. ) ;
#4826 = CARTESIAN_POINT ( 'NONE',  ( 0.5460316331877688167, 0.6683442624542664801, 0.7500000000000000000 ) ) ;
#4827 = CARTESIAN_POINT ( 'NONE',  ( 0.5993491092052226632, 0.6934556441941168714, 0.7500000000000000000 ) ) ;
#4828 = EDGE_CURVE ( 'NONE', #4187, #6062, #8444, .T. ) ;
#4829 = DIRECTION ( 'NONE',  ( 0.000000000000000000, 1.000000000000000000, -0.000000000000000000 ) ) ;
#4830 = CARTESIAN_POINT ( 'NONE',  ( 0.6507655475206604034, 0.8817910072409375077, 0.7500000000000000000 ) ) ;
#4831 = CARTESIAN_POINT ( 'NONE',  ( 0.5707009131360528675, 0.6831988826384144398, 0.7600000000000000089 ) ) ;
#4832 = ORIENTED_EDGE ( 'NONE', *, *, #6515, .T. ) ;
#4833 = FACE_OUTER_BOUND ( 'NONE', #3832, .T. ) ;
#4834 = CARTESIAN_POINT ( 'NONE',  ( 0.6135626817919864751, 0.7213080570391718904, 0.7600000000000000089 ) ) ;
#4835 = ORIENTED_EDGE ( 'NONE', *, *, #3234, .F. ) ;
#4836 = CARTESIAN_POINT ( 'NONE',  ( 0.1447507360313918801, 0.7020994842309644657, 0.7500000000000000000 ) ) ;
#4837 = VECTOR ( 'NONE', #2376, 1000.000000000000000 ) ;
#4838 = FILL_AREA_STYLE ('',( #2554 ) ) ;
#4839 = FACE_OUTER_BOUND ( 'NONE', #7601, .T. ) ;
#4840 = FILL_AREA_STYLE_COLOUR ( '', #7874 ) ;
#4841 = CARTESIAN_POINT ( 'NONE',  ( 0.2929245733206523594, 0.7303816527997251118, 0.7500000000000000000 ) ) ;
#4842 = CARTESIAN_POINT ( 'NONE',  ( 0.6519371172671560855, 0.6383255508324964245, 0.7500000000000000000 ) ) ;
#4843 = ORIENTED_EDGE ( 'NONE', *, *, #1643, .T. ) ;
#4844 = ORIENTED_EDGE ( 'NONE', *, *, #6051, .F. ) ;
#4845 = CARTESIAN_POINT ( 'NONE',  ( 0.5389137943494727301, 0.8571217272923619124, 0.7500000000000000000 ) ) ;
#4846 =( NAMED_UNIT ( * ) PLANE_ANGLE_UNIT ( ) SI_UNIT ( $, .RADIAN. ) );
#4847 = ORIENTED_EDGE ( 'NONE', *, *, #5882, .F. ) ;
#4848 = CARTESIAN_POINT ( 'NONE',  ( 0.5407485167828816053, 0.6583085517944956555, 0.7600000000000000089 ) ) ;
#4849 = EDGE_LOOP ( 'NONE', ( #2698, #1040, #3772, #9723 ) ) ;
#4850 = FACE_OUTER_BOUND ( 'NONE', #7126, .T. ) ;
#4851 = CARTESIAN_POINT ( 'NONE',  ( 0.6932957398326979881, 0.8718437169393019603, 0.7600000000000000089 ) ) ;
#4852 = VECTOR ( 'NONE', #3638, 1000.000000000000000 ) ;
#4853 = FACE_OUTER_BOUND ( 'NONE', #8867, .T. ) ;
#4854 = EDGE_CURVE ( 'NONE', #446, #3718, #3659, .T. ) ;
#4855 = CARTESIAN_POINT ( 'NONE',  ( 0.5206328852839724464, 0.7953158968843062615, 0.7500000000000000000 ) ) ;
#4856 = ORIENTED_EDGE ( 'NONE', *, *, #2485, .F. ) ;
#4857 = B_SPLINE_CURVE_WITH_KNOTS ( 'NONE', 3,
 ( #6117, #3799, #6950, #3013 ),
 .UNSPECIFIED., .F., .F.,
 ( 4, 4 ),
 ( 4.000000000000000000, 5.000000000000000000 ),
 .UNSPECIFIED. ) ;
#4858 = FILL_AREA_STYLE_COLOUR ( '', #7329 ) ;
#4859 = EDGE_LOOP ( 'NONE', ( #4089, #10011, #2758, #985 ) ) ;
#4860 = PLANE ( 'NONE',  #8792 ) ;
#4861 = CARTESIAN_POINT ( 'NONE',  ( 0.5649756949401822936, 0.7938569609732751831, 0.7500000000000000000 ) ) ;
#4862 = EDGE_CURVE ( 'NONE', #5624, #1962, #7863, .T. ) ;
#4863 = DIRECTION ( 'NONE',  ( -0.000000000000000000, -0.000000000000000000, -1.000000000000000000 ) ) ;
#4864 = APPLICATION_PROTOCOL_DEFINITION ( 'draft international standard', 'automotive_design', 1998, #6352 ) ;
#4865 = CARTESIAN_POINT ( 'NONE',  ( 0.5215391939557646461, 0.6679905810217201534, 0.7600000000000000089 ) ) ;
#4866 = ORIENTED_EDGE ( 'NONE', *, *, #4303, .F. ) ;
#4867 = SURFACE_STYLE_USAGE ( .BOTH. , #2589 ) ;
#4868 = EDGE_CURVE ( 'NONE', #6062, #4605, #574, .T. ) ;
#4869 = LINE ( 'NONE', #9601, #9838 ) ;
#4870 = ORIENTED_EDGE ( 'NONE', *, *, #9498, .T. ) ;
#4871 = CARTESIAN_POINT ( 'NONE',  ( 0.6058480055356751937, 0.6880177921621973836, 0.7600000000000000089 ) ) ;
#4872 = LINE ( 'NONE', #5533, #6599 ) ;
#4873 = EDGE_LOOP ( 'NONE', ( #879, #3417, #915, #5332 ) ) ;
#4874 = EDGE_CURVE ( 'NONE', #4730, #9312, #1321, .T. ) ;
#4875 = DIRECTION ( 'NONE',  ( -0.000000000000000000, -0.000000000000000000, -1.000000000000000000 ) ) ;
#4876 = CARTESIAN_POINT ( 'NONE',  ( 0.2271378452316094032, 0.8681033657031786976, 0.7600000000000000089 ) ) ;
#4877 = B_SPLINE_SURFACE_WITH_KNOTS ( 'NONE', 3, 1, ( 
 ( #79, #6457 ),
 ( #2530, #9595 ),
 ( #1943, #5576 ),
 ( #8283, #4861 ) ),
 .UNSPECIFIED., .F., .F., .F.,
 ( 4, 4 ),
 ( 2, 2 ),
 ( 1.000000000000000000, 2.000000000000000000 ),
 ( 0.000000000000000000, 1.000000000000000000 ),
 .UNSPECIFIED. ) ;
#4878 = CARTESIAN_POINT ( 'NONE',  ( 0.6527771106706375948, 0.6290414132174785289, 0.7500000000000000000 ) ) ;
#4879 = ORIENTED_EDGE ( 'NONE', *, *, #5493, .F. ) ;
#4880 = DIRECTION ( 'NONE',  ( 1.000000000000000000, 0.000000000000000000, -0.000000000000000000 ) ) ;
#4881 = EDGE_CURVE ( 'NONE', #6027, #7742, #6809, .T. ) ;
#4882 = VECTOR ( 'NONE', #6449, 1000.000000000000114 ) ;
#4883 = FACE_BOUND ( 'NONE', #4963, .T. ) ;
#4884 = ORIENTED_EDGE ( 'NONE', *, *, #4560, .F. ) ;
#4885 = B_SPLINE_CURVE_WITH_KNOTS ( 'NONE', 3,
 ( #1058, #1786, #9724, #159 ),
 .UNSPECIFIED., .F., .F.,
 ( 4, 4 ),
 ( 1.000000000000000000, 2.000000000000000000 ),
 .UNSPECIFIED. ) ;
#4886 = LINE ( 'NONE', #4111, #1805 ) ;
#4887 = CARTESIAN_POINT ( 'NONE',  ( -0.5000000000000026645, 0.7509999999999986686, 0.000000000000000000 ) ) ;
#4888 = CARTESIAN_POINT ( 'NONE',  ( 0.1447507477583269697, 0.8090797962370152030, 0.7600000000000000089 ) ) ;
#4889 = CARTESIAN_POINT ( 'NONE',  ( 0.3660892329340721951, 0.7432930446946898195, 0.7500000000000000000 ) ) ;
#4890 = DIRECTION ( 'NONE',  ( 3.491481338843133355E-15, -1.000000000000000000, 0.000000000000000000 ) ) ;
#4891 = VECTOR ( 'NONE', #2813, 1000.000000000000000 ) ;
#4892 = VECTOR ( 'NONE', #7167, 1000.000000000000000 ) ;
#4893 = EDGE_LOOP ( 'NONE', ( #9832, #8698, #5893, #5612, #1495, #6425, #7804 ) ) ;
#4894 = CARTESIAN_POINT ( 'NONE',  ( 0.3255105157337611632, 0.6578318012680252069, 0.7600000000000000089 ) ) ;
#4895 = ADVANCED_FACE ( 'NONE', ( #7478 ), #5957, .F. ) ;
#4896 = CARTESIAN_POINT ( 'NONE',  ( 0.1447507360313918801, 0.7020994842309644657, 0.7500000000000000000 ) ) ;
#4897 = VECTOR ( 'NONE', #248, 1000.000000000000000 ) ;
#4898 = STYLED_ITEM ( 'NONE', ( #5295 ), #1377 ) ;
#4899 = ORIENTED_EDGE ( 'NONE', *, *, #9874, .F. ) ;
#4900 = FACE_OUTER_BOUND ( 'NONE', #387, .T. ) ;
#4901 = ORIENTED_EDGE ( 'NONE', *, *, #8501, .F. ) ;
#4902 = CARTESIAN_POINT ( 'NONE',  ( 0.4750300855225385588, 0.8817910072409375077, 0.7600000000000000089 ) ) ;
#4903 = CARTESIAN_POINT ( 'NONE',  ( 0.7256796960381816097, 0.7346595311332154710, 0.7600000000000000089 ) ) ;
#4904 = DIRECTION ( 'NONE',  ( -0.000000000000000000, -0.000000000000000000, -1.000000000000000000 ) ) ;
#4905 = FACE_OUTER_BOUND ( 'NONE', #6111, .T. ) ;
#4906 = VECTOR ( 'NONE', #4077, 1000.000000000000000 ) ;
#4907 = VECTOR ( 'NONE', #2449, 1000.000000000000000 ) ;
#4908 = FACE_OUTER_BOUND ( 'NONE', #8664, .T. ) ;
#4909 = ORIENTED_EDGE ( 'NONE', *, *, #1849, .F. ) ;
#4910 = EDGE_CURVE ( 'NONE', #10267, #5217, #9110, .T. ) ;
#4911 = CARTESIAN_POINT ( 'NONE',  ( 0.7684530443353877471, 0.8287387922984869038, 0.7600000000000000089 ) ) ;
#4912 = ORIENTED_EDGE ( 'NONE', *, *, #5558, .F. ) ;
#4913 = CARTESIAN_POINT ( 'NONE',  ( 0.7277354693672223318, 0.8393492352867428785, 0.7600000000000000089 ) ) ;
#4914 = ORIENTED_EDGE ( 'NONE', *, *, #4473, .T. ) ;
#4915 = DIRECTION ( 'NONE',  ( 0.000000000000000000, 0.000000000000000000, 1.000000000000000000 ) ) ;
#4916 = LINE ( 'NONE', #7386, #41 ) ;
#4917 = DIRECTION ( 'NONE',  ( -0.000000000000000000, -0.000000000000000000, -1.000000000000000000 ) ) ;
#4918 = VECTOR ( 'NONE', #5463, 1000.000000000000000 ) ;
#4919 = ORIENTED_EDGE ( 'NONE', *, *, #9052, .F. ) ;
#4920 = CARTESIAN_POINT ( 'NONE',  ( 0.5206328852839724464, 0.8051747668278049774, 0.7600000000000000089 ) ) ;
#4921 = EDGE_CURVE ( 'NONE', #4223, #9892, #1994, .T. ) ;
#4922 = FACE_OUTER_BOUND ( 'NONE', #7365, .T. ) ;
#4923 = ORIENTED_EDGE ( 'NONE', *, *, #2616, .T. ) ;
#4924 = ORIENTED_EDGE ( 'NONE', *, *, #7711, .F. ) ;
#4925 = FACE_OUTER_BOUND ( 'NONE', #3106, .T. ) ;
#4926 = LINE ( 'NONE', #1602, #5274 ) ;
#4927 = EDGE_LOOP ( 'NONE', ( #1003, #8662, #6155, #2816 ) ) ;
#4928 = VECTOR ( 'NONE', #9343, 1000.000000000000000 ) ;
#4929 = CARTESIAN_POINT ( 'NONE',  ( 0.6129216341946075453, 0.7117586583491514185, 0.7600000000000000089 ) ) ;
#4930 = EDGE_CURVE ( 'NONE', #6399, #3593, #8339, .T. ) ;
#4931 = CARTESIAN_POINT ( 'NONE',  ( 0.7590583812727024204, 0.7346595311332154710, 0.7600000000000000089 ) ) ;
#4932 = DIRECTION ( 'NONE',  ( -1.000000000000000000, 0.000000000000000000, 0.000000000000000000 ) ) ;
#4933 = VECTOR ( 'NONE', #8350, 1000.000000000000000 ) ;
#4934 = EDGE_CURVE ( 'NONE', #5518, #7967, #2925, .T. ) ;
#4935 = CARTESIAN_POINT ( 'NONE',  ( 0.1884036109120243718, 0.8681033657031786976, 0.7500000000000000000 ) ) ;
#4936 = EDGE_LOOP ( 'NONE', ( #8646, #7610, #9388, #9710 ) ) ;
#4937 = LINE ( 'NONE', #8729, #4297 ) ;
#4938 =( LENGTH_UNIT ( ) NAMED_UNIT ( * ) SI_UNIT ( .MILLI., .METRE. ) );
#4939 = CARTESIAN_POINT ( 'NONE',  ( 0.7844129189974262673, 0.8646816679219360147, 0.7500000000000000000 ) ) ;
#4940 = CARTESIAN_POINT ( 'NONE',  ( 0.03777045334268263471, 0.6885732608001106092, 0.7600000000000000089 ) ) ;
#4941 = DIRECTION ( 'NONE',  ( -1.000000000000000000, -0.000000000000000000, -0.000000000000000000 ) ) ;
#4942 = MECHANICAL_DESIGN_GEOMETRIC_PRESENTATION_REPRESENTATION (  '', ( #798 ), #461 ) ;
#4943 = DIRECTION ( 'NONE',  ( 0.3493954794972937150, -0.9369753459439881249, -0.000000000000000000 ) ) ;
#4944 = ORIENTED_EDGE ( 'NONE', *, *, #3110, .T. ) ;
#4945 = CARTESIAN_POINT ( 'NONE',  ( 0.5215391939557646461, 0.6581317110782198831, 0.7600000000000000089 ) ) ;
#4946 = CARTESIAN_POINT ( 'NONE',  ( 0.8918436542561568592, 0.7306806150123267285, 0.7500000000000000000 ) ) ;
#4947 = VECTOR ( 'NONE', #3996, 1000.000000000000000 ) ;
#4948 = ORIENTED_EDGE ( 'NONE', *, *, #3893, .F. ) ;
#4949 = CARTESIAN_POINT ( 'NONE',  ( 0.6349604084856546038, 0.7185670259333802878, 0.7600000000000000089 ) ) ;
#4950 = ORIENTED_EDGE ( 'NONE', *, *, #1906, .F. ) ;
#4951 = CARTESIAN_POINT ( 'NONE',  ( 0.6483118825793947604, 0.8342650646879571363, 0.7600000000000000089 ) ) ;
#4952 = LINE ( 'NONE', #6551, #5968 ) ;
#4953 = CARTESIAN_POINT ( 'NONE',  ( 0.8260368026382639561, 0.6621548373775935081, 0.7600000000000000089 ) ) ;
#4954 = EDGE_CURVE ( 'NONE', #3077, #1814, #7730, .T. ) ;
#4955 = CARTESIAN_POINT ( 'NONE',  ( 0.6457919023698426297, 0.6395634358481884219, 0.7500000000000000000 ) ) ;
#4956 = EDGE_CURVE ( 'NONE', #3766, #8420, #3709, .T. ) ;
#4957 = DIRECTION ( 'NONE',  ( 3.491481338843133355E-15, -1.000000000000000000, 0.000000000000000000 ) ) ;
#4958 = VERTEX_POINT ( 'NONE', #4445 ) ;
#4959 = CARTESIAN_POINT ( 'NONE',  ( 0.5815324070202413376, 0.6978766621056951003, 0.7500000000000000000 ) ) ;
#4960 = VERTEX_POINT ( 'NONE', #6857 ) ;
#4961 = VERTEX_POINT ( 'NONE', #5869 ) ;
#4962 = CARTESIAN_POINT ( 'NONE',  ( 0.2929245498667782388, 0.6953363725158325792, 0.7500000000000000000 ) ) ;
#4963 = EDGE_LOOP ( 'NONE', ( #4321, #1391, #3833, #9872, #4643, #9228, #4919, #358, #7177, #188, #1037, #3025, #1090, #4704 ) ) ;
#4964 = CARTESIAN_POINT ( 'NONE',  ( 0.6203268391971467066, 0.7213080570391718904, 0.7600000000000000089 ) ) ;
#4965 = EDGE_CURVE ( 'NONE', #7214, #8445, #2098, .T. ) ;
#4966 = ORIENTED_EDGE ( 'NONE', *, *, #5404, .T. ) ;
#4967 = CARTESIAN_POINT ( 'NONE',  ( 0.6527771106706375948, 0.6290414132174785289, 0.7500000000000000000 ) ) ;
#4968 = ORIENTED_EDGE ( 'NONE', *, *, #4560, .T. ) ;
#4969 = EDGE_LOOP ( 'NONE', ( #2457, #2264, #7, #10256, #3591, #4148, #6039 ) ) ;
#4970 = ORIENTED_EDGE ( 'NONE', *, *, #356, .T. ) ;
#4971 = CARTESIAN_POINT ( 'NONE',  ( 0.8767458780877206426, 0.6915546064918139946, 0.7600000000000000089 ) ) ;
#4972 = SURFACE_SIDE_STYLE ('',( #4409 ) ) ;
#4973 = ORIENTED_EDGE ( 'NONE', *, *, #3716, .F. ) ;
#4974 = CARTESIAN_POINT ( 'NONE',  ( 0.4750300855225406127, 0.6581317110782198831, 0.7600000000000000089 ) ) ;
#4975 = CARTESIAN_POINT ( 'NONE',  ( 1.000000000000003553, -0.9999999999999961142, 0.7500000000000000000 ) ) ;
#4976 =( NAMED_UNIT ( * ) PLANE_ANGLE_UNIT ( ) SI_UNIT ( $, .RADIAN. ) );
#4977 = CARTESIAN_POINT ( 'NONE',  ( 0.6113963830152694401, 0.6970366687028025643, 0.7500000000000000000 ) ) ;
#4978 = ADVANCED_FACE ( 'NONE', ( #2047 ), #9055, .F. ) ;
#4979 = ORIENTED_EDGE ( 'NONE', *, *, #8865, .T. ) ;
#4980 = AXIS2_PLACEMENT_3D ( 'NONE', #754, #7320, #8086 ) ;
#4981 = DIRECTION ( 'NONE',  ( -1.000000000000000000, 0.000000000000000000, -0.000000000000000000 ) ) ;
#4982 = FACE_OUTER_BOUND ( 'NONE', #19, .T. ) ;
#4983 = ORIENTED_EDGE ( 'NONE', *, *, #5810, .F. ) ;
#4984 = CARTESIAN_POINT ( 'NONE',  ( 0.2714055516484255581, 0.8681033657031786976, 0.7600000000000000089 ) ) ;
#4985 = SURFACE_STYLE_FILL_AREA ( #3960 ) ;
#4986 = DIRECTION ( 'NONE',  ( -0.000000000000000000, -0.000000000000000000, -1.000000000000000000 ) ) ;
#4987 = CARTESIAN_POINT ( 'NONE',  ( -0.7081802701769344122, -0.7148992480723534992, 0.7500000000000000000 ) ) ;
#4988 = VECTOR ( 'NONE', #2304, 1000.000000000000000 ) ;
#4989 = CARTESIAN_POINT ( 'NONE',  ( 0.4861931557500361323, 0.7069839590044362243, 0.7500000000000000000 ) ) ;
#4990 = FILL_AREA_STYLE ('',( #7463 ) ) ;
#4991 = EDGE_CURVE ( 'NONE', #5660, #300, #8728, .T. ) ;
#4992 = ORIENTED_EDGE ( 'NONE', *, *, #4965, .F. ) ;
#4993 = LINE ( 'NONE', #8171, #2934 ) ;
#4994 = LINE ( 'NONE', #1729, #3114 ) ;
#4995 = VECTOR ( 'NONE', #10003, 1000.000000000000000 ) ;
#4996 = EDGE_CURVE ( 'NONE', #3064, #2583, #8394, .T. ) ;
#4997 = VERTEX_POINT ( 'NONE', #10138 ) ;
#4998 = FACE_OUTER_BOUND ( 'NONE', #6205, .T. ) ;
#4999 = VERTEX_POINT ( 'NONE', #3129 ) ;
#5000 = PLANE ( 'NONE',  #9065 ) ;
#5001 = DIRECTION ( 'NONE',  ( -3.252606517456508174E-15, 1.000000000000000000, 0.000000000000000000 ) ) ;
#5002 =( NAMED_UNIT ( * ) PLANE_ANGLE_UNIT ( ) SI_UNIT ( $, .RADIAN. ) );
#5003 = CARTESIAN_POINT ( 'NONE',  ( 0.5815324070202413376, 0.7135270655142534890, 0.7600000000000000089 ) ) ;
#5004 = VERTEX_POINT ( 'NONE', #795 ) ;
#5005 = CARTESIAN_POINT ( 'NONE',  ( 0.4042086474444112065, 0.7439078879575150571, 0.7600000000000000089 ) ) ;
#5006 = VECTOR ( 'NONE', #3507, 1000.000000000000000 ) ;
#5007 = LINE ( 'NONE', #8184, #3097 ) ;
#5008 = ORIENTED_EDGE ( 'NONE', *, *, #1992, .T. ) ;
#5009 = EDGE_CURVE ( 'NONE', #4645, #5250, #8374, .T. ) ;
#5010 = EDGE_CURVE ( 'NONE', #3438, #9899, #7005, .T. ) ;
#5011 = SURFACE_STYLE_USAGE ( .BOTH. , #9160 ) ;
#5012 = ORIENTED_EDGE ( 'NONE', *, *, #6420, .F. ) ;
#5013 = CARTESIAN_POINT ( 'NONE',  ( 0.5555810318774906387, 0.8832499431519701405, 0.7600000000000000089 ) ) ;
#5014 = ORIENTED_EDGE ( 'NONE', *, *, #4257, .T. ) ;
#5015 = CARTESIAN_POINT ( 'NONE',  ( -0.4999999999999972800, -0.7510000000000021103, 0.1800000000000000211 ) ) ;
#5016 = VECTOR ( 'NONE', #1807, 1000.000000000000000 ) ;
#5017 = ORIENTED_EDGE ( 'NONE', *, *, #2049, .T. ) ;
#5018 = CARTESIAN_POINT ( 'NONE',  ( 0.7823792507579132582, 0.8681300618934142399, 0.7500000000000000000 ) ) ;
#5019 = ADVANCED_FACE ( 'NONE', ( #1575 ), #8593, .F. ) ;
#5020 = ORIENTED_EDGE ( 'NONE', *, *, #8848, .T. ) ;
#5021 = ORIENTED_EDGE ( 'NONE', *, *, #6386, .T. ) ;
#5022 = DIRECTION ( 'NONE',  ( 0.000000000000000000, -0.000000000000000000, -1.000000000000000000 ) ) ;
#5023 = DIRECTION ( 'NONE',  ( -0.000000000000000000, -1.000000000000000000, -0.000000000000000000 ) ) ;
#5024 = CARTESIAN_POINT ( 'NONE',  ( 0.4999999999999972800, 0.7510000000000021103, 0.000000000000000000 ) ) ;
#5025 = CARTESIAN_POINT ( 'NONE',  ( 0.5358853970800290245, 0.8484565321854827813, 0.7600000000000000089 ) ) ;
#5026 =( NAMED_UNIT ( * ) SI_UNIT ( $, .STERADIAN. ) SOLID_ANGLE_UNIT ( ) );
#5027 = CARTESIAN_POINT ( 'NONE',  ( 0.5428927104703610285, 0.6755505216507020627, 0.7600000000000000089 ) ) ;
#5028 = EDGE_LOOP ( 'NONE', ( #2565, #372, #8595, #5458 ) ) ;
#5029 = VECTOR ( 'NONE', #6203, 1000.000000000000000 ) ;
#5030 = PLANE ( 'NONE',  #2112 ) ;
#5031 = B_SPLINE_CURVE_WITH_KNOTS ( 'NONE', 3,
 ( #982, #3370, #9487, #9541 ),
 .UNSPECIFIED., .F., .F.,
 ( 4, 4 ),
 ( 3.000000000000000000, 4.000000000000000000 ),
 .UNSPECIFIED. ) ;
#5032 = CARTESIAN_POINT ( 'NONE',  ( 0.6078595686856549385, 0.7196722804118629302, 0.7600000000000000089 ) ) ;
#5033 = ORIENTED_EDGE ( 'NONE', *, *, #4692, .F. ) ;
#5034 = CARTESIAN_POINT ( 'NONE',  ( 0.6240183891535026062, 0.6797504886669357704, 0.7600000000000000089 ) ) ;
#5035 = EDGE_CURVE ( 'NONE', #9633, #4098, #3856, .T. ) ;
#5036 = DIRECTION ( 'NONE',  ( -1.000000000000000000, -3.491481338843133355E-15, 0.000000000000000000 ) ) ;
#5037 = FACE_OUTER_BOUND ( 'NONE', #8673, .T. ) ;
#5038 = VECTOR ( 'NONE', #6663, 1000.000000000000000 ) ;
#5039 = CARTESIAN_POINT ( 'NONE',  ( 0.9092182546501599294, 0.6817841569064504448, 0.7500000000000000000 ) ) ;
#5040 = FACE_OUTER_BOUND ( 'NONE', #1049, .T. ) ;
#5041 = CARTESIAN_POINT ( 'NONE',  ( 0.1500000000000035749, -1.000999999999999890, -0.02000000000000000042 ) ) ;
#5042 = VERTEX_POINT ( 'NONE', #2975 ) ;
#5043 = B_SPLINE_CURVE_WITH_KNOTS ( 'NONE', 3,
 ( #8368, #313, #9029, #1350 ),
 .UNSPECIFIED., .F., .F.,
 ( 4, 4 ),
 ( 23.00000000000000000, 24.00000000000000000 ),
 .UNSPECIFIED. ) ;
#5044 = CARTESIAN_POINT ( 'NONE',  ( 0.6342972557987428539, 0.6851441305197928378, 0.7600000000000000089 ) ) ;
#5045 = B_SPLINE_SURFACE_WITH_KNOTS ( 'NONE', 3, 1, ( 
 ( #5248, #9148 ),
 ( #6795, #2033 ),
 ( #8376, #9971 ),
 ( #10022, #2911 ) ),
 .UNSPECIFIED., .F., .F., .F.,
 ( 4, 4 ),
 ( 2, 2 ),
 ( 19.00000000000000000, 20.00000000000000000 ),
 ( 0.000000000000000000, 1.000000000000000000 ),
 .UNSPECIFIED. ) ;
#5046 = CARTESIAN_POINT ( 'NONE',  ( 0.5241696996132929609, 0.8369176754350188263, 0.7600000000000000089 ) ) ;
#5047 = ORIENTED_EDGE ( 'NONE', *, *, #1432, .F. ) ;
#5048 = ADVANCED_FACE ( 'NONE', ( #7854 ), #4690, .T. ) ;
#5049 = VECTOR ( 'NONE', #42, 1000.000000000000000 ) ;
#5050 = CARTESIAN_POINT ( 'NONE',  ( 0.7394732719229082374, 0.8396587065408116501, 0.7600000000000000089 ) ) ;
#5051 = VECTOR ( 'NONE', #3306, 1000.000000000000000 ) ;
#5052 = DIRECTION ( 'NONE',  ( 0.000000000000000000, 0.000000000000000000, 1.000000000000000000 ) ) ;
#5053 = CARTESIAN_POINT ( 'NONE',  ( 0.7264312690829315411, 0.8074294859626620635, 0.7600000000000000089 ) ) ;
#5054 = CARTESIAN_POINT ( 'NONE',  ( 0.5740829918386293196, 0.7213080570391704471, 0.7600000000000000089 ) ) ;
#5055 = B_SPLINE_SURFACE_WITH_KNOTS ( 'NONE', 3, 1, ( 
 ( #5106, #2675 ),
 ( #9046, #5815 ),
 ( #8999, #1940 ),
 ( #5050, #375 ) ),
 .UNSPECIFIED., .F., .F., .F.,
 ( 4, 4 ),
 ( 2, 2 ),
 ( 4.000000000000000000, 5.000000000000000000 ),
 ( 0.000000000000000000, 1.000000000000000000 ),
 .UNSPECIFIED. ) ;
#5056 = CARTESIAN_POINT ( 'NONE',  ( 0.6527771106706375948, 0.6290414132174785289, 0.7600000000000000089 ) ) ;
#5057 = EDGE_CURVE ( 'NONE', #2588, #2986, #7965, .T. ) ;
#5058 = VERTEX_POINT ( 'NONE', #1473 ) ;
#5059 = DIRECTION ( 'NONE',  ( -0.000000000000000000, -0.000000000000000000, -1.000000000000000000 ) ) ;
#5060 = VECTOR ( 'NONE', #5293, 1000.000000000000000 ) ;
#5061 = ORIENTED_EDGE ( 'NONE', *, *, #2969, .F. ) ;
#5063 = EDGE_CURVE ( 'NONE', #7401, #228, #5505, .T. ) ;
#5062 = DIRECTION ( 'NONE',  ( -0.000000000000000000, 1.000000000000000000, -0.000000000000000000 ) ) ;
#5064 = ORIENTED_EDGE ( 'NONE', *, *, #3172, .T. ) ;
#5065 = CARTESIAN_POINT ( 'NONE',  ( 0.8000000000000034861, -0.9999999999999967804, 0.1800000000000000488 ) ) ;
#5066 = ORIENTED_EDGE ( 'NONE', *, *, #7782, .T. ) ;
#5067 = VECTOR ( 'NONE', #8860, 1000.000000000000000 ) ;
#5068 = VECTOR ( 'NONE', #1876, 1000.000000000000000 ) ;
#5069 = CARTESIAN_POINT ( 'NONE',  ( 0.8265452196975536792, 0.7265248581751615475, 0.7500000000000000000 ) ) ;
#5070 = EDGE_CURVE ( 'NONE', #8068, #8353, #7065, .T. ) ;
#5071 = LINE ( 'NONE', #4247, #6568 ) ;
#5072 = ORIENTED_EDGE ( 'NONE', *, *, #2867, .F. ) ;
#5073 = DIRECTION ( 'NONE',  ( 0.000000000000000000, -0.000000000000000000, -1.000000000000000000 ) ) ;
#5074 = VECTOR ( 'NONE', #7446, 1000.000000000000000 ) ;
#5075 = B_SPLINE_CURVE_WITH_KNOTS ( 'NONE', 3,
 ( #2269, #1439, #6829, #2894 ),
 .UNSPECIFIED., .F., .F.,
 ( 4, 4 ),
 ( 0.000000000000000000, 1.000000000000000000 ),
 .UNSPECIFIED. ) ;
#5076 = SURFACE_SIDE_STYLE ('',( #394 ) ) ;
#5077 = ORIENTED_EDGE ( 'NONE', *, *, #4112, .T. ) ;
#5078 = ORIENTED_EDGE ( 'NONE', *, *, #4750, .F. ) ;
#5079 = VERTEX_POINT ( 'NONE', #626 ) ;
#5080 = CARTESIAN_POINT ( 'NONE',  ( 0.7891434081630708253, 0.8817910072409395061, 0.7600000000000000089 ) ) ;
#5081 = VERTEX_POINT ( 'NONE', #6329 ) ;
#5082 = CARTESIAN_POINT ( 'NONE',  ( 0.6129658443739728346, 0.6566727751671871394, 0.7600000000000000089 ) ) ;
#5083 = CARTESIAN_POINT ( 'NONE',  ( 0.5684240889113644224, 0.8832499431519701405, 0.7500000000000000000 ) ) ;
#5084 = DIRECTION ( 'NONE',  ( -3.491481338843133355E-15, 1.000000000000000000, 0.000000000000000000 ) ) ;
#5085 = FILL_AREA_STYLE_COLOUR ( '', #6156 ) ;
#5086 = VECTOR ( 'NONE', #2493, 1000.000000000000000 ) ;
#5087 = CARTESIAN_POINT ( 'NONE',  ( 0.1256910405033054012, 0.8539622931460290056, 0.7600000000000000089 ) ) ;
#5088 = ORIENTED_EDGE ( 'NONE', *, *, #10064, .T. ) ;
#5089 = CARTESIAN_POINT ( 'NONE',  ( 0.5511821190551574601, 0.6864704358930268091, 0.7500000000000000000 ) ) ;
#5090 = CARTESIAN_POINT ( 'NONE',  ( 0.5195718409848524288, 0.7446068214348511294, 0.7600000000000000089 ) ) ;
#5091 = ORIENTED_EDGE ( 'NONE', *, *, #7595, .F. ) ;
#5092 = AXIS2_PLACEMENT_3D ( 'NONE', #8192, #3625, #392 ) ;
#5093 = CARTESIAN_POINT ( 'NONE',  ( 0.6457919023698426297, 0.6299256168000324507, 0.7600000000000000089 ) ) ;
#5094 = FACE_BOUND ( 'NONE', #7135, .T. ) ;
#5095 = CARTESIAN_POINT ( 'NONE',  ( 0.6568886573287372466, 0.6383255508324964245, 0.7500000000000000000 ) ) ;
#5096 = CARTESIAN_POINT ( 'NONE',  ( 0.6107332303283555808, 0.7102113020799839527, 0.7600000000000000089 ) ) ;
#5097 = CARTESIAN_POINT ( 'NONE',  ( 0.6927873227734080430, 0.8051747668278055325, 0.7600000000000000089 ) ) ;
#5098 = ORIENTED_EDGE ( 'NONE', *, *, #4868, .T. ) ;
#5099 = VECTOR ( 'NONE', #9886, 1000.000000000000000 ) ;
#5100 = ADVANCED_FACE ( 'NONE', ( #8686 ), #9032, .F. ) ;
#5101 = FACE_OUTER_BOUND ( 'NONE', #964, .T. ) ;
#5102 = CARTESIAN_POINT ( 'NONE',  ( 0.1115499738093310850, 0.8551919503543360390, 0.7600000000000000089 ) ) ;
#5103 = B_SPLINE_CURVE_WITH_KNOTS ( 'NONE', 3,
 ( #1213, #9102, #2869, #5349 ),
 .UNSPECIFIED., .F., .F.,
 ( 4, 4 ),
 ( 6.000000000000000000, 7.000000000000000000 ),
 .UNSPECIFIED. ) ;
#5104 = EDGE_LOOP ( 'NONE', ( #853, #4040, #7547, #6411 ) ) ;
#5105 = VECTOR ( 'NONE', #3321, 1000.000000000000000 ) ;
#5106 = CARTESIAN_POINT ( 'NONE',  ( 0.7264312690829315411, 0.8074294859626620635, 0.7600000000000000089 ) ) ;
#5107 = FACE_OUTER_BOUND ( 'NONE', #4748, .T. ) ;
#5108 = DIRECTION ( 'NONE',  ( 0.000000000000000000, 0.000000000000000000, -1.000000000000000000 ) ) ;
#5109 = PLANE ( 'NONE',  #1030 ) ;
#5110 = CARTESIAN_POINT ( 'NONE',  ( 0.4042086474444112065, 0.7223888662852913090, 0.7600000000000000089 ) ) ;
#5111 = EDGE_CURVE ( 'NONE', #8958, #5911, #1307, .T. ) ;
#5112 = STYLED_ITEM ( 'NONE', ( #6065 ), #6392 ) ;
#5113 = CARTESIAN_POINT ( 'NONE',  ( 0.6268036304380679713, 0.6762578845169817665, 0.7600000000000000089 ) ) ;
#5114 = VERTEX_POINT ( 'NONE', #5553 ) ;
#5115 = CARTESIAN_POINT ( 'NONE',  ( 0.8000000000000008216, -0.2809999999999975850, -0.02000000000000000042 ) ) ;
#5116 = EDGE_CURVE ( 'NONE', #6401, #918, #8737, .T. ) ;
#5117 = VERTEX_POINT ( 'NONE', #848 ) ;
#5118 = CARTESIAN_POINT ( 'NONE',  ( 0.2904652471765117316, 0.6959511923247825305, 0.7500000000000000000 ) ) ;
#5119 = ORIENTED_EDGE ( 'NONE', *, *, #6988, .F. ) ;
#5120 = VECTOR ( 'NONE', #1396, 1000.000000000000000 ) ;
#5121 = CARTESIAN_POINT ( 'NONE',  ( 0.8265452196975536792, 0.7265248581751615475, 0.7600000000000000089 ) ) ;
#5122 = B_SPLINE_CURVE_WITH_KNOTS ( 'NONE', 3,
 ( #304, #2114, #2066, #5838 ),
 .UNSPECIFIED., .F., .F.,
 ( 4, 4 ),
 ( 16.00000000000000000, 17.00000000000000000 ),
 .UNSPECIFIED. ) ;
#5123 =( NAMED_UNIT ( * ) SI_UNIT ( $, .STERADIAN. ) SOLID_ANGLE_UNIT ( ) );
#5124 = ADVANCED_FACE ( 'NONE', ( #10087 ), #1621, .F. ) ;
#5125 = B_SPLINE_CURVE_WITH_KNOTS ( 'NONE', 3,
 ( #1704, #5689, #7097, #7140 ),
 .UNSPECIFIED., .F., .F.,
 ( 4, 4 ),
 ( 4.000000000000000000, 5.000000000000000000 ),
 .UNSPECIFIED. ) ;
#5126 = ORIENTED_EDGE ( 'NONE', *, *, #9793, .F. ) ;
#5127 = CARTESIAN_POINT ( 'NONE',  ( 0.4861931557500361323, 0.8051747668278049774, 0.7600000000000000089 ) ) ;
#5128 = CARTESIAN_POINT ( 'NONE',  ( 0.6622601940914670804, 0.6290414132174785289, 0.7600000000000000089 ) ) ;
#5129 = EDGE_LOOP ( 'NONE', ( #949, #606, #10248, #534 ) ) ;
#5130 = EDGE_CURVE ( 'NONE', #904, #3796, #6226, .T. ) ;
#5131 = EDGE_LOOP ( 'NONE', ( #7209, #9766, #4065, #10176 ) ) ;
#5132 = EDGE_LOOP ( 'NONE', ( #8125, #8894, #8546, #531 ) ) ;
#5133 =( LENGTH_UNIT ( ) NAMED_UNIT ( * ) SI_UNIT ( .MILLI., .METRE. ) );
#5134 = VERTEX_POINT ( 'NONE', #8018 ) ;
#5135 = CARTESIAN_POINT ( 'NONE',  ( 0.5555810318774906387, 0.8832499431519701405, 0.7500000000000000000 ) ) ;
#5136 = FACE_OUTER_BOUND ( 'NONE', #8828, .T. ) ;
#5137 = LINE ( 'NONE', #7339, #9869 ) ;
#5138 = DIRECTION ( 'NONE',  ( -0.9903286039881253888, -0.1387416884823398366, -0.000000000000000000 ) ) ;
#5139 = CARTESIAN_POINT ( 'NONE',  ( 0.4042086474444112065, 0.7439078879575150571, 0.7600000000000000089 ) ) ;
#5140 = UNCERTAINTY_MEASURE_WITH_UNIT (LENGTH_MEASURE( 1.000000000000000082E-05 ), #6440, 'distance_accuracy_value', 'NONE');
#5141 = ORIENTED_EDGE ( 'NONE', *, *, #8285, .F. ) ;
#5142 = DIRECTION ( 'NONE',  ( -0.2524218971878413043, 0.9676172723861904412, -0.000000000000000000 ) ) ;
#5143 = CARTESIAN_POINT ( 'NONE',  ( 0.3433405716436495614, 0.8244504908228398321, 0.7600000000000000089 ) ) ;
#5144 = VERTEX_POINT ( 'NONE', #4894 ) ;
#5145 = CARTESIAN_POINT ( 'NONE',  ( 0.6221615616305582463, 0.6812978449361064559, 0.7600000000000000089 ) ) ;
#5146 = B_SPLINE_SURFACE_WITH_KNOTS ( 'NONE', 3, 1, ( 
 ( #8619, #6932 ),
 ( #10065, #2951 ),
 ( #1599, #7038 ),
 ( #652, #767 ) ),
 .UNSPECIFIED., .F., .F., .F.,
 ( 4, 4 ),
 ( 2, 2 ),
 ( 10.00000000000000000, 11.00000000000000000 ),
 ( 0.000000000000000000, 1.000000000000000000 ),
 .UNSPECIFIED. ) ;
#5147 = CARTESIAN_POINT ( 'NONE',  ( 0.5358853970800290245, 0.8272356462083849671, 0.7500000000000000000 ) ) ;
#5148 = CARTESIAN_POINT ( 'NONE',  ( 0.5707009131360528675, 0.6581317110782208823, 0.7500000000000000000 ) ) ;
#5149 = CARTESIAN_POINT ( 'NONE',  ( 0.7351185692799341309, 0.8626922098614905332, 0.7500000000000000000 ) ) ;
#5150 = CARTESIAN_POINT ( 'NONE',  ( 0.5684240889113644224, 0.8832499431519701405, 0.7600000000000000089 ) ) ;
#5151 = EDGE_LOOP ( 'NONE', ( #579, #110, #3381, #2200 ) ) ;
#5152 = VECTOR ( 'NONE', #5436, 1000.000000000000000 ) ;
#5153 = CARTESIAN_POINT ( 'NONE',  ( 0.7566047163314419954, 0.7953158968843083709, 0.7600000000000000089 ) ) ;
#5154 = EDGE_LOOP ( 'NONE', ( #8250, #8234, #4740, #1159 ) ) ;
#5155 = VECTOR ( 'NONE', #4283, 1000.000000000000000 ) ;
#5156 = CARTESIAN_POINT ( 'NONE',  ( 0.6500581846546774623, 0.6290414132174785289, 0.7500000000000000000 ) ) ;
#5157 = CARTESIAN_POINT ( 'NONE',  ( 0.8896773554794356054, 0.7274974821158513016, 0.7600000000000000089 ) ) ;
#5158 = CARTESIAN_POINT ( 'NONE',  ( 0.5815324070202413376, 0.6978766621056951003, 0.7600000000000000089 ) ) ;
#5159 =( NAMED_UNIT ( * ) PLANE_ANGLE_UNIT ( ) SI_UNIT ( $, .RADIAN. ) );
#5160 = PRESENTATION_LAYER_ASSIGNMENT (  '', '', ( #511 ) ) ;
#5161 = DIRECTION ( 'NONE',  ( 1.000000000000000000, 0.000000000000000000, 0.000000000000000000 ) ) ;
#5162 = EDGE_LOOP ( 'NONE', ( #6717, #7488, #162, #8526 ) ) ;
#5163 = CARTESIAN_POINT ( 'NONE',  ( 0.4750300855225395580, 0.7953158968843062615, 0.7600000000000000089 ) ) ;
#5164 = ORIENTED_EDGE ( 'NONE', *, *, #1346, .T. ) ;
#5165 = ORIENTED_EDGE ( 'NONE', *, *, #3379, .T. ) ;
#5166 = CARTESIAN_POINT ( 'NONE',  ( 0.5387148485433690404, 0.8190125528921947673, 0.7600000000000000089 ) ) ;
#5167 = EDGE_CURVE ( 'NONE', #4183, #2513, #4885, .T. ) ;
#5168 = ORIENTED_EDGE ( 'NONE', *, *, #4862, .T. ) ;
#5169 = PRESENTATION_LAYER_ASSIGNMENT (  '', '', ( #3005 ) ) ;
#5170 = SURFACE_STYLE_USAGE ( .BOTH. , #1954 ) ;
#5171 =( NAMED_UNIT ( * ) PLANE_ANGLE_UNIT ( ) SI_UNIT ( $, .RADIAN. ) );
#5172 = VECTOR ( 'NONE', #6263, 1000.000000000000000 ) ;
#5173 = ORIENTED_EDGE ( 'NONE', *, *, #9063, .F. ) ;
#5174 = CARTESIAN_POINT ( 'NONE',  ( 0.6349604084856546038, 0.7185670259333802878, 0.7600000000000000089 ) ) ;
#5175 = CARTESIAN_POINT ( 'NONE',  ( 0.08757163771990406076, 0.7002550248041142789, 0.7500000000000000000 ) ) ;
#5176 = VERTEX_POINT ( 'NONE', #4945 ) ;
#5177 = ORIENTED_EDGE ( 'NONE', *, *, #6876, .T. ) ;
#5178 = ORIENTED_EDGE ( 'NONE', *, *, #658, .T. ) ;
#5179 = CARTESIAN_POINT ( 'NONE',  ( 0.08511231743923075577, 0.8551919503543360390, 0.7500000000000000000 ) ) ;
#5180 = ADVANCED_FACE ( 'NONE', ( #8219 ), #2561, .F. ) ;
#5181 = VERTEX_POINT ( 'NONE', #3453 ) ;
#5182 = CARTESIAN_POINT ( 'NONE',  ( 0.1499999999999999667, 5.237222008264698061E-16, 0.000000000000000000 ) ) ;
#5183 = CARTESIAN_POINT ( 'NONE',  ( 0.5707009131360528675, 0.6973903501359423052, 0.7600000000000000089 ) ) ;
#5184 = CARTESIAN_POINT ( 'NONE',  ( 0.6748158849613913324, 0.6488033632841339049, 0.7600000000000000089 ) ) ;
#5185 =( GEOMETRIC_REPRESENTATION_CONTEXT ( 3 ) GLOBAL_UNCERTAINTY_ASSIGNED_CONTEXT ( ( #2299 ) ) GLOBAL_UNIT_ASSIGNED_CONTEXT ( ( #4414, #5897, #2116 ) ) REPRESENTATION_CONTEXT ( 'NONE', 'WORKASPACE' ) );
#5186 = CARTESIAN_POINT ( 'NONE',  ( -2.299999999999996270, -1.000000000000008438, 0.1800000000000000488 ) ) ;
#5187 = CARTESIAN_POINT ( 'NONE',  ( 0.5889155069332399073, 0.8797131288223546397, 0.7600000000000000089 ) ) ;
#5188 = EDGE_CURVE ( 'NONE', #3718, #1850, #959, .T. ) ;
#5189 = ORIENTED_EDGE ( 'NONE', *, *, #5661, .T. ) ;
#5190 = CARTESIAN_POINT ( 'NONE',  ( 0.6507655475206604034, 0.8817910072409375077, 0.7500000000000000000 ) ) ;
#5191 = CARTESIAN_POINT ( 'NONE',  ( 0.1355283098990540114, 0.8146132566079012927, 0.7500000000000000000 ) ) ;
#5192 = ORIENTED_EDGE ( 'NONE', *, *, #2258, .T. ) ;
#5193 = CARTESIAN_POINT ( 'NONE',  ( 0.6349604084856546038, 0.7080450033032648083, 0.7500000000000000000 ) ) ;
#5194 = CARTESIAN_POINT ( 'NONE',  ( -0.1500000000000034639, 1.000000000000000000, 0.1799999999999999378 ) ) ;
#5195 = EDGE_CURVE ( 'NONE', #4279, #7490, #2615, .T. ) ;
#5196 = CARTESIAN_POINT ( 'NONE',  ( 0.5358853970800290245, 0.8375808281222277829, 0.7500000000000000000 ) ) ;
#5197 = CARTESIAN_POINT ( 'NONE',  ( 0.7772066598009906846, 0.8817910072409393951, 0.7500000000000000000 ) ) ;
#5198 = CARTESIAN_POINT ( 'NONE',  ( -0.4999999999999964473, -1.001000000000002110, 0.1800000000000000211 ) ) ;
#5199 = DIRECTION ( 'NONE',  ( 0.000000000000000000, 0.000000000000000000, 1.000000000000000000 ) ) ;
#5200 = CARTESIAN_POINT ( 'NONE',  ( 0.6927873227734080430, 0.8051747668278049774, 0.7500000000000000000 ) ) ;
#5201 = VECTOR ( 'NONE', #9232, 1000.000000000000000 ) ;
#5202 = ORIENTED_EDGE ( 'NONE', *, *, #7074, .T. ) ;
#5203 = EDGE_CURVE ( 'NONE', #8023, #9668, #4167, .T. ) ;
#5204 = CARTESIAN_POINT ( 'NONE',  ( 0.7177439688859320599, 0.7993390231842658622, 0.7500000000000000000 ) ) ;
#5205 = DIRECTION ( 'NONE',  ( 0.000000000000000000, 0.000000000000000000, 1.000000000000000000 ) ) ;
#5206 = CARTESIAN_POINT ( 'NONE',  ( 0.5649756949401822936, 0.7938569609732751831, 0.7500000000000000000 ) ) ;
#5207 = CARTESIAN_POINT ( 'NONE',  ( 0.6677864664815245099, 0.6582643416154285720, 0.7500000000000000000 ) ) ;
#5208 = CARTESIAN_POINT ( 'NONE',  ( 0.5283254564504554773, 0.8620290571748723263, 0.7600000000000000089 ) ) ;
#5209 = LINE ( 'NONE', #8389, #9976 ) ;
#5210 = SURFACE_SIDE_STYLE ('',( #2046 ) ) ;
#5211 = AXIS2_PLACEMENT_3D ( 'NONE', #4949, #8469, #8370 ) ;
#5212 = DIRECTION ( 'NONE',  ( 0.000000000000000000, -1.000000000000000000, 0.000000000000000000 ) ) ;
#5213 = ADVANCED_FACE ( 'NONE', ( #6492 ), #2507, .F. ) ;
#5214 = VECTOR ( 'NONE', #5941, 1000.000000000000000 ) ;
#5215 = EDGE_LOOP ( 'NONE', ( #4614, #2275, #6319, #2953 ) ) ;
#5216 = CARTESIAN_POINT ( 'NONE',  ( 0.5889155069332399073, 0.8095957847399702922, 0.7500000000000000000 ) ) ;
#5217 = VERTEX_POINT ( 'NONE', #9670 ) ;
#5218 =( GEOMETRIC_REPRESENTATION_CONTEXT ( 3 ) GLOBAL_UNCERTAINTY_ASSIGNED_CONTEXT ( ( #2411 ) ) GLOBAL_UNIT_ASSIGNED_CONTEXT ( ( #7693, #10045, #5362 ) ) REPRESENTATION_CONTEXT ( 'NONE', 'WORKASPACE' ) );
#5219 = B_SPLINE_SURFACE_WITH_KNOTS ( 'NONE', 3, 1, ( 
 ( #2642, #7328 ),
 ( #8246, #5222 ),
 ( #5784, #9900 ),
 ( #447, #3629 ) ),
 .UNSPECIFIED., .F., .F., .F.,
 ( 4, 4 ),
 ( 2, 2 ),
 ( 11.00000000000000000, 12.00000000000000000 ),
 ( 0.000000000000000000, 1.000000000000000000 ),
 .UNSPECIFIED. ) ;
#5220 = ADVANCED_FACE ( 'NONE', ( #1109 ), #2458, .F. ) ;
#5221 = VERTEX_POINT ( 'NONE', #59 ) ;
#5222 = CARTESIAN_POINT ( 'NONE',  ( 0.5665230512093533122, 0.7125102313944980947, 0.7500000000000000000 ) ) ;
#5223 = CARTESIAN_POINT ( 'NONE',  ( 0.08695678859331436306, 0.6590614643403862605, 0.7500000000000000000 ) ) ;
#5224 = B_SPLINE_CURVE_WITH_KNOTS ( 'NONE', 3,
 ( #7430, #8957, #3568, #6718 ),
 .UNSPECIFIED., .F., .F.,
 ( 4, 4 ),
 ( 15.00000000000000000, 16.00000000000000000 ),
 .UNSPECIFIED. ) ;
#5225 =( GEOMETRIC_REPRESENTATION_CONTEXT ( 3 ) GLOBAL_UNCERTAINTY_ASSIGNED_CONTEXT ( ( #126 ) ) GLOBAL_UNIT_ASSIGNED_CONTEXT ( ( #341, #5879, #391 ) ) REPRESENTATION_CONTEXT ( 'NONE', 'WORKASPACE' ) );
#5226 = EDGE_LOOP ( 'NONE', ( #1534, #6922, #9320, #7817 ) ) ;
#5227 = VERTEX_POINT ( 'NONE', #7359 ) ;
#5228 = VECTOR ( 'NONE', #1930, 1000.000000000000000 ) ;
#5229 = CARTESIAN_POINT ( 'NONE',  ( 0.6928536380420127205, 0.7953158968843083709, 0.7600000000000000089 ) ) ;
#5230 = ORIENTED_EDGE ( 'NONE', *, *, #9588, .T. ) ;
#5231 = CARTESIAN_POINT ( 'NONE',  ( 0.5449705888889437855, 0.8635764134440407913, 0.7600000000000000089 ) ) ;
#5232 = CARTESIAN_POINT ( 'NONE',  ( 0.7264312690829315411, 0.8074294859626620635, 0.7500000000000000000 ) ) ;
#5233 = CARTESIAN_POINT ( 'NONE',  ( 0.5000000000000008882, -0.2809999999999986398, -0.02000000000000000042 ) ) ;
#5234 = CARTESIAN_POINT ( 'NONE',  ( 1.000000000000003553, -0.9999999999999961142, 0.7500000000000000000 ) ) ;
#5235 = UNCERTAINTY_MEASURE_WITH_UNIT (LENGTH_MEASURE( 1.000000000000000082E-05 ), #4049, 'distance_accuracy_value', 'NONE');
#5236 = VECTOR ( 'NONE', #8102, 1000.000000000000000 ) ;
#5237 = EDGE_CURVE ( 'NONE', #3993, #286, #1836, .T. ) ;
#5238 = ORIENTED_EDGE ( 'NONE', *, *, #4805, .T. ) ;
#5239 = LINE ( 'NONE', #2807, #4771 ) ;
#5240 = DIRECTION ( 'NONE',  ( -0.000000000000000000, -0.000000000000000000, -1.000000000000000000 ) ) ;
#5241 = VERTEX_POINT ( 'NONE', #8119 ) ;
#5242 = LINE ( 'NONE', #9727, #7015 ) ;
#5243 = CARTESIAN_POINT ( 'NONE',  ( 0.3667040761971913643, 0.6695135652720252128, 0.7500000000000000000 ) ) ;
#5244 = EDGE_CURVE ( 'NONE', #4501, #4821, #4993, .T. ) ;
#5245 = LINE ( 'NONE', #8986, #7886 ) ;
#5246 = CARTESIAN_POINT ( 'NONE',  ( 0.6251236436316913725, 0.7125102313944980947, 0.7600000000000000089 ) ) ;
#5247 = CARTESIAN_POINT ( 'NONE',  ( 0.8913573422864004003, 0.7335542766547332727, 0.7600000000000000089 ) ) ;
#5248 = CARTESIAN_POINT ( 'NONE',  ( 0.5962101864878148749, 0.6602980098549425803, 0.7600000000000000089 ) ) ;
#5249 = CARTESIAN_POINT ( 'NONE',  ( 0.6074395719839118524, 0.7041987177201679549, 0.7600000000000000089 ) ) ;
#5250 = VERTEX_POINT ( 'NONE', #113 ) ;
#5251 = EDGE_CURVE ( 'NONE', #1717, #8305, #8838, .T. ) ;
#5252 = DIRECTION ( 'NONE',  ( 0.000000000000000000, -0.000000000000000000, -1.000000000000000000 ) ) ;
#5253 = VECTOR ( 'NONE', #8024, 1000.000000000000000 ) ;
#5254 = B_SPLINE_CURVE_WITH_KNOTS ( 'NONE', 3,
 ( #5713, #9777, #4845, #8895 ),
 .UNSPECIFIED., .F., .F.,
 ( 4, 4 ),
 ( 9.000000000000000000, 10.00000000000000000 ),
 .UNSPECIFIED. ) ;
#5255 = EDGE_CURVE ( 'NONE', #2196, #6237, #6596, .T. ) ;
#5256 = LINE ( 'NONE', #8225, #7877 ) ;
#5257 = CARTESIAN_POINT ( 'NONE',  ( 0.6107332303283555808, 0.7102113020799839527, 0.7600000000000000089 ) ) ;
#5258 = LINE ( 'NONE', #4385, #3900 ) ;
#5259 = DIRECTION ( 'NONE',  ( 1.000000000000000000, 3.491481338843133355E-15, 0.000000000000000000 ) ) ;
#5260 = VECTOR ( 'NONE', #901, 1000.000000000000000 ) ;
#5261 = DIRECTION ( 'NONE',  ( -0.000000000000000000, -0.000000000000000000, -1.000000000000000000 ) ) ;
#5262 = ORIENTED_EDGE ( 'NONE', *, *, #8042, .T. ) ;
#5263 = CARTESIAN_POINT ( 'NONE',  ( 0.6932957398326979881, 0.8718437169393019603, 0.7600000000000000089 ) ) ;
#5264 = VECTOR ( 'NONE', #8864, 1000.000000000000000 ) ;
#5265 = FILL_AREA_STYLE_COLOUR ( '', #8531 ) ;
#5266 = ORIENTED_EDGE ( 'NONE', *, *, #427, .F. ) ;
#5267 = CARTESIAN_POINT ( 'NONE',  ( 0.2738648777922717548, 0.7629676069394741855, 0.7600000000000000089 ) ) ;
#5268 = ORIENTED_EDGE ( 'NONE', *, *, #3164, .T. ) ;
#5269 = LINE ( 'NONE', #8448, #2415 ) ;
#5270 = VECTOR ( 'NONE', #8941, 1000.000000000000000 ) ;
#5271 = EDGE_LOOP ( 'NONE', ( #1911, #1633, #5434, #9012 ) ) ;
#5272 = CARTESIAN_POINT ( 'NONE',  ( 0.7566047163314477686, 0.7069839590044382227, 0.7500000000000000000 ) ) ;
#5273 = PLANE ( 'NONE',  #9015 ) ;
#5274 = VECTOR ( 'NONE', #1652, 1000.000000000000000 ) ;
#5275 = ORIENTED_EDGE ( 'NONE', *, *, #9451, .F. ) ;
#5276 = ORIENTED_EDGE ( 'NONE', *, *, #4582, .T. ) ;
#5277 = SURFACE_SIDE_STYLE ('',( #9268 ) ) ;
#5278 = ORIENTED_EDGE ( 'NONE', *, *, #296, .F. ) ;
#5279 = CARTESIAN_POINT ( 'NONE',  ( 0.1453655675675734060, 0.6172530840677115105, 0.7600000000000000089 ) ) ;
#5280 = EDGE_CURVE ( 'NONE', #1351, #10078, #5254, .T. ) ;
#5281 = PLANE ( 'NONE',  #2083 ) ;
#5282 = CARTESIAN_POINT ( 'NONE',  ( 0.5449705888889437855, 0.8635764134440407913, 0.7500000000000000000 ) ) ;
#5283 = FACE_BOUND ( 'NONE', #1804, .T. ) ;
#5284 = ORIENTED_EDGE ( 'NONE', *, *, #1776, .F. ) ;
#5285 = CARTESIAN_POINT ( 'NONE',  ( 0.8525629101089017281, 0.6581317110782219926, 0.7600000000000000089 ) ) ;
#5286 = CARTESIAN_POINT ( 'NONE',  ( 0.7844129189974262673, 0.8646816679219360147, 0.7500000000000000000 ) ) ;
#5287 = ORIENTED_EDGE ( 'NONE', *, *, #4332, .F. ) ;
#5288 = CARTESIAN_POINT ( 'NONE',  ( 0.01194762850846879318, 0.7309964608817367537, 0.7500000000000000000 ) ) ;
#5289 = DIRECTION ( 'NONE',  ( -0.000000000000000000, -0.000000000000000000, -1.000000000000000000 ) ) ;
#5290 = FILL_AREA_STYLE ('',( #1398 ) ) ;
#5291 = FACE_OUTER_BOUND ( 'NONE', #5873, .T. ) ;
#5292 = EDGE_CURVE ( 'NONE', #4730, #7214, #1884, .T. ) ;
#5293 = DIRECTION ( 'NONE',  ( -0.000000000000000000, -0.000000000000000000, -1.000000000000000000 ) ) ;
#5294 = CARTESIAN_POINT ( 'NONE',  ( 0.1256910405033054012, 0.8539622931460290056, 0.7500000000000000000 ) ) ;
#5295 = PRESENTATION_STYLE_ASSIGNMENT (( #3095 ) ) ;
#5296 = VERTEX_POINT ( 'NONE', #7303 ) ;
#5297 = FACE_OUTER_BOUND ( 'NONE', #9072, .T. ) ;
#5298 = LINE ( 'NONE', #5400, #9711 ) ;
#5299 = DIRECTION ( 'NONE',  ( -1.000000000000000000, -0.000000000000000000, -0.000000000000000000 ) ) ;
#5300 = EDGE_CURVE ( 'NONE', #360, #2628, #2671, .T. ) ;
#5301 = FACE_OUTER_BOUND ( 'NONE', #642, .T. ) ;
#5302 = CARTESIAN_POINT ( 'NONE',  ( 0.5685346143593300594, 0.8731700223125384852, 0.7500000000000000000 ) ) ;
#5303 = B_SPLINE_SURFACE_WITH_KNOTS ( 'NONE', 3, 1, ( 
 ( #2241, #3070 ),
 ( #5499, #6221 ),
 ( #4635, #10238 ),
 ( #5402, #2340 ) ),
 .UNSPECIFIED., .F., .F., .F.,
 ( 4, 4 ),
 ( 2, 2 ),
 ( 28.00000000000000000, 29.00000000000000000 ),
 ( 0.000000000000000000, 1.000000000000000000 ),
 .UNSPECIFIED. ) ;
#5304 = ORIENTED_EDGE ( 'NONE', *, *, #1827, .T. ) ;
#5305 = CARTESIAN_POINT ( 'NONE',  ( 0.8974362419154079396, 0.7446068214348521286, 0.7500000000000000000 ) ) ;
#5306 = EDGE_CURVE ( 'NONE', #9493, #5585, #8994, .T. ) ;
#5307 = VECTOR ( 'NONE', #3091, 1000.000000000000000 ) ;
#5308 = VERTEX_POINT ( 'NONE', #1674 ) ;
#5309 = CARTESIAN_POINT ( 'NONE',  ( 0.5962765017564184422, 0.7032260937794797551, 0.7600000000000000089 ) ) ;
#5310 = EDGE_LOOP ( 'NONE', ( #7012, #8288, #8205, #7021 ) ) ;
#5311 = EDGE_CURVE ( 'NONE', #4561, #450, #9042, .T. ) ;
#5312 = CARTESIAN_POINT ( 'NONE',  ( 0.06605261604767731498, 0.7100922941992734438, 0.7500000000000000000 ) ) ;
#5313 = DIRECTION ( 'NONE',  ( -0.000000000000000000, -0.000000000000000000, -1.000000000000000000 ) ) ;
#5314 = AXIS2_PLACEMENT_3D ( 'NONE', #5851, #7253, #8212 ) ;
#5315 = ADVANCED_FACE ( 'NONE', ( #5101 ), #4479, .F. ) ;
#5316 = ADVANCED_FACE ( 'NONE', ( #5297 ), #813, .F. ) ;
#5317 = ORIENTED_EDGE ( 'NONE', *, *, #3086, .F. ) ;
#5318 = CARTESIAN_POINT ( 'NONE',  ( 0.7277354693672223318, 0.8501365189918616005, 0.7500000000000000000 ) ) ;
#5319 = LINE ( 'NONE', #10257, #6169 ) ;
#5320 = VECTOR ( 'NONE', #4047, 1000.000000000000000 ) ;
#5321 = ORIENTED_EDGE ( 'NONE', *, *, #3186, .F. ) ;
#5322 = DIRECTION ( 'NONE',  ( 0.000000000000000000, -1.000000000000000000, 0.000000000000000000 ) ) ;
#5323 = SURFACE_STYLE_USAGE ( .BOTH. , #5895 ) ;
#5324 =( NAMED_UNIT ( * ) PLANE_ANGLE_UNIT ( ) SI_UNIT ( $, .RADIAN. ) );
#5325 = CARTESIAN_POINT ( 'NONE',  ( 0.3783858167467291089, 0.8133835700816628433, 0.7600000000000000089 ) ) ;
#5326 = CARTESIAN_POINT ( 'NONE',  ( 0.9180381853849560736, 0.6581317110782219926, 0.7500000000000000000 ) ) ;
#5327 = MECHANICAL_DESIGN_GEOMETRIC_PRESENTATION_REPRESENTATION (  '', ( #4015 ), #6660 ) ;
#5328 = EDGE_CURVE ( 'NONE', #1288, #6934, #6224, .T. ) ;
#5329 = EDGE_LOOP ( 'NONE', ( #1858, #2809, #1149, #2427 ) ) ;
#5330 = CARTESIAN_POINT ( 'NONE',  ( -0.1500000000000035749, 1.000999999999999890, 0.1800000000000000211 ) ) ;
#5331 = DIRECTION ( 'NONE',  ( 0.000000000000000000, -0.000000000000000000, -1.000000000000000000 ) ) ;
#5332 = ORIENTED_EDGE ( 'NONE', *, *, #4151, .T. ) ;
#5333 = VERTEX_POINT ( 'NONE', #516 ) ;
#5334 = LINE ( 'NONE', #6935, #7445 ) ;
#5335 = LINE ( 'NONE', #7725, #7939 ) ;
#5336 = PRESENTATION_LAYER_ASSIGNMENT (  '', '', ( #3021 ) ) ;
#5337 = CARTESIAN_POINT ( 'NONE',  ( 0.2941542129388484694, 0.6953363725158325792, 0.7600000000000000089 ) ) ;
#5338 = CARTESIAN_POINT ( 'NONE',  ( -0.4999999999999965583, -1.000000000000002220, 0.7500000000000000000 ) ) ;
#5339 = DIRECTION ( 'NONE',  ( 1.000000000000000000, 3.491481338843133355E-15, -0.000000000000000000 ) ) ;
#5340 = DIRECTION ( 'NONE',  ( 0.000000000000000000, 0.000000000000000000, 1.000000000000000000 ) ) ;
#5341 = CARTESIAN_POINT ( 'NONE',  ( 0.6140268886727978659, 0.6655148109909306831, 0.7500000000000000000 ) ) ;
#5342 = EDGE_LOOP ( 'NONE', ( #8943, #6520, #3473, #8230 ) ) ;
#5343 = LINE ( 'NONE', #7105, #445 ) ;
#5344 = ADVANCED_FACE ( 'NONE', ( #1264 ), #5858, .F. ) ;
#5345 = ORIENTED_EDGE ( 'NONE', *, *, #8377, .F. ) ;
#5346 = DIRECTION ( 'NONE',  ( 3.491481338843133355E-15, -1.000000000000000000, 0.000000000000000000 ) ) ;
#5347 = ORIENTED_EDGE ( 'NONE', *, *, #9316, .T. ) ;
#5348 = CARTESIAN_POINT ( 'NONE',  ( 0.8265452196975536792, 0.7265248581751615475, 0.7600000000000000089 ) ) ;
#5349 = CARTESIAN_POINT ( 'NONE',  ( 0.5962765017564184422, 0.7032260937794797551, 0.7500000000000000000 ) ) ;
#5350 = AXIS2_PLACEMENT_3D ( 'NONE', #4320, #9438, #3101 ) ;
#5351 = CARTESIAN_POINT ( 'NONE',  ( 0.5889155069332399073, 0.8095957847399702922, 0.7500000000000000000 ) ) ;
#5352 = SURFACE_STYLE_USAGE ( .BOTH. , #3705 ) ;
#5353 = CARTESIAN_POINT ( 'NONE',  ( 0.6173868622858336153, 0.8051747668278049774, 0.7500000000000000000 ) ) ;
#5354 = CARTESIAN_POINT ( 'NONE',  ( 0.6457919023698426297, 0.6299256168000324507, 0.7500000000000000000 ) ) ;
#5355 = VECTOR ( 'NONE', #6836, 1000.000000000000000 ) ;
#5356 = ADVANCED_FACE ( 'NONE', ( #7417 ), #6647, .F. ) ;
#5357 = ORIENTED_EDGE ( 'NONE', *, *, #2194, .F. ) ;
#5358 = CARTESIAN_POINT ( 'NONE',  ( 0.5336748881239476994, 0.6647632379455854501, 0.7500000000000000000 ) ) ;
#5359 = ORIENTED_EDGE ( 'NONE', *, *, #9141, .T. ) ;
#5360 = VERTEX_POINT ( 'NONE', #4330 ) ;
#5361 = EDGE_CURVE ( 'NONE', #4650, #338, #10026, .T. ) ;
#5362 =( NAMED_UNIT ( * ) SI_UNIT ( $, .STERADIAN. ) SOLID_ANGLE_UNIT ( ) );
#5363 = B_SPLINE_CURVE_WITH_KNOTS ( 'NONE', 3,
 ( #7710, #2164, #2944, #6191 ),
 .UNSPECIFIED., .F., .F.,
 ( 4, 4 ),
 ( 12.00000000000000000, 13.00000000000000000 ),
 .UNSPECIFIED. ) ;
#5364 = EDGE_CURVE ( 'NONE', #2740, #957, #9927, .T. ) ;
#5365 = ORIENTED_EDGE ( 'NONE', *, *, #145, .T. ) ;
#5366 = CARTESIAN_POINT ( 'NONE',  ( 0.5319064809591412812, 0.6746663180687393346, 0.7600000000000000089 ) ) ;
#5367 = ORIENTED_EDGE ( 'NONE', *, *, #4921, .T. ) ;
#5368 = CARTESIAN_POINT ( 'NONE',  ( -0.1499999999999964695, -1.001000000000000778, 0.1800000000000000211 ) ) ;
#5369 = AXIS2_PLACEMENT_3D ( 'NONE', #4722, #10172, #1453 ) ;
#5370 = CARTESIAN_POINT ( 'NONE',  ( 0.5581894324454893530, 0.7125102313944980947, 0.7500000000000000000 ) ) ;
#5371 = CARTESIAN_POINT ( 'NONE',  ( 0.5660588443285435867, 0.6705989815897152040, 0.7500000000000000000 ) ) ;
#5372 = VECTOR ( 'NONE', #7683, 1000.000000000000000 ) ;
#5373 = CARTESIAN_POINT ( 'NONE',  ( 0.7277354693672223318, 0.8501365189918616005, 0.7500000000000000000 ) ) ;
#5374 = CARTESIAN_POINT ( 'NONE',  ( 0.8477661056752422430, 0.7024745207341381859, 0.7600000000000000089 ) ) ;
#5375 = PLANE ( 'NONE',  #1596 ) ;
#5376 = VERTEX_POINT ( 'NONE', #2865 ) ;
#5377 = LINE ( 'NONE', #9231, #7078 ) ;
#5378 = COLOUR_RGB ( '',0.2980392156862745057, 0.2980392156862745057, 0.2980392156862745057 ) ;
#5379 = CARTESIAN_POINT ( 'NONE',  ( 0.5460316331877688167, 0.6683442624542664801, 0.7600000000000000089 ) ) ;
#5380 = ORIENTED_EDGE ( 'NONE', *, *, #736, .F. ) ;
#5381 = EDGE_LOOP ( 'NONE', ( #9220, #7504, #4329, #694 ) ) ;
#5382 = CARTESIAN_POINT ( 'NONE',  ( 0.8267883756830199937, 0.6770094575617373600, 0.7500000000000000000 ) ) ;
#5383 = CARTESIAN_POINT ( 'NONE',  ( 0.1453655792945113823, 0.7408337537313613996, 0.7500000000000000000 ) ) ;
#5384 = B_SPLINE_SURFACE_WITH_KNOTS ( 'NONE', 3, 1, ( 
 ( #3380, #4878 ),
 ( #7197, #5648 ),
 ( #7244, #8878 ),
 ( #2658, #7145 ) ),
 .UNSPECIFIED., .F., .F., .F.,
 ( 4, 4 ),
 ( 2, 2 ),
 ( 1.000000000000000000, 2.000000000000000000 ),
 ( 0.000000000000000000, 1.000000000000000000 ),
 .UNSPECIFIED. ) ;
#5385 = EDGE_CURVE ( 'NONE', #5880, #10125, #3651, .T. ) ;
#5386 = CARTESIAN_POINT ( 'NONE',  ( 0.5562441845641136196, 0.6871777987593001846, 0.7500000000000000000 ) ) ;
#5387 =( NAMED_UNIT ( * ) SI_UNIT ( $, .STERADIAN. ) SOLID_ANGLE_UNIT ( ) );
#5388 = FACE_OUTER_BOUND ( 'NONE', #5444, .T. ) ;
#5389 = CARTESIAN_POINT ( 'NONE',  ( 0.04084461688617826297, 0.8256801480311426467, 0.7500000000000000000 ) ) ;
#5390 = CIRCLE ( 'NONE', #9553, 0.1000000000000001582 ) ;
#5391 = SURFACE_STYLE_FILL_AREA ( #9340 ) ;
#5392 = ORIENTED_EDGE ( 'NONE', *, *, #5035, .T. ) ;
#5393 = ADVANCED_FACE ( 'NONE', ( #7515 ), #8381, .F. ) ;
#5394 = CARTESIAN_POINT ( 'NONE',  ( -0.8000000000000034861, 0.9999999999999976685, 0.000000000000000000 ) ) ;
#5395 = ORIENTED_EDGE ( 'NONE', *, *, #1460, .T. ) ;
#5396 = CARTESIAN_POINT ( 'NONE',  ( 0.8220799916069069235, 0.7953158968843083709, 0.7500000000000000000 ) ) ;
#5397 = VECTOR ( 'NONE', #3590, 1000.000000000000000 ) ;
#5398 = AXIS2_PLACEMENT_3D ( 'NONE', #4707, #1013, #10208 ) ;
#5399 = ORIENTED_EDGE ( 'NONE', *, *, #8233, .T. ) ;
#5400 = CARTESIAN_POINT ( 'NONE',  ( -0.9999999999999965583, -1.000000000000003997, 0.1800000000000000488 ) ) ;
#5401 = CARTESIAN_POINT ( 'NONE',  ( 0.09494956924428082923, 0.6344682967144802399, 0.7500000000000000000 ) ) ;
#5402 = CARTESIAN_POINT ( 'NONE',  ( 0.2892356075583163433, 0.6578318012680252069, 0.7600000000000000089 ) ) ;
#5403 = DIRECTION ( 'NONE',  ( 3.491481338843133355E-15, -1.000000000000000000, 0.000000000000000000 ) ) ;
#5404 = EDGE_CURVE ( 'NONE', #4590, #7138, #5513, .T. ) ;
#5405 = ORIENTED_EDGE ( 'NONE', *, *, #8124, .F. ) ;
#5406 = VECTOR ( 'NONE', #120, 1000.000000000000000 ) ;
#5407 = DIRECTION ( 'NONE',  ( 0.9910683662997703536, 0.1333547648938887276, 0.000000000000000000 ) ) ;
#5408 = ORIENTED_EDGE ( 'NONE', *, *, #8996, .F. ) ;
#5409 = DIRECTION ( 'NONE',  ( 0.000000000000000000, -1.000000000000000000, 0.000000000000000000 ) ) ;
#5410 = AXIS2_PLACEMENT_3D ( 'NONE', #972, #7223, #3463 ) ;
#5411 = ORIENTED_EDGE ( 'NONE', *, *, #4243, .T. ) ;
#5412 = CARTESIAN_POINT ( 'NONE',  ( 0.5449705888889437855, 0.8635764134440407913, 0.7600000000000000089 ) ) ;
#5413 = ORIENTED_EDGE ( 'NONE', *, *, #10039, .T. ) ;
#5414 = CARTESIAN_POINT ( 'NONE',  ( 0.6932957398326979881, 0.8718437169393019603, 0.7600000000000000089 ) ) ;
#5415 = EDGE_CURVE ( 'NONE', #9995, #9610, #7841, .T. ) ;
#5416 = LINE ( 'NONE', #7807, #583 ) ;
#5417 = AXIS2_PLACEMENT_3D ( 'NONE', #4434, #9098, #6800 ) ;
#5418 = CARTESIAN_POINT ( 'NONE',  ( 0.5449705888889437855, 0.8635764134440407913, 0.7600000000000000089 ) ) ;
#5419 = ORIENTED_EDGE ( 'NONE', *, *, #3186, .T. ) ;
#5420 = CARTESIAN_POINT ( 'NONE',  ( 0.1687290721208205557, 0.6781211364145969256, 0.7600000000000000089 ) ) ;
#5421 = VERTEX_POINT ( 'NONE', #4629 ) ;
#5422 = PLANE ( 'NONE',  #1241 ) ;
#5423 = ORIENTED_EDGE ( 'NONE', *, *, #5763, .F. ) ;
#5424 = PLANE ( 'NONE',  #1267 ) ;
#5425 = CARTESIAN_POINT ( 'NONE',  ( 0.1499999999999984679, 0.5000000000000007772, -0.02000000000000000042 ) ) ;
#5426 = EDGE_CURVE ( 'NONE', #6078, #6557, #7051, .T. ) ;
#5427 = PLANE ( 'NONE',  #1585 ) ;
#5428 = FILL_AREA_STYLE_COLOUR ( '', #691 ) ;
#5429 = CARTESIAN_POINT ( 'NONE',  ( 0.7028451385227174608, 0.7198933313072090057, 0.7500000000000000000 ) ) ;
#5430 = ORIENTED_EDGE ( 'NONE', *, *, #3869, .F. ) ;
#5431 = LINE ( 'NONE', #8516, #3292 ) ;
#5432 = EDGE_CURVE ( 'NONE', #9622, #446, #2290, .T. ) ;
#5433 = CARTESIAN_POINT ( 'NONE',  ( 0.6173868622858336153, 0.8051747668278049774, 0.7500000000000000000 ) ) ;
#5434 = ORIENTED_EDGE ( 'NONE', *, *, #8309, .T. ) ;
#5435 = ORIENTED_EDGE ( 'NONE', *, *, #2643, .T. ) ;
#5436 = DIRECTION ( 'NONE',  ( -0.000000000000000000, -0.000000000000000000, -1.000000000000000000 ) ) ;
#5437 = DIRECTION ( 'NONE',  ( -0.3559357243698730300, -0.9345104387417476621, -0.000000000000000000 ) ) ;
#5438 = DIRECTION ( 'NONE',  ( 3.491481338843133355E-15, -1.000000000000000000, -0.000000000000000000 ) ) ;
#5439 = CARTESIAN_POINT ( 'NONE',  ( 0.6268036304380679713, 0.6738705348443274623, 0.7600000000000000089 ) ) ;
#5440 = CARTESIAN_POINT ( 'NONE',  ( 0.6556728774028761642, 0.7198933313072078954, 0.7600000000000000089 ) ) ;
#5441 = ADVANCED_FACE ( 'NONE', ( #3009 ), #1406, .F. ) ;
#5442 = LINE ( 'NONE', #1656, #5172 ) ;
#5443 = LINE ( 'NONE', #2962, #5886 ) ;
#5444 = EDGE_LOOP ( 'NONE', ( #8150, #2053, #1635, #8816 ) ) ;
#5445 = DIRECTION ( 'NONE',  ( -0.000000000000000000, -0.000000000000000000, -1.000000000000000000 ) ) ;
#5446 = EDGE_CURVE ( 'NONE', #9794, #6588, #7676, .T. ) ;
#5447 = DIRECTION ( 'NONE',  ( -1.000000000000000000, -0.000000000000000000, -0.000000000000000000 ) ) ;
#5448 = ORIENTED_EDGE ( 'NONE', *, *, #6124, .F. ) ;
#5449 = B_SPLINE_SURFACE_WITH_KNOTS ( 'NONE', 3, 1, ( 
 ( #2749, #2795 ),
 ( #3431, #5789 ),
 ( #7491, #4256 ),
 ( #8304, #1137 ) ),
 .UNSPECIFIED., .F., .F., .F.,
 ( 4, 4 ),
 ( 2, 2 ),
 ( 8.000000000000000000, 9.000000000000000000 ),
 ( 0.000000000000000000, 1.000000000000000000 ),
 .UNSPECIFIED. ) ;
#5450 = CARTESIAN_POINT ( 'NONE',  ( 0.5514915903089311344, 0.6566727751671871394, 0.7600000000000000089 ) ) ;
#5451 = CARTESIAN_POINT ( 'NONE',  ( 0.8434114030316806065, 0.7255080240554047100, 0.7600000000000000089 ) ) ;
#5452 =( NAMED_UNIT ( * ) SI_UNIT ( $, .STERADIAN. ) SOLID_ANGLE_UNIT ( ) );
#5453 = SURFACE_STYLE_FILL_AREA ( #10287 ) ;
#5454 = EDGE_LOOP ( 'NONE', ( #7370, #8801, #8074, #9533, #1909, #115, #5411, #2922 ) ) ;
#5455 = CARTESIAN_POINT ( 'NONE',  ( 0.2892356075583163433, 0.6578318012680252069, 0.7500000000000000000 ) ) ;
#5456 = EDGE_LOOP ( 'NONE', ( #7979, #5569, #5938, #494 ) ) ;
#5457 = DIRECTION ( 'NONE',  ( 3.491481338843133355E-15, -1.000000000000000000, 0.000000000000000000 ) ) ;
#5458 = ORIENTED_EDGE ( 'NONE', *, *, #4363, .T. ) ;
#5459 = CARTESIAN_POINT ( 'NONE',  ( 0.5455011110383591877, 0.6566727751671871394, 0.7500000000000000000 ) ) ;
#5460 = ORIENTED_EDGE ( 'NONE', *, *, #3854, .F. ) ;
#5461 = DIRECTION ( 'NONE',  ( -0.000000000000000000, 0.000000000000000000, -1.000000000000000000 ) ) ;
#5462 =( GEOMETRIC_REPRESENTATION_CONTEXT ( 3 ) GLOBAL_UNCERTAINTY_ASSIGNED_CONTEXT ( ( #2 ) ) GLOBAL_UNIT_ASSIGNED_CONTEXT ( ( #6962, #2201, #1280 ) ) REPRESENTATION_CONTEXT ( 'NONE', 'WORKASPACE' ) );
#5463 = DIRECTION ( 'NONE',  ( -0.000000000000000000, 0.000000000000000000, -1.000000000000000000 ) ) ;
#5464 = ORIENTED_EDGE ( 'NONE', *, *, #8441, .T. ) ;
#5465 = EDGE_CURVE ( 'NONE', #5478, #6918, #7736, .T. ) ;
#5466 = CARTESIAN_POINT ( 'NONE',  ( 0.6690685616759852739, 0.8817910072409375077, 0.7600000000000000089 ) ) ;
#5467 = EDGE_LOOP ( 'NONE', ( #2352, #8956, #5012, #4944 ) ) ;
#5468 = CARTESIAN_POINT ( 'NONE',  ( 0.7891434081630708253, 0.8817910072409395061, 0.7500000000000000000 ) ) ;
#5469 = VECTOR ( 'NONE', #7120, 1000.000000000000114 ) ;
#5470 = CARTESIAN_POINT ( 'NONE',  ( 0.8011464717943481695, 0.6581317110782219926, 0.7600000000000000089 ) ) ;
#5471 = LINE ( 'NONE', #2316, #9313 ) ;
#5472 = B_SPLINE_CURVE_WITH_KNOTS ( 'NONE', 3,
 ( #7747, #10134, #3018, #1319 ),
 .UNSPECIFIED., .F., .F.,
 ( 4, 4 ),
 ( 26.00000000000000000, 27.00000000000000000 ),
 .UNSPECIFIED. ) ;
#5473 = LINE ( 'NONE', #3776, #2912 ) ;
#5474 = CARTESIAN_POINT ( 'NONE',  ( 0.4861931557500382972, 0.6679905810217201534, 0.7600000000000000089 ) ) ;
#5475 = CARTESIAN_POINT ( 'NONE',  ( 0.4042086474444112065, 0.7439078879575150571, 0.7600000000000000089 ) ) ;
#5476 = CARTESIAN_POINT ( 'NONE',  ( 0.4042086474444112065, 0.7439078879575150571, 0.7600000000000000089 ) ) ;
#5477 = PRESENTATION_LAYER_ASSIGNMENT (  '', '', ( #4170 ) ) ;
#5478 = VERTEX_POINT ( 'NONE', #3115 ) ;
#5479 = CARTESIAN_POINT ( 'NONE',  ( 0.4750300855225406127, 0.6581317110782198831, 0.7600000000000000089 ) ) ;
#5480 = EDGE_CURVE ( 'NONE', #7393, #2142, #3062, .T. ) ;
#5481 = SURFACE_SIDE_STYLE ('',( #10219 ) ) ;
#5482 = ORIENTED_EDGE ( 'NONE', *, *, #3966, .F. ) ;
#5483 = CARTESIAN_POINT ( 'NONE',  ( 0.4999999999999998890, 1.745740669421566283E-15, 0.000000000000000000 ) ) ;
#5484 = CARTESIAN_POINT ( 'NONE',  ( 0.9180381853849560736, 0.6581317110782219926, 0.7600000000000000089 ) ) ;
#5485 = DIRECTION ( 'NONE',  ( 3.491481338843133355E-15, -1.000000000000000000, 0.000000000000000000 ) ) ;
#5486 = LINE ( 'NONE', #7894, #3239 ) ;
#5487 = VECTOR ( 'NONE', #4608, 1000.000000000000000 ) ;
#5488 = CARTESIAN_POINT ( 'NONE',  ( 0.5962765017564184422, 0.7032260937794797551, 0.7600000000000000089 ) ) ;
#5489 = ADVANCED_FACE ( 'NONE', ( #9400 ), #2183, .F. ) ;
#5490 = LINE ( 'NONE', #8672, #2097 ) ;
#5491 = ORIENTED_EDGE ( 'NONE', *, *, #2459, .F. ) ;
#5492 = CARTESIAN_POINT ( 'NONE',  ( 0.2867762814141744943, 0.8933113626660968976, 0.7600000000000000089 ) ) ;
#5493 = EDGE_CURVE ( 'NONE', #8786, #7382, #7784, .T. ) ;
#5494 = FILL_AREA_STYLE ('',( #2291 ) ) ;
#5495 = AXIS2_PLACEMENT_3D ( 'NONE', #5592, #2228, #3841 ) ;
#5496 = ORIENTED_EDGE ( 'NONE', *, *, #9033, .F. ) ;
#5497 = CARTESIAN_POINT ( 'NONE',  ( 0.1207723999419626909, 0.6916473832993281778, 0.7500000000000000000 ) ) ;
#5498 = CARTESIAN_POINT ( 'NONE',  ( 0.5740829918386293196, 0.7213080570391704471, 0.7500000000000000000 ) ) ;
#5499 = CARTESIAN_POINT ( 'NONE',  ( 0.2714055516484271124, 0.6670542391278874161, 0.7600000000000000089 ) ) ;
#5500 = CARTESIAN_POINT ( 'NONE',  ( 0.6500000000000000222, 2.269462870248036681E-15, -0.02000000000000000042 ) ) ;
#5501 = EDGE_CURVE ( 'NONE', #4539, #9892, #5343, .T. ) ;
#5502 = LINE ( 'NONE', #5606, #6866 ) ;
#5503 = VERTEX_POINT ( 'NONE', #2233 ) ;
#5504 = UNCERTAINTY_MEASURE_WITH_UNIT (LENGTH_MEASURE( 1.000000000000000082E-05 ), #3531, 'distance_accuracy_value', 'NONE');
#5505 = LINE ( 'NONE', #10188, #10233 ) ;
#5506 = CARTESIAN_POINT ( 'NONE',  ( 0.5428927104703610285, 0.6755505216507020627, 0.7600000000000000089 ) ) ;
#5507 = VERTEX_POINT ( 'NONE', #5394 ) ;
#5508 = CARTESIAN_POINT ( 'NONE',  ( 0.7068461597331406887, 0.8817910072409375077, 0.7500000000000000000 ) ) ;
#5509 = ORIENTED_EDGE ( 'NONE', *, *, #9174, .T. ) ;
#5510 = CARTESIAN_POINT ( 'NONE',  ( 0.5358853970800290245, 0.8375808281222277829, 0.7600000000000000089 ) ) ;
#5511 = ORIENTED_EDGE ( 'NONE', *, *, #10013, .T. ) ;
#5512 = ADVANCED_FACE ( 'NONE', ( #3902 ), #6266, .F. ) ;
#5513 = B_SPLINE_CURVE_WITH_KNOTS ( 'NONE', 3,
 ( #666, #5492, #10232, #781 ),
 .UNSPECIFIED., .F., .F.,
 ( 4, 4 ),
 ( 1.000000000000000000, 2.000000000000000000 ),
 .UNSPECIFIED. ) ;
#5514 = AXIS2_PLACEMENT_3D ( 'NONE', #2170, #4667, #5331 ) ;
#5515 = EDGE_CURVE ( 'NONE', #2196, #2100, #7609, .T. ) ;
#5516 = UNCERTAINTY_MEASURE_WITH_UNIT (LENGTH_MEASURE( 1.000000000000000082E-05 ), #8012, 'distance_accuracy_value', 'NONE');
#5517 = CARTESIAN_POINT ( 'NONE',  ( 0.6690685616759873833, 0.7953158968843083709, 0.7600000000000000089 ) ) ;
#5518 = VERTEX_POINT ( 'NONE', #10076 ) ;
#5519 = CARTESIAN_POINT ( 'NONE',  ( 0.2572644849541571022, 0.9049931171414477005, 0.7600000000000000089 ) ) ;
#5520 = VERTEX_POINT ( 'NONE', #4579 ) ;
#5521 = DIRECTION ( 'NONE',  ( 1.000000000000000000, 0.000000000000000000, 0.000000000000000000 ) ) ;
#5522 = CARTESIAN_POINT ( 'NONE',  ( 0.8000000000000034861, -1.000999999999997447, 0.1800000000000000211 ) ) ;
#5523 = CARTESIAN_POINT ( 'NONE',  ( 0.4861931557500361323, 0.7346595311332124734, 0.7600000000000000089 ) ) ;
#5524 = FILL_AREA_STYLE ('',( #5428 ) ) ;
#5525 = EDGE_CURVE ( 'NONE', #7558, #9905, #4419, .T. ) ;
#5526 = B_SPLINE_CURVE_WITH_KNOTS ( 'NONE', 3,
 ( #1408, #8529, #9453, #8676 ),
 .UNSPECIFIED., .F., .F.,
 ( 4, 4 ),
 ( 2.000000000000000000, 3.000000000000000000 ),
 .UNSPECIFIED. ) ;
#5527 = EDGE_LOOP ( 'NONE', ( #4529, #6797, #2839, #1995 ) ) ;
#5528 = CARTESIAN_POINT ( 'NONE',  ( 0.6074395719839118524, 0.7017229476893762641, 0.7600000000000000089 ) ) ;
#5529 = ORIENTED_EDGE ( 'NONE', *, *, #4825, .F. ) ;
#5530 = ORIENTED_EDGE ( 'NONE', *, *, #2314, .T. ) ;
#5531 = CARTESIAN_POINT ( 'NONE',  ( 0.8097453516326206246, 0.7953158968843052623, 0.7500000000000000000 ) ) ;
#5532 = PRESENTATION_LAYER_ASSIGNMENT (  '', '', ( #914 ) ) ;
#5533 = CARTESIAN_POINT ( 'NONE',  ( -0.5999999999999982014, -0.5000000000000018874, -0.02000000000000000042 ) ) ;
#5534 =( NAMED_UNIT ( * ) PLANE_ANGLE_UNIT ( ) SI_UNIT ( $, .RADIAN. ) );
#5535 = LINE ( 'NONE', #5338, #7634 ) ;
#5536 = CARTESIAN_POINT ( 'NONE',  ( 0.6268036304380679713, 0.6738705348443274623, 0.7500000000000000000 ) ) ;
#5537 = CARTESIAN_POINT ( 'NONE',  ( 0.5691535568668817380, 0.6739147450233931025, 0.7600000000000000089 ) ) ;
#5538 = EDGE_CURVE ( 'NONE', #3488, #9862, #6380, .T. ) ;
#5539 = ORIENTED_EDGE ( 'NONE', *, *, #648, .T. ) ;
#5540 = AXIS2_PLACEMENT_3D ( 'NONE', #371, #2815, #3549 ) ;
#5541 = DIRECTION ( 'NONE',  ( -0.000000000000000000, 0.000000000000000000, -1.000000000000000000 ) ) ;
#5542 = EDGE_LOOP ( 'NONE', ( #10095, #5317, #6637, #9175 ) ) ;
#5543 = EDGE_CURVE ( 'NONE', #22, #1855, #3795, .T. ) ;
#5544 = DIRECTION ( 'NONE',  ( -1.000000000000000000, -0.000000000000000000, -0.000000000000000000 ) ) ;
#5545 = DIRECTION ( 'NONE',  ( 0.000000000000000000, 0.000000000000000000, 1.000000000000000000 ) ) ;
#5546 = CARTESIAN_POINT ( 'NONE',  ( 0.5000000000000034417, -1.000999999999998558, -0.02000000000000000042 ) ) ;
#5547 = VECTOR ( 'NONE', #713, 1000.000000000000000 ) ;
#5548 = PRESENTATION_STYLE_ASSIGNMENT (( #6906 ) ) ;
#5549 = CARTESIAN_POINT ( 'NONE',  ( 0.6605802072850910367, 0.6411992124754916089, 0.7600000000000000089 ) ) ;
#5550 = CARTESIAN_POINT ( 'NONE',  ( 0.7184955419312778480, 0.8141936433678232943, 0.7600000000000000089 ) ) ;
#5551 = ADVANCED_FACE ( 'NONE', ( #4833 ), #9515, .F. ) ;
#5552 = EDGE_LOOP ( 'NONE', ( #2790, #765, #7647, #8279 ) ) ;
#5553 = CARTESIAN_POINT ( 'NONE',  ( 0.6527329004912759691, 0.8051747668278049774, 0.7600000000000000089 ) ) ;
#5554 = AXIS2_PLACEMENT_3D ( 'NONE', #6286, #2308, #4698 ) ;
#5555 = VECTOR ( 'NONE', #1736, 1000.000000000000000 ) ;
#5556 = B_SPLINE_CURVE_WITH_KNOTS ( 'NONE', 3,
 ( #9853, #6628, #9804, #7712 ),
 .UNSPECIFIED., .F., .F.,
 ( 4, 4 ),
 ( 4.000000000000000000, 5.000000000000000000 ),
 .UNSPECIFIED. ) ;
#5557 = CARTESIAN_POINT ( 'NONE',  ( 0.7277354693672223318, 0.8393492352867428785, 0.7500000000000000000 ) ) ;
#5558 = EDGE_CURVE ( 'NONE', #3640, #1483, #4779, .T. ) ;
#5559 = VERTEX_POINT ( 'NONE', #8005 ) ;
#5560 = DIRECTION ( 'NONE',  ( -1.000000000000000000, 0.000000000000000000, 0.000000000000000000 ) ) ;
#5561 = ORIENTED_EDGE ( 'NONE', *, *, #3379, .F. ) ;
#5562 = CARTESIAN_POINT ( 'NONE',  ( 0.5815324070202413376, 0.6978766621056951003, 0.7600000000000000089 ) ) ;
#5563 = CARTESIAN_POINT ( 'NONE',  ( 0.5241696996132929609, 0.8369176754350188263, 0.7500000000000000000 ) ) ;
#5564 = VECTOR ( 'NONE', #9805, 1000.000000000000000 ) ;
#5565 = LINE ( 'NONE', #856, #731 ) ;
#5566 = CARTESIAN_POINT ( 'NONE',  ( 0.6173868622858336153, 0.8051747668278049774, 0.7600000000000000089 ) ) ;
#5567 = EDGE_CURVE ( 'NONE', #3213, #8456, #4156, .T. ) ;
#5568 = LINE ( 'NONE', #4754, #8735 ) ;
#5569 = ORIENTED_EDGE ( 'NONE', *, *, #2854, .F. ) ;
#5570 = MECHANICAL_DESIGN_GEOMETRIC_PRESENTATION_REPRESENTATION (  '', ( #10059 ), #2436 ) ;
#5571 = EDGE_CURVE ( 'NONE', #7717, #2014, #6586, .T. ) ;
#5572 = CARTESIAN_POINT ( 'NONE',  ( 0.2265230254223644657, 0.9049931171414477005, 0.7600000000000000089 ) ) ;
#5573 = ORIENTED_EDGE ( 'NONE', *, *, #5839, .F. ) ;
#5574 = CARTESIAN_POINT ( 'NONE',  ( 0.6342972557987428539, 0.6851441305197928378, 0.7600000000000000089 ) ) ;
#5575 = VERTEX_POINT ( 'NONE', #1715 ) ;
#5576 = CARTESIAN_POINT ( 'NONE',  ( 0.5525747396972909842, 0.7938569609732751831, 0.7500000000000000000 ) ) ;
#5577 = CARTESIAN_POINT ( 'NONE',  ( 0.1499999999999964695, 1.000000000000000888, 0.1800000000000000488 ) ) ;
#5578 = CARTESIAN_POINT ( 'NONE',  ( 0.6342972557987428539, 0.6851441305197928378, 0.7500000000000000000 ) ) ;
#5579 = PRESENTATION_LAYER_ASSIGNMENT (  '', '', ( #10067 ) ) ;
#5580 = CARTESIAN_POINT ( 'NONE',  ( 0.6173868622858413868, 0.8441681448105246011, 0.7600000000000000089 ) ) ;
#5581 = B_SPLINE_CURVE_WITH_KNOTS ( 'NONE', 3,
 ( #5470, #7027, #4953, #8128 ),
 .UNSPECIFIED., .F., .F.,
 ( 4, 4 ),
 ( 5.000000000000000000, 6.000000000000000000 ),
 .UNSPECIFIED. ) ;
#5582 = ORIENTED_EDGE ( 'NONE', *, *, #3854, .T. ) ;
#5583 = CARTESIAN_POINT ( 'NONE',  ( 0.6074395719839118524, 0.7041987177201679549, 0.7500000000000000000 ) ) ;
#5584 = DIRECTION ( 'NONE',  ( 0.000000000000000000, 0.000000000000000000, -1.000000000000000000 ) ) ;
#5585 = VERTEX_POINT ( 'NONE', #834 ) ;
#5586 = ORIENTED_EDGE ( 'NONE', *, *, #7623, .F. ) ;
#5587 = PRESENTATION_STYLE_ASSIGNMENT (( #7282 ) ) ;
#5588 = CARTESIAN_POINT ( 'NONE',  ( 0.5511600139656240849, 0.7213080570391718904, 0.7500000000000000000 ) ) ;
#5589 = FILL_AREA_STYLE ('',( #8717 ) ) ;
#5590 = CARTESIAN_POINT ( 'NONE',  ( 0.8922857560480198513, 0.7286911569518822462, 0.7500000000000000000 ) ) ;
#5591 = LINE ( 'NONE', #7242, #78 ) ;
#5592 = CARTESIAN_POINT ( 'NONE',  ( 0.9057698606792714546, 0.6915546064918139946, 0.7600000000000000089 ) ) ;
#5593 = LINE ( 'NONE', #3437, #588 ) ;
#5594 = COLOUR_RGB ( '',0.6666666666666666297, 0.6666666666666666297, 0.6666666666666666297 ) ;
#5595 = PLANE ( 'NONE',  #6414 ) ;
#5596 =( LENGTH_UNIT ( ) NAMED_UNIT ( * ) SI_UNIT ( .MILLI., .METRE. ) );
#5597 = ORIENTED_EDGE ( 'NONE', *, *, #4023, .F. ) ;
#5598 = DIRECTION ( 'NONE',  ( -0.000000000000000000, 1.000000000000000000, -0.000000000000000000 ) ) ;
#5599 = ADVANCED_FACE ( 'NONE', ( #1609 ), #5595, .F. ) ;
#5600 = VECTOR ( 'NONE', #7294, 1000.000000000000000 ) ;
#5601 = CARTESIAN_POINT ( 'NONE',  ( 0.3218215265175511375, 0.6953363725158325792, 0.7500000000000000000 ) ) ;
#5602 = CARTESIAN_POINT ( 'NONE',  ( 0.8732090637575159464, 0.6817841569064504448, 0.7600000000000000089 ) ) ;
#5603 = CARTESIAN_POINT ( 'NONE',  ( 0.6173868622858398325, 0.8718437169393019603, 0.7600000000000000089 ) ) ;
#5604 = CARTESIAN_POINT ( 'NONE',  ( 0.7566047163314477686, 0.7069839590044382227, 0.7500000000000000000 ) ) ;
#5605 = B_SPLINE_CURVE_WITH_KNOTS ( 'NONE', 3,
 ( #8781, #6271, #5498, #7057 ),
 .UNSPECIFIED., .F., .F.,
 ( 4, 4 ),
 ( 1.000000000000000000, 2.000000000000000000 ),
 .UNSPECIFIED. ) ;
#5606 = CARTESIAN_POINT ( 'NONE',  ( 0.2738648777922717548, 0.7629676069394741855, 0.7500000000000000000 ) ) ;
#5607 = ORIENTED_EDGE ( 'NONE', *, *, #9246, .F. ) ;
#5608 = UNCERTAINTY_MEASURE_WITH_UNIT (LENGTH_MEASURE( 1.000000000000000082E-05 ), #6801, 'distance_accuracy_value', 'NONE');
#5609 = EDGE_LOOP ( 'NONE', ( #9518, #1813, #5482, #8858 ) ) ;
#5610 = CARTESIAN_POINT ( 'NONE',  ( 0.8015885735850307725, 0.7346595311332154710, 0.7600000000000000089 ) ) ;
#5611 = DIRECTION ( 'NONE',  ( 0.000000000000000000, 0.000000000000000000, -1.000000000000000000 ) ) ;
#5612 = ORIENTED_EDGE ( 'NONE', *, *, #8244, .T. ) ;
#5614 = ADVANCED_FACE ( 'NONE', ( #4003, #5650 ), #8932, .F. ) ;
#5613 = CARTESIAN_POINT ( 'NONE',  ( 0.6483118825793947604, 0.8342650646879571363, 0.7600000000000000089 ) ) ;
#5615 = ORIENTED_EDGE ( 'NONE', *, *, #4854, .F. ) ;
#5616 = CARTESIAN_POINT ( 'NONE',  ( 0.7813845217276892408, 0.8646816679219360147, 0.7600000000000000089 ) ) ;
#5617 = DIRECTION ( 'NONE',  ( 0.000000000000000000, 0.000000000000000000, 1.000000000000000000 ) ) ;
#5618 = CARTESIAN_POINT ( 'NONE',  ( 0.5889155069332399073, 0.8797131288223546397, 0.7500000000000000000 ) ) ;
#5619 = B_SPLINE_SURFACE_WITH_KNOTS ( 'NONE', 3, 1, ( 
 ( #10222, #4522 ),
 ( #2224, #556 ),
 ( #7777, #5243 ),
 ( #7615, #4671 ) ),
 .UNSPECIFIED., .F., .F., .F.,
 ( 4, 4 ),
 ( 2, 2 ),
 ( 33.00000000000000000, 34.00000000000000000 ),
 ( 0.000000000000000000, 1.000000000000000000 ),
 .UNSPECIFIED. ) ;
#5620 = CARTESIAN_POINT ( 'NONE',  ( 0.4042086474444112065, 0.7223888662852913090, 0.7500000000000000000 ) ) ;
#5621 = ADVANCED_FACE ( 'NONE', ( #7954 ), #2551, .F. ) ;
#5622 = UNCERTAINTY_MEASURE_WITH_UNIT (LENGTH_MEASURE( 1.000000000000000082E-05 ), #6654, 'distance_accuracy_value', 'NONE');
#5623 = CARTESIAN_POINT ( 'NONE',  ( 1.000000000000003553, -0.9999999999999961142, 0.7500000000000000000 ) ) ;
#5624 = VERTEX_POINT ( 'NONE', #8159 ) ;
#5625 = EDGE_CURVE ( 'NONE', #4223, #6943, #6427, .T. ) ;
#5626 = ADVANCED_FACE ( 'NONE', ( #6480, #9611 ), #8829, .T. ) ;
#5627 = ORIENTED_EDGE ( 'NONE', *, *, #7608, .T. ) ;
#5628 = DIRECTION ( 'NONE',  ( 0.000000000000000000, -1.000000000000000000, 0.000000000000000000 ) ) ;
#5629 = ORIENTED_EDGE ( 'NONE', *, *, #223, .T. ) ;
#5630 = DIRECTION ( 'NONE',  ( -0.000000000000000000, -0.000000000000000000, -1.000000000000000000 ) ) ;
#5631 = DIRECTION ( 'NONE',  ( -0.000000000000000000, -0.000000000000000000, -1.000000000000000000 ) ) ;
#5632 = PRODUCT_CONTEXT ( 'NONE', #8504, 'mechanical' ) ;
#5633 = VECTOR ( 'NONE', #6984, 1000.000000000000114 ) ;
#5634 = ADVANCED_FACE ( 'NONE', ( #946 ), #150, .F. ) ;
#5635 = CARTESIAN_POINT ( 'NONE',  ( 0.5457663721130647794, 0.6833757233546897680, 0.7500000000000000000 ) ) ;
#5636 = ORIENTED_EDGE ( 'NONE', *, *, #7935, .T. ) ;
#5637 = FACE_OUTER_BOUND ( 'NONE', #1208, .T. ) ;
#5638 = DIRECTION ( 'NONE',  ( -0.000000000000000000, -0.000000000000000000, -1.000000000000000000 ) ) ;
#5639 = ORIENTED_EDGE ( 'NONE', *, *, #3609, .T. ) ;
#5640 = VECTOR ( 'NONE', #2405, 1000.000000000000000 ) ;
#5641 = VERTEX_POINT ( 'NONE', #49 ) ;
#5642 = ORIENTED_EDGE ( 'NONE', *, *, #3570, .T. ) ;
#5643 = CARTESIAN_POINT ( 'NONE',  ( -0.7081802701769347452, -0.6148992480723534104, 0.7500000000000000000 ) ) ;
#5644 = ORIENTED_EDGE ( 'NONE', *, *, #4023, .T. ) ;
#5645 = DIRECTION ( 'NONE',  ( 0.000000000000000000, 0.000000000000000000, 1.000000000000000000 ) ) ;
#5646 = CARTESIAN_POINT ( 'NONE',  ( 0.8267883756830199937, 0.6770094575617373600, 0.7600000000000000089 ) ) ;
#5647 = CARTESIAN_POINT ( 'NONE',  ( 0.6129658443739728346, 0.6566727751671871394, 0.7500000000000000000 ) ) ;
#5648 = CARTESIAN_POINT ( 'NONE',  ( 0.6622601940914670804, 0.6290414132174785289, 0.7500000000000000000 ) ) ;
#5649 = COLOUR_RGB ( '',0.6666666666666666297, 0.6666666666666666297, 0.6666666666666666297 ) ;
#5650 = FACE_BOUND ( 'NONE', #7596, .T. ) ;
#5651 = SURFACE_SIDE_STYLE ('',( #3227 ) ) ;
#5652 = VERTEX_POINT ( 'NONE', #994 ) ;
#5653 = CARTESIAN_POINT ( 'NONE',  ( 0.6268036304380679713, 0.6738705348443274623, 0.7500000000000000000 ) ) ;
#5654 = VECTOR ( 'NONE', #5678, 1000.000000000000000 ) ;
#5655 = DIRECTION ( 'NONE',  ( -3.491481338843133355E-15, 1.000000000000000000, 0.000000000000000000 ) ) ;
#5656 = FACE_OUTER_BOUND ( 'NONE', #5215, .T. ) ;
#5657 = PLANE ( 'NONE',  #8384 ) ;
#5658 = CARTESIAN_POINT ( 'NONE',  ( 0.6192657948983233407, 0.7125102313944980947, 0.7500000000000000000 ) ) ;
#5659 = FILL_AREA_STYLE_COLOUR ( '', #5378 ) ;
#5660 = VERTEX_POINT ( 'NONE', #199 ) ;
#5661 = EDGE_CURVE ( 'NONE', #9267, #7214, #2054, .T. ) ;
#5662 = STYLED_ITEM ( 'NONE', ( #9854 ), #10120 ) ;
#5663 = DIRECTION ( 'NONE',  ( -0.000000000000000000, -0.000000000000000000, -1.000000000000000000 ) ) ;
#5664 = LINE ( 'NONE', #4278, #9594 ) ;
#5665 = VERTEX_POINT ( 'NONE', #7346 ) ;
#5666 = PLANE ( 'NONE',  #3230 ) ;
#5667 = VERTEX_POINT ( 'NONE', #2660 ) ;
#5668 = LINE ( 'NONE', #7265, #4435 ) ;
#5669 = CARTESIAN_POINT ( 'NONE',  ( 0.6507655475206604034, 0.8817910072409375077, 0.7600000000000000089 ) ) ;
#5670 = DIRECTION ( 'NONE',  ( 0.3409177962187311950, 0.9400931103999027316, 0.000000000000000000 ) ) ;
#5671 =( NAMED_UNIT ( * ) PLANE_ANGLE_UNIT ( ) SI_UNIT ( $, .RADIAN. ) );
#5672 = EDGE_CURVE ( 'NONE', #7023, #3197, #5846, .T. ) ;
#5673 = ORIENTED_EDGE ( 'NONE', *, *, #5762, .F. ) ;
#5674 = CARTESIAN_POINT ( 'NONE',  ( 0.1499999999999964695, 1.001000000000000778, 0.1800000000000000211 ) ) ;
#5675 = EDGE_CURVE ( 'NONE', #2784, #900, #9185, .T. ) ;
#5676 = VERTEX_POINT ( 'NONE', #7559 ) ;
#5677 = VERTEX_POINT ( 'NONE', #9085 ) ;
#5678 = DIRECTION ( 'NONE',  ( -0.000000000000000000, -0.000000000000000000, -1.000000000000000000 ) ) ;
#5679 = CARTESIAN_POINT ( 'NONE',  ( 0.8922857560480198513, 0.7286911569518822462, 0.7600000000000000089 ) ) ;
#5680 = CARTESIAN_POINT ( 'NONE',  ( 0.01194762850846879318, 0.7555896285076423302, 0.7600000000000000089 ) ) ;
#5681 = EDGE_CURVE ( 'NONE', #669, #77, #3686, .T. ) ;
#5682 = EDGE_LOOP ( 'NONE', ( #8654, #208, #2504, #2234 ) ) ;
#5683 = PLANE ( 'NONE',  #6911 ) ;
#5684 =( GEOMETRIC_REPRESENTATION_CONTEXT ( 3 ) GLOBAL_UNCERTAINTY_ASSIGNED_CONTEXT ( ( #7158 ) ) GLOBAL_UNIT_ASSIGNED_CONTEXT ( ( #7008, #6130, #10089 ) ) REPRESENTATION_CONTEXT ( 'NONE', 'WORKASPACE' ) );
#5685 = CARTESIAN_POINT ( 'NONE',  ( 0.8767458780877206426, 0.6915546064918139946, 0.7600000000000000089 ) ) ;
#5686 = EDGE_CURVE ( 'NONE', #99, #1447, #460, .T. ) ;
#5687 = ORIENTED_EDGE ( 'NONE', *, *, #8821, .F. ) ;
#5688 = CARTESIAN_POINT ( 'NONE',  ( 0.7351185692799341309, 0.8626922098614905332, 0.7500000000000000000 ) ) ;
#5689 = CARTESIAN_POINT ( 'NONE',  ( 0.5590515309382118048, 0.6655590211699972114, 0.7500000000000000000 ) ) ;
#5690 = ORIENTED_EDGE ( 'NONE', *, *, #4367, .F. ) ;
#5691 = DIRECTION ( 'NONE',  ( 3.491481338843133355E-15, -1.000000000000000000, 0.000000000000000000 ) ) ;
#5692 = CARTESIAN_POINT ( 'NONE',  ( 0.7827992474596511263, 0.8707384624614092905, 0.7500000000000000000 ) ) ;
#5693 = B_SPLINE_SURFACE_WITH_KNOTS ( 'NONE', 3, 1, ( 
 ( #702, #3151 ),
 ( #5733, #978 ),
 ( #8142, #6565 ),
 ( #3366, #4815 ) ),
 .UNSPECIFIED., .F., .F., .F.,
 ( 4, 4 ),
 ( 2, 2 ),
 ( 0.000000000000000000, 1.000000000000000000 ),
 ( 0.000000000000000000, 1.000000000000000000 ),
 .UNSPECIFIED. ) ;
#5694 = CARTESIAN_POINT ( 'NONE',  ( 0.6203268391971467066, 0.6931461729400500982, 0.7500000000000000000 ) ) ;
#5695 = AXIS2_PLACEMENT_3D ( 'NONE', #4173, #2077, #464 ) ;
#5696 = ORIENTED_EDGE ( 'NONE', *, *, #3110, .F. ) ;
#5697 = CARTESIAN_POINT ( 'NONE',  ( -0.7999999999999964917, -1.001000000000003221, 0.1800000000000000211 ) ) ;
#5698 = AXIS2_PLACEMENT_3D ( 'NONE', #7060, #6855, #6021 ) ;
#5699 = DIRECTION ( 'NONE',  ( 0.000000000000000000, -0.000000000000000000, -1.000000000000000000 ) ) ;
#5700 = ORIENTED_EDGE ( 'NONE', *, *, #868, .F. ) ;
#5701 = EDGE_CURVE ( 'NONE', #1789, #5296, #4318, .T. ) ;
#5702 = CARTESIAN_POINT ( 'NONE',  ( 0.7256796960381816097, 0.7346595311332154710, 0.7600000000000000089 ) ) ;
#5703 = ADVANCED_FACE ( 'NONE', ( #3641 ), #9138, .F. ) ;
#5704 = CARTESIAN_POINT ( 'NONE',  ( 0.5972933358761747247, 0.6961524651202503078, 0.7500000000000000000 ) ) ;
#5705 = CARTESIAN_POINT ( 'NONE',  ( 0.5278612495696457518, 0.8135304906812018677, 0.7500000000000000000 ) ) ;
#5706 = EDGE_CURVE ( 'NONE', #484, #9622, #8262, .T. ) ;
#5707 = SURFACE_STYLE_FILL_AREA ( #4162 ) ;
#5708 = CARTESIAN_POINT ( 'NONE',  ( 0.8896773554794356054, 0.7274974821158513016, 0.7500000000000000000 ) ) ;
#5709 = AXIS2_PLACEMENT_3D ( 'NONE', #6058, #2329, #2285 ) ;
#5710 = CARTESIAN_POINT ( 'NONE',  ( 0.6013827774447363383, 0.6907588232679849893, 0.7600000000000000089 ) ) ;
#5711 = VECTOR ( 'NONE', #5461, 1000.000000000000000 ) ;
#5712 = ORIENTED_EDGE ( 'NONE', *, *, #9135, .F. ) ;
#5713 = CARTESIAN_POINT ( 'NONE',  ( 0.5358853970800290245, 0.8375808281222277829, 0.7500000000000000000 ) ) ;
#5714 = ORIENTED_EDGE ( 'NONE', *, *, #4695, .F. ) ;
#5715 = CARTESIAN_POINT ( 'NONE',  ( 0.1500000000000017986, -0.4999999999999992784, -0.02000000000000000042 ) ) ;
#5716 = VERTEX_POINT ( 'NONE', #6835 ) ;
#5717 = CARTESIAN_POINT ( 'NONE',  ( 0.7823792507579132582, 0.8681300618934142399, 0.7600000000000000089 ) ) ;
#5718 = PRESENTATION_STYLE_ASSIGNMENT (( #2676 ) ) ;
#5719 = ADVANCED_FACE ( 'NONE', ( #1925 ), #6344, .T. ) ;
#5720 = DIRECTION ( 'NONE',  ( 0.000000000000000000, 0.000000000000000000, 1.000000000000000000 ) ) ;
#5721 = CARTESIAN_POINT ( 'NONE',  ( 0.8974362419154079396, 0.7446068214348521286, 0.7600000000000000089 ) ) ;
#5722 = DIRECTION ( 'NONE',  ( -3.491481338843133355E-15, 1.000000000000000000, 0.000000000000000000 ) ) ;
#5723 = VECTOR ( 'NONE', #4753, 1000.000000000000000 ) ;
#5724 = VECTOR ( 'NONE', #7495, 1000.000000000000000 ) ;
#5725 = CARTESIAN_POINT ( 'NONE',  ( 0.7891434081630708253, 0.8817910072409395061, 0.7600000000000000089 ) ) ;
#5726 = ORIENTED_EDGE ( 'NONE', *, *, #2039, .T. ) ;
#5727 = VECTOR ( 'NONE', #4205, 1000.000000000000000 ) ;
#5728 = EDGE_LOOP ( 'NONE', ( #8651, #9697, #8608, #9613 ) ) ;
#5729 = CARTESIAN_POINT ( 'NONE',  ( 0.5366590752143179932, 0.8705174115654762401, 0.7500000000000000000 ) ) ;
#5730 = EDGE_CURVE ( 'NONE', #7226, #9936, #361, .T. ) ;
#5731 = EDGE_LOOP ( 'NONE', ( #1972, #3525, #1131, #4478 ) ) ;
#5732 = DIRECTION ( 'NONE',  ( -0.000000000000000000, 0.000000000000000000, -1.000000000000000000 ) ) ;
#5733 = CARTESIAN_POINT ( 'NONE',  ( 0.3365774599282234658, 0.8428953665413836394, 0.7600000000000000089 ) ) ;
#5734 = CARTESIAN_POINT ( 'NONE',  ( 0.5661472646869724068, 0.6603422200340092196, 0.7600000000000000089 ) ) ;
#5735 = VECTOR ( 'NONE', #7217, 1000.000000000000000 ) ;
#5736 = ORIENTED_EDGE ( 'NONE', *, *, #1130, .F. ) ;
#5737 = CARTESIAN_POINT ( 'NONE',  ( 0.8000000000000008216, -0.2809999999999975850, 0.000000000000000000 ) ) ;
#5738 = LINE ( 'NONE', #7235, #8680 ) ;
#5739 = VERTEX_POINT ( 'NONE', #8206 ) ;
#5740 = EDGE_LOOP ( 'NONE', ( #2464, #6441, #8970, #8117 ) ) ;
#5741 = SURFACE_STYLE_FILL_AREA ( #2596 ) ;
#5742 = CARTESIAN_POINT ( 'NONE',  ( 0.3218215265175511375, 0.6953363725158325792, 0.7600000000000000089 ) ) ;
#5743 = ADVANCED_FACE ( 'NONE', ( #6786 ), #2759, .F. ) ;
#5744 = AXIS2_PLACEMENT_3D ( 'NONE', #6437, #3343, #9621 ) ;
#5745 = CARTESIAN_POINT ( 'NONE',  ( 0.8347241028346763514, 0.6702453001565782387, 0.7500000000000000000 ) ) ;
#5746 = DIRECTION ( 'NONE',  ( -0.000000000000000000, 0.000000000000000000, -1.000000000000000000 ) ) ;
#5747 = FILL_AREA_STYLE ('',( #2377 ) ) ;
#5748 = CARTESIAN_POINT ( 'NONE',  ( 0.8015885735850307725, 0.7346595311332154710, 0.7600000000000000089 ) ) ;
#5749 = ORIENTED_EDGE ( 'NONE', *, *, #2720, .T. ) ;
#5750 = EDGE_CURVE ( 'NONE', #8445, #2142, #6001, .T. ) ;
#5751 = CARTESIAN_POINT ( 'NONE',  ( 0.3248956959245164478, 0.8594957535163255669, 0.7500000000000000000 ) ) ;
#5752 = AXIS2_PLACEMENT_3D ( 'NONE', #1771, #9661, #4054 ) ;
#5753 =( NAMED_UNIT ( * ) PLANE_ANGLE_UNIT ( ) SI_UNIT ( $, .RADIAN. ) );
#5754 = LINE ( 'NONE', #3229, #6088 ) ;
#5755 = EDGE_CURVE ( 'NONE', #5984, #6470, #5239, .T. ) ;
#5756 = PLANE ( 'NONE',  #3909 ) ;
#5757 = PRESENTATION_STYLE_ASSIGNMENT (( #7204 ) ) ;
#5758 = CARTESIAN_POINT ( 'NONE',  ( 0.5598252090727940944, 0.6566727751671871394, 0.7500000000000000000 ) ) ;
#5759 = VECTOR ( 'NONE', #7624, 1000.000000000000000 ) ;
#5760 = DIRECTION ( 'NONE',  ( 3.491481338843133355E-15, -1.000000000000000000, 0.000000000000000000 ) ) ;
#5761 = ORIENTED_EDGE ( 'NONE', *, *, #2969, .T. ) ;
#5762 = EDGE_CURVE ( 'NONE', #1483, #5787, #8132, .T. ) ;
#5763 = EDGE_CURVE ( 'NONE', #5376, #6393, #9977, .T. ) ;
#5764 = CARTESIAN_POINT ( 'NONE',  ( 0.9057698606792714546, 0.6915546064918139946, 0.7500000000000000000 ) ) ;
#5765 = PLANE ( 'NONE',  #5922 ) ;
#5766 = VECTOR ( 'NONE', #1875, 1000.000000000000000 ) ;
#5767 = ORIENTED_EDGE ( 'NONE', *, *, #2788, .T. ) ;
#5768 = CARTESIAN_POINT ( 'NONE',  ( 0.7264312690829315411, 0.8703405708492010229, 0.7500000000000000000 ) ) ;
#5769 = VERTEX_POINT ( 'NONE', #1299 ) ;
#5770 = CARTESIAN_POINT ( 'NONE',  ( 0.8347241028346763514, 0.6702453001565782387, 0.7500000000000000000 ) ) ;
#5771 = FACE_OUTER_BOUND ( 'NONE', #785, .T. ) ;
#5772 = FACE_OUTER_BOUND ( 'NONE', #3528, .T. ) ;
#5773 = ADVANCED_FACE ( 'NONE', ( #1871 ), #5030, .T. ) ;
#5774 = ORIENTED_EDGE ( 'NONE', *, *, #1229, .F. ) ;
#5775 = CARTESIAN_POINT ( 'NONE',  ( 0.1453655792945113823, 0.7408337537313613996, 0.7500000000000000000 ) ) ;
#5776 = ORIENTED_EDGE ( 'NONE', *, *, #1255, .T. ) ;
#5777 = ORIENTED_EDGE ( 'NONE', *, *, #8483, .F. ) ;
#5778 = CARTESIAN_POINT ( 'NONE',  ( 0.2941542129388484694, 0.6953363725158325792, 0.7500000000000000000 ) ) ;
#5779 = ORIENTED_EDGE ( 'NONE', *, *, #5493, .T. ) ;
#5780 = DIRECTION ( 'NONE',  ( -0.000000000000000000, -0.000000000000000000, -1.000000000000000000 ) ) ;
#5781 = B_SPLINE_SURFACE_WITH_KNOTS ( 'NONE', 3, 1, ( 
 ( #9031, #2028 ),
 ( #4984, #6749 ),
 ( #7564, #1928 ),
 ( #9767, #8936 ) ),
 .UNSPECIFIED., .F., .F., .F.,
 ( 4, 4 ),
 ( 2, 2 ),
 ( 21.00000000000000000, 22.00000000000000000 ),
 ( 0.000000000000000000, 1.000000000000000000 ),
 .UNSPECIFIED. ) ;
#5782 = EDGE_CURVE ( 'NONE', #8297, #2740, #6979, .T. ) ;
#5783 = VERTEX_POINT ( 'NONE', #9330 ) ;
#5784 = CARTESIAN_POINT ( 'NONE',  ( 0.5707009131360528675, 0.7074702709747802132, 0.7600000000000000089 ) ) ;
#5785 = CARTESIAN_POINT ( 'NONE',  ( 0.6457919023698426297, 0.6299256168000324507, 0.7600000000000000089 ) ) ;
#5786 = EDGE_LOOP ( 'NONE', ( #3798, #6514, #7700, #3066 ) ) ;
#5787 = VERTEX_POINT ( 'NONE', #1496 ) ;
#5788 = ORIENTED_EDGE ( 'NONE', *, *, #2964, .T. ) ;
#5789 = CARTESIAN_POINT ( 'NONE',  ( 0.6304509702153541228, 0.7204238534566191898, 0.7500000000000000000 ) ) ;
#5790 = EDGE_LOOP ( 'NONE', ( #3526, #1236, #189, #1409, #9984, #9017, #6443, #973, #351, #7970, #1334, #5275, #8241, #4028 ) ) ;
#5791 = LINE ( 'NONE', #6626, #8401 ) ;
#5792 = FACE_OUTER_BOUND ( 'NONE', #761, .T. ) ;
#5793 = LINE ( 'NONE', #4312, #7037 ) ;
#5794 = CARTESIAN_POINT ( 'NONE',  ( 0.4861931557500382972, 0.6970808788818697588, 0.7500000000000000000 ) ) ;
#5795 = PLANE ( 'NONE',  #4588 ) ;
#5796 = ORIENTED_EDGE ( 'NONE', *, *, #7514, .T. ) ;
#5797 = EDGE_CURVE ( 'NONE', #2613, #9794, #602, .T. ) ;
#5798 = VECTOR ( 'NONE', #3516, 1000.000000000000000 ) ;
#5799 = CARTESIAN_POINT ( 'NONE',  ( 0.7885244656555233655, 0.7346595311332154710, 0.7500000000000000000 ) ) ;
#5800 = CARTESIAN_POINT ( 'NONE',  ( 0.6203268391971467066, 0.7213080570391718904, 0.7500000000000000000 ) ) ;
#5801 = ORIENTED_EDGE ( 'NONE', *, *, #1626, .T. ) ;
#5802 = CARTESIAN_POINT ( 'NONE',  ( 0.6183815913160654043, 0.6831546724593453579, 0.7500000000000000000 ) ) ;
#5803 = EDGE_CURVE ( 'NONE', #2981, #3019, #1069, .T. ) ;
#5804 = CARTESIAN_POINT ( 'NONE',  ( 0.6435592883242243767, 0.7198933313072078954, 0.7500000000000000000 ) ) ;
#5805 = CARTESIAN_POINT ( 'NONE',  ( 0.3181325607552124013, 0.7912497168735491693, 0.7600000000000000089 ) ) ;
#5806 = CARTESIAN_POINT ( 'NONE',  ( 0.6203268391971467066, 0.6566727751671871394, 0.7600000000000000089 ) ) ;
#5807 = CARTESIAN_POINT ( 'NONE',  ( 0.7610257342436118622, 0.6679905810217212636, 0.7600000000000000089 ) ) ;
#5808 = CARTESIAN_POINT ( 'NONE',  ( 0.8000000000000034861, -1.000999999999997447, -0.02000000000000000042 ) ) ;
#5809 = ORIENTED_EDGE ( 'NONE', *, *, #5675, .F. ) ;
#5810 = EDGE_CURVE ( 'NONE', #1627, #314, #10107, .T. ) ;
#5811 = CARTESIAN_POINT ( 'NONE',  ( 0.4042086474444112065, 0.7439078879575150571, 0.7600000000000000089 ) ) ;
#5812 = CARTESIAN_POINT ( 'NONE',  ( 0.8913573422864004003, 0.7335542766547332727, 0.7600000000000000089 ) ) ;
#5813 = ORIENTED_EDGE ( 'NONE', *, *, #3124, .F. ) ;
#5814 = EDGE_CURVE ( 'NONE', #10174, #4999, #6931, .T. ) ;
#5815 = CARTESIAN_POINT ( 'NONE',  ( 0.7351185692799332427, 0.8155199487416484594, 0.7500000000000000000 ) ) ;
#5816 =( NAMED_UNIT ( * ) PLANE_ANGLE_UNIT ( ) SI_UNIT ( $, .RADIAN. ) );
#5817 = CARTESIAN_POINT ( 'NONE',  ( -0.4999999999999964473, -1.001000000000002110, -0.02000000000000000042 ) ) ;
#5818 = CARTESIAN_POINT ( 'NONE',  ( 0.6268036304380679713, 0.6762578845169817665, 0.7600000000000000089 ) ) ;
#5819 = VECTOR ( 'NONE', #3261, 1000.000000000000000 ) ;
#5820 = LINE ( 'NONE', #4135, #9891 ) ;
#5821 = ORIENTED_EDGE ( 'NONE', *, *, #10149, .F. ) ;
#5822 = CARTESIAN_POINT ( 'NONE',  ( 0.6062237920583464224, 0.7953158968843062615, 0.7600000000000000089 ) ) ;
#5823 = ORIENTED_EDGE ( 'NONE', *, *, #3952, .T. ) ;
#5824 = CARTESIAN_POINT ( 'NONE',  ( 0.6356014560827401016, 0.6648074481252426171, 0.7500000000000000000 ) ) ;
#5825 = EDGE_LOOP ( 'NONE', ( #6612, #7274, #7941, #6735 ) ) ;
#5826 = EDGE_CURVE ( 'NONE', #6453, #9913, #3830, .T. ) ;
#5827 = FILL_AREA_STYLE ('',( #6722 ) ) ;
#5828 =( LENGTH_UNIT ( ) NAMED_UNIT ( * ) SI_UNIT ( .MILLI., .METRE. ) );
#5829 = VERTEX_POINT ( 'NONE', #3942 ) ;
#5830 = PRESENTATION_STYLE_ASSIGNMENT (( #5936 ) ) ;
#5831 = PRESENTATION_STYLE_ASSIGNMENT (( #1857 ) ) ;
#5832 = ORIENTED_EDGE ( 'NONE', *, *, #6431, .F. ) ;
#5833 = EDGE_LOOP ( 'NONE', ( #3889, #407, #6161, #4450 ) ) ;
#5834 = ORIENTED_EDGE ( 'NONE', *, *, #7645, .F. ) ;
#5835 = CARTESIAN_POINT ( 'NONE',  ( 0.4042086474444112065, 0.7439078879575150571, 0.7500000000000000000 ) ) ;
#5836 = ORIENTED_EDGE ( 'NONE', *, *, #2482, .T. ) ;
#5837 = CARTESIAN_POINT ( 'NONE',  ( 0.5684240889113644224, 0.8832499431519701405, 0.7500000000000000000 ) ) ;
#5838 = CARTESIAN_POINT ( 'NONE',  ( 0.6342972557987428539, 0.6851441305197928378, 0.7600000000000000089 ) ) ;
#5839 = EDGE_CURVE ( 'NONE', #8098, #7406, #4562, .T. ) ;
#5840 = FACE_OUTER_BOUND ( 'NONE', #5935, .T. ) ;
#5841 = FILL_AREA_STYLE_COLOUR ( '', #2353 ) ;
#5842 = LINE ( 'NONE', #7400, #3081 ) ;
#5843 = ORIENTED_EDGE ( 'NONE', *, *, #4811, .F. ) ;
#5844 = UNCERTAINTY_MEASURE_WITH_UNIT (LENGTH_MEASURE( 1.000000000000000082E-05 ), #490, 'distance_accuracy_value', 'NONE');
#5845 = COLOUR_RGB ( '',0.6666666666666666297, 0.6666666666666666297, 0.6666666666666666297 ) ;
#5846 = LINE ( 'NONE', #9808, #7749 ) ;
#5847 = CARTESIAN_POINT ( 'NONE',  ( 0.5985975361601704181, 0.7130849637229785820, 0.7600000000000000089 ) ) ;
#5848 = ORIENTED_EDGE ( 'NONE', *, *, #9768, .T. ) ;
#5849 = CARTESIAN_POINT ( 'NONE',  ( 0.5000000000000008882, -0.2809999999999986398, 0.000000000000000000 ) ) ;
#5850 = SURFACE_STYLE_FILL_AREA ( #2764 ) ;
#5851 = CARTESIAN_POINT ( 'NONE',  ( 0.5215391939557646461, 0.6679905810217201534, 0.7600000000000000089 ) ) ;
#5852 = VECTOR ( 'NONE', #6715, 1000.000000000000000 ) ;
#5853 = EDGE_CURVE ( 'NONE', #6777, #8189, #2169, .T. ) ;
#5854 = CARTESIAN_POINT ( 'NONE',  ( 0.6129658443739728346, 0.6566727751671871394, 0.7500000000000000000 ) ) ;
#5855 = DIRECTION ( 'NONE',  ( -0.000000000000000000, -0.000000000000000000, -1.000000000000000000 ) ) ;
#5856 = CARTESIAN_POINT ( 'NONE',  ( 0.5993491092052226632, 0.6934556441941168714, 0.7600000000000000089 ) ) ;
#5857 = VERTEX_POINT ( 'NONE', #5330 ) ;
#5858 = PLANE ( 'NONE',  #9401 ) ;
#5859 = EDGE_CURVE ( 'NONE', #2976, #283, #325, .T. ) ;
#5860 = FACE_OUTER_BOUND ( 'NONE', #4936, .T. ) ;
#5861 = CARTESIAN_POINT ( 'NONE',  ( 0.8000000000000034861, -0.9999999999999976685, 0.000000000000000000 ) ) ;
#5862 = AXIS2_PLACEMENT_3D ( 'NONE', #6676, #1089, #5892 ) ;
#5863 = EDGE_CURVE ( 'NONE', #2254, #381, #5431, .T. ) ;
#5864 = SURFACE_STYLE_FILL_AREA ( #1942 ) ;
#5865 = CARTESIAN_POINT ( 'NONE',  ( 0.5707009131360528675, 0.6973903501359421941, 0.7500000000000000000 ) ) ;
#5866 = FACE_OUTER_BOUND ( 'NONE', #1057, .T. ) ;
#5867 = B_SPLINE_SURFACE_WITH_KNOTS ( 'NONE', 3, 1, ( 
 ( #9765, #5800 ),
 ( #4834, #1872 ),
 ( #5032, #1098 ),
 ( #8006, #891 ) ),
 .UNSPECIFIED., .F., .F., .F.,
 ( 4, 4 ),
 ( 2, 2 ),
 ( 7.000000000000000000, 8.000000000000000000 ),
 ( 0.000000000000000000, 1.000000000000000000 ),
 .UNSPECIFIED. ) ;
#5868 = CARTESIAN_POINT ( 'NONE',  ( 0.6457919023698426297, 0.6299256168000324507, 0.7600000000000000089 ) ) ;
#5869 = CARTESIAN_POINT ( 'NONE',  ( 0.4750300855225406127, 0.7446068214348511294, 0.7600000000000000089 ) ) ;
#5870 = MECHANICAL_DESIGN_GEOMETRIC_PRESENTATION_REPRESENTATION (  '', ( #1419 ), #5225 ) ;
#5871 = EDGE_CURVE ( 'NONE', #5520, #6232, #9742, .T. ) ;
#5872 = VECTOR ( 'NONE', #8938, 1000.000000000000000 ) ;
#5873 = EDGE_LOOP ( 'NONE', ( #2431, #3127, #35, #1031, #8209, #1705, #8724, #8417 ) ) ;
#5874 = PLANE ( 'NONE',  #6517 ) ;
#5875 = EDGE_LOOP ( 'NONE', ( #10259, #6698, #66, #8458 ) ) ;
#5876 = CARTESIAN_POINT ( 'NONE',  ( 0.7184955419312778480, 0.8141936433678232943, 0.7600000000000000089 ) ) ;
#5877 = ORIENTED_EDGE ( 'NONE', *, *, #3460, .T. ) ;
#5878 = COLOUR_RGB ( '',0.6666666666666666297, 0.6666666666666666297, 0.6666666666666666297 ) ;
#5879 =( NAMED_UNIT ( * ) PLANE_ANGLE_UNIT ( ) SI_UNIT ( $, .RADIAN. ) );
#5880 = VERTEX_POINT ( 'NONE', #10218 ) ;
#5881 = LINE ( 'NONE', #293, #598 ) ;
#5882 = EDGE_CURVE ( 'NONE', #8785, #6049, #3675, .T. ) ;
#5883 = EDGE_CURVE ( 'NONE', #2288, #8897, #8466, .T. ) ;
#5884 = EDGE_LOOP ( 'NONE', ( #8898, #5927, #933, #9799 ) ) ;
#5885 = DIRECTION ( 'NONE',  ( 0.000000000000000000, 0.000000000000000000, 1.000000000000000000 ) ) ;
#5886 = VECTOR ( 'NONE', #435, 1000.000000000000000 ) ;
#5887 =( GEOMETRIC_REPRESENTATION_CONTEXT ( 3 ) GLOBAL_UNCERTAINTY_ASSIGNED_CONTEXT ( ( #17 ) ) GLOBAL_UNIT_ASSIGNED_CONTEXT ( ( #2677, #5002, #4229 ) ) REPRESENTATION_CONTEXT ( 'NONE', 'WORKASPACE' ) );
#5888 = CARTESIAN_POINT ( 'NONE',  ( -0.8000000000000034861, 1.000999999999997447, 0.1800000000000000211 ) ) ;
#5889 = ORIENTED_EDGE ( 'NONE', *, *, #10027, .T. ) ;
#5890 = ORIENTED_EDGE ( 'NONE', *, *, #7934, .T. ) ;
#5891 = VERTEX_POINT ( 'NONE', #8663 ) ;
#5892 = DIRECTION ( 'NONE',  ( 0.000000000000000000, 0.000000000000000000, 1.000000000000000000 ) ) ;
#5893 = ORIENTED_EDGE ( 'NONE', *, *, #2198, .T. ) ;
#5894 = DIRECTION ( 'NONE',  ( -3.491481338843133355E-15, 1.000000000000000000, 0.000000000000000000 ) ) ;
#5895 = SURFACE_SIDE_STYLE ('',( #353 ) ) ;
#5896 = DIRECTION ( 'NONE',  ( 0.3283461648125386989, -0.9445574604294315613, 0.000000000000000000 ) ) ;
#5897 =( NAMED_UNIT ( * ) PLANE_ANGLE_UNIT ( ) SI_UNIT ( $, .RADIAN. ) );
#5898 = VECTOR ( 'NONE', #8312, 1000.000000000000000 ) ;
#5899 = CARTESIAN_POINT ( 'NONE',  ( 1.000000000000003553, -0.9999999999999961142, 0.000000000000000000 ) ) ;
#5900 = ORIENTED_EDGE ( 'NONE', *, *, #1150, .F. ) ;
#5901 = DIRECTION ( 'NONE',  ( -0.000000000000000000, -0.000000000000000000, -1.000000000000000000 ) ) ;
#5902 = CARTESIAN_POINT ( 'NONE',  ( 0.7772066598009909066, 0.8817910072409395061, 0.7600000000000000089 ) ) ;
#5903 = ORIENTED_EDGE ( 'NONE', *, *, #8570, .F. ) ;
#5904 = AXIS2_PLACEMENT_3D ( 'NONE', #7376, #1071, #9785 ) ;
#5905 = CARTESIAN_POINT ( 'NONE',  ( 0.7974770269269370049, 0.8287387922984869038, 0.7600000000000000089 ) ) ;
#5906 = CARTESIAN_POINT ( 'NONE',  ( 0.6272236271398095031, 0.6905819825511216870, 0.7600000000000000089 ) ) ;
#5907 = LINE ( 'NONE', #6057, #9147 ) ;
#5908 = DIRECTION ( 'NONE',  ( 0.000000000000000000, -0.000000000000000000, -1.000000000000000000 ) ) ;
#5909 = CARTESIAN_POINT ( 'NONE',  ( 0.6379224904864937429, 0.6749315791431509393, 0.7500000000000000000 ) ) ;
#5910 = DIRECTION ( 'NONE',  ( 0.000000000000000000, -0.000000000000000000, -1.000000000000000000 ) ) ;
#5911 = VERTEX_POINT ( 'NONE', #4713 ) ;
#5912 = VECTOR ( 'NONE', #4120, 1000.000000000000000 ) ;
#5913 = SURFACE_STYLE_FILL_AREA ( #9821 ) ;
#5914 = EDGE_CURVE ( 'NONE', #2882, #3423, #5377, .T. ) ;
#5915 = DIRECTION ( 'NONE',  ( -0.000000000000000000, 0.000000000000000000, -1.000000000000000000 ) ) ;
#5916 = AXIS2_PLACEMENT_3D ( 'NONE', #4207, #4932, #7147 ) ;
#5917 = CARTESIAN_POINT ( 'NONE',  ( 0.5827260818565642708, 0.8714900355061628856, 0.7500000000000000000 ) ) ;
#5918 = CARTESIAN_POINT ( 'NONE',  ( 0.7885244656555233655, 0.7346595311332154710, 0.7500000000000000000 ) ) ;
#5919 = PLANE ( 'NONE',  #913 ) ;
#5920 = LINE ( 'NONE', #9104, #8330 ) ;
#5921 = CARTESIAN_POINT ( 'NONE',  ( 0.6221615616305582463, 0.6812978449361064559, 0.7500000000000000000 ) ) ;
#5922 = AXIS2_PLACEMENT_3D ( 'NONE', #210, #1059, #3501 ) ;
#5923 = CARTESIAN_POINT ( 'NONE',  ( 0.5440642802168587089, 0.7194070193368612420, 0.7500000000000000000 ) ) ;
#5924 = EDGE_CURVE ( 'NONE', #6557, #1545, #3555, .T. ) ;
#5925 = EDGE_LOOP ( 'NONE', ( #9056, #4239, #655, #1035 ) ) ;
#5926 = CARTESIAN_POINT ( 'NONE',  ( 0.9303728253586537322, 0.6581317110782219926, 0.7600000000000000089 ) ) ;
#5927 = ORIENTED_EDGE ( 'NONE', *, *, #7066, .F. ) ;
#5928 = FACE_OUTER_BOUND ( 'NONE', #4927, .T. ) ;
#5929 = VERTEX_POINT ( 'NONE', #1349 ) ;
#5930 = VECTOR ( 'NONE', #1253, 1000.000000000000000 ) ;
#5931 = EDGE_CURVE ( 'NONE', #8837, #5478, #6873, .T. ) ;
#5932 = SURFACE_STYLE_FILL_AREA ( #6615 ) ;
#5933 = CARTESIAN_POINT ( 'NONE',  ( 0.7277354693672223318, 0.8393492352867428785, 0.7500000000000000000 ) ) ;
#5934 = EDGE_CURVE ( 'NONE', #1433, #381, #3734, .T. ) ;
#5935 = EDGE_LOOP ( 'NONE', ( #36, #5561, #1499, #1060 ) ) ;
#5936 = SURFACE_STYLE_USAGE ( .BOTH. , #2692 ) ;
#5937 = PRESENTATION_STYLE_ASSIGNMENT (( #2791 ) ) ;
#5938 = ORIENTED_EDGE ( 'NONE', *, *, #4996, .F. ) ;
#5939 = EDGE_LOOP ( 'NONE', ( #3761, #7871, #882, #6806, #4073 ) ) ;
#5940 = ORIENTED_EDGE ( 'NONE', *, *, #5010, .T. ) ;
#5941 = DIRECTION ( 'NONE',  ( -0.000000000000000000, -0.000000000000000000, -1.000000000000000000 ) ) ;
#5942 = EDGE_LOOP ( 'NONE', ( #1600, #4172, #9222, #5980 ) ) ;
#5943 = EDGE_CURVE ( 'NONE', #3412, #9610, #6302, .T. ) ;
#5944 = CARTESIAN_POINT ( 'NONE',  ( 0.2068484866314539150, 0.6848842950380683581, 0.7500000000000000000 ) ) ;
#5945 = CARTESIAN_POINT ( 'NONE',  ( 0.05068188628163305953, 0.7568193150332921393, 0.7500000000000000000 ) ) ;
#5946 = CARTESIAN_POINT ( 'NONE',  ( 0.5358853970800290245, 0.8484565321854827813, 0.7500000000000000000 ) ) ;
#5947 = SURFACE_SIDE_STYLE ('',( #2945 ) ) ;
#5948 = PRODUCT_DEFINITION_SHAPE ( 'NONE', 'NONE',  #6016 ) ;
#5949 = DIRECTION ( 'NONE',  ( -0.000000000000000000, -0.000000000000000000, -1.000000000000000000 ) ) ;
#5950 = UNCERTAINTY_MEASURE_WITH_UNIT (LENGTH_MEASURE( 1.000000000000000082E-05 ), #9833, 'distance_accuracy_value', 'NONE');
#5951 = EDGE_LOOP ( 'NONE', ( #4655, #3663, #2929, #6369 ) ) ;
#5952 = DIRECTION ( 'NONE',  ( -3.220430795721757247E-15, 1.000000000000000000, 0.000000000000000000 ) ) ;
#5953 = DIRECTION ( 'NONE',  ( -1.000000000000000000, 0.000000000000000000, 0.000000000000000000 ) ) ;
#5954 = ORIENTED_EDGE ( 'NONE', *, *, #2406, .T. ) ;
#5955 = LINE ( 'NONE', #6601, #2563 ) ;
#5956 = CARTESIAN_POINT ( 'NONE',  ( 0.8648975500831893592, 0.6581317110782219926, 0.7500000000000000000 ) ) ;
#5957 = B_SPLINE_SURFACE_WITH_KNOTS ( 'NONE', 3, 1, ( 
 ( #2828, #2779 ),
 ( #7635, #9159 ),
 ( #2728, #5923 ),
 ( #8493, #6023 ) ),
 .UNSPECIFIED., .F., .F., .F.,
 ( 4, 4 ),
 ( 2, 2 ),
 ( 0.000000000000000000, 1.000000000000000000 ),
 ( 0.000000000000000000, 1.000000000000000000 ),
 .UNSPECIFIED. ) ;
#5958 = LINE ( 'NONE', #9034, #4079 ) ;
#5959 = LINE ( 'NONE', #509, #7134 ) ;
#5960 = DIRECTION ( 'NONE',  ( -0.000000000000000000, 0.000000000000000000, -1.000000000000000000 ) ) ;
#5961 = DIRECTION ( 'NONE',  ( 1.000000000000000000, -0.000000000000000000, -0.000000000000000000 ) ) ;
#5962 = CARTESIAN_POINT ( 'NONE',  ( 0.8347241028346763514, 0.7331563850431136453, 0.7500000000000000000 ) ) ;
#5963 = ORIENTED_EDGE ( 'NONE', *, *, #671, .F. ) ;
#5964 = PRESENTATION_LAYER_ASSIGNMENT (  '', '', ( #164 ) ) ;
#5965 = SURFACE_STYLE_USAGE ( .BOTH. , #2135 ) ;
#5966 = LINE ( 'NONE', #8329, #5759 ) ;
#5967 = B_SPLINE_CURVE_WITH_KNOTS ( 'NONE', 3,
 ( #6222, #7059, #2390, #7793 ),
 .UNSPECIFIED., .F., .F.,
 ( 4, 4 ),
 ( 33.00000000000000000, 34.00000000000000000 ),
 .UNSPECIFIED. ) ;
#5968 = VECTOR ( 'NONE', #3505, 1000.000000000000000 ) ;
#5969 = CARTESIAN_POINT ( 'NONE',  ( 0.8000000000000034861, -1.000999999999997447, 0.1800000000000000211 ) ) ;
#5970 = CARTESIAN_POINT ( 'NONE',  ( 0.5241696996132929609, 0.8369176754350188263, 0.7600000000000000089 ) ) ;
#5971 = LINE ( 'NONE', #9154, #2900 ) ;
#5972 = FACE_OUTER_BOUND ( 'NONE', #2527, .T. ) ;
#5973 = CARTESIAN_POINT ( 'NONE',  ( 0.5740829918386293196, 0.7213080570391704471, 0.7500000000000000000 ) ) ;
#5974 = EDGE_CURVE ( 'NONE', #7752, #7421, #1754, .T. ) ;
#5975 = VERTEX_POINT ( 'NONE', #33 ) ;
#5976 = CARTESIAN_POINT ( 'NONE',  ( 0.3470295374056933113, 0.6596762841493413188, 0.7500000000000000000 ) ) ;
#5977 = CARTESIAN_POINT ( 'NONE',  ( 0.8015885735850307725, 0.7346595311332154710, 0.7500000000000000000 ) ) ;
#5978 = ORIENTED_EDGE ( 'NONE', *, *, #2017, .F. ) ;
#5979 = CARTESIAN_POINT ( 'NONE',  ( 0.8732090637575159464, 0.6817841569064504448, 0.7600000000000000089 ) ) ;
#5980 = ORIENTED_EDGE ( 'NONE', *, *, #3931, .T. ) ;
#5981 = STYLED_ITEM ( 'NONE', ( #2823 ), #9503 ) ;
#5982 = ADVANCED_FACE ( 'NONE', ( #5637 ), #5683, .F. ) ;
#5983 = DIRECTION ( 'NONE',  ( -0.000000000000000000, 0.000000000000000000, -1.000000000000000000 ) ) ;
#5984 = VERTEX_POINT ( 'NONE', #8095 ) ;
#5985 = VECTOR ( 'NONE', #45, 1000.000000000000000 ) ;
#5986 = ORIENTED_EDGE ( 'NONE', *, *, #5251, .T. ) ;
#5987 = FACE_OUTER_BOUND ( 'NONE', #8557, .T. ) ;
#5988 = EDGE_CURVE ( 'NONE', #7040, #4279, #5031, .T. ) ;
#5989 = VERTEX_POINT ( 'NONE', #4041 ) ;
#5990 = VERTEX_POINT ( 'NONE', #8813 ) ;
#5991 = CARTESIAN_POINT ( 'NONE',  ( 0.5581894324454893530, 0.7125102313944980947, 0.7600000000000000089 ) ) ;
#5992 = EDGE_LOOP ( 'NONE', ( #4136, #4973, #8812, #5954 ) ) ;
#5993 = FACE_OUTER_BOUND ( 'NONE', #8442, .T. ) ;
#5994 = CARTESIAN_POINT ( 'NONE',  ( 0.8329556956701639203, 0.6829778317430701406, 0.7600000000000000089 ) ) ;
#5995 = EDGE_CURVE ( 'NONE', #9312, #8445, #8764, .T. ) ;
#5996 = PLANE ( 'NONE',  #2745 ) ;
#5997 = CARTESIAN_POINT ( 'NONE',  ( 0.4999999999999964473, 1.001000000000002110, 0.1800000000000000211 ) ) ;
#5998 = FACE_OUTER_BOUND ( 'NONE', #7708, .T. ) ;
#5999 = EDGE_LOOP ( 'NONE', ( #4308, #7188, #9736, #5848 ) ) ;
#6000 = ORIENTED_EDGE ( 'NONE', *, *, #5571, .F. ) ;
#6001 = LINE ( 'NONE', #5799, #9585 ) ;
#6002 = EDGE_CURVE ( 'NONE', #9041, #6027, #3155, .T. ) ;
#6003 = CARTESIAN_POINT ( 'NONE',  ( 0.6556728774028761642, 0.7198933313072078954, 0.7500000000000000000 ) ) ;
#6004 = ORIENTED_EDGE ( 'NONE', *, *, #9452, .F. ) ;
#6005 = CARTESIAN_POINT ( 'NONE',  ( 0.5500326543979000560, 0.8068547536341806881, 0.7500000000000000000 ) ) ;
#6006 = DIRECTION ( 'NONE',  ( -0.000000000000000000, -0.000000000000000000, -1.000000000000000000 ) ) ;
#6007 = DIRECTION ( 'NONE',  ( -1.000000000000000000, 0.000000000000000000, 0.000000000000000000 ) ) ;
#6008 = DIRECTION ( 'NONE',  ( 1.000000000000000000, 0.000000000000000000, -0.000000000000000000 ) ) ;
#6009 = CARTESIAN_POINT ( 'NONE',  ( 0.6379224904864937429, 0.6749315791431509393, 0.7600000000000000089 ) ) ;
#6010 = CARTESIAN_POINT ( 'NONE',  ( 0.6734232643189621559, 0.6683884726333393367, 0.7600000000000000089 ) ) ;
#6011 = VECTOR ( 'NONE', #5638, 1000.000000000000000 ) ;
#6012 = ORIENTED_EDGE ( 'NONE', *, *, #3355, .T. ) ;
#6013 = CARTESIAN_POINT ( 'NONE',  ( 0.7264312690829315411, 0.8074294859626620635, 0.7600000000000000089 ) ) ;
#6014 = CARTESIAN_POINT ( 'NONE',  ( 0.5889155069332399073, 0.8797131288223546397, 0.7500000000000000000 ) ) ;
#6015 = VECTOR ( 'NONE', #6403, 1000.000000000000000 ) ;
#6016 = PRODUCT_DEFINITION ( '未知', '', #1706, #7279 ) ;
#6017 = CARTESIAN_POINT ( 'NONE',  ( 0.5889155069332399073, 0.7988969213929889568, 0.7500000000000000000 ) ) ;
#6018 = LINE ( 'NONE', #5207, #1179 ) ;
#6019 = CARTESIAN_POINT ( 'NONE',  ( 0.3236660328524462726, 0.6578318012680252069, 0.7600000000000000089 ) ) ;
#6020 = CARTESIAN_POINT ( 'NONE',  ( 0.7999999999999964917, 1.001000000000003221, 0.1800000000000000211 ) ) ;
#6021 = DIRECTION ( 'NONE',  ( 0.000000000000000000, 0.000000000000000000, 1.000000000000000000 ) ) ;
#6022 = VECTOR ( 'NONE', #3739, 1000.000000000000000 ) ;
#6023 = CARTESIAN_POINT ( 'NONE',  ( 0.5379411704087839752, 0.7155607337537686075, 0.7500000000000000000 ) ) ;
#6024 = VECTOR ( 'NONE', #624, 1000.000000000000000 ) ;
#6025 = ADVANCED_FACE ( 'NONE', ( #6464 ), #2739, .F. ) ;
#6026 = CARTESIAN_POINT ( 'NONE',  ( 0.6140268886727978659, 0.6655148109909306831, 0.7600000000000000089 ) ) ;
#6027 = VERTEX_POINT ( 'NONE', #8711 ) ;
#6028 = PLANE ( 'NONE',  #1846 ) ;
#6029 = ORIENTED_EDGE ( 'NONE', *, *, #8910, .F. ) ;
#6030 = DIRECTION ( 'NONE',  ( -0.000000000000000000, -0.000000000000000000, -1.000000000000000000 ) ) ;
#6031 = VECTOR ( 'NONE', #2129, 1000.000000000000000 ) ;
#6032 = VECTOR ( 'NONE', #6904, 1000.000000000000000 ) ;
#6033 = B_SPLINE_SURFACE_WITH_KNOTS ( 'NONE', 3, 1, ( 
 ( #2875, #9360 ),
 ( #2302, #7637 ),
 ( #2977, #5358 ),
 ( #629, #3710 ) ),
 .UNSPECIFIED., .F., .F., .F.,
 ( 4, 4 ),
 ( 2, 2 ),
 ( 8.000000000000000000, 9.000000000000000000 ),
 ( 0.000000000000000000, 1.000000000000000000 ),
 .UNSPECIFIED. ) ;
#6034 = ORIENTED_EDGE ( 'NONE', *, *, #5762, .T. ) ;
#6035 = CARTESIAN_POINT ( 'NONE',  ( 0.5707009131360528675, 0.6781147120396300298, 0.7500000000000000000 ) ) ;
#6036 = EDGE_CURVE ( 'NONE', #3863, #5308, #86, .T. ) ;
#6037 = VECTOR ( 'NONE', #5631, 1000.000000000000000 ) ;
#6038 = VERTEX_POINT ( 'NONE', #6412 ) ;
#6039 = ORIENTED_EDGE ( 'NONE', *, *, #7006, .F. ) ;
#6040 = AXIS2_PLACEMENT_3D ( 'NONE', #4584, #1566, #9251 ) ;
#6041 = DIRECTION ( 'NONE',  ( 0.3493954794690958265, -0.9369753459545030472, -0.000000000000000000 ) ) ;
#6042 = ORIENTED_EDGE ( 'NONE', *, *, #9097, .F. ) ;
#6043 = CARTESIAN_POINT ( 'NONE',  ( 0.05068188628163305953, 0.7906349205184703965, 0.7600000000000000089 ) ) ;
#6044 = PRESENTATION_STYLE_ASSIGNMENT (( #2843 ) ) ;
#6045 = FACE_OUTER_BOUND ( 'NONE', #9184, .T. ) ;
#6046 = PLANE ( 'NONE',  #4027 ) ;
#6047 = CARTESIAN_POINT ( 'NONE',  ( 0.1189279170609406494, 0.7408337537313613996, 0.7600000000000000089 ) ) ;
#6048 = UNCERTAINTY_MEASURE_WITH_UNIT (LENGTH_MEASURE( 1.000000000000000082E-05 ), #1868, 'distance_accuracy_value', 'NONE');
#6049 = VERTEX_POINT ( 'NONE', #1700 ) ;
#6050 = CARTESIAN_POINT ( 'NONE',  ( 0.8148295222314063668, 0.6581317110782219926, 0.7500000000000000000 ) ) ;
#6051 = EDGE_CURVE ( 'NONE', #4824, #4960, #4096, .T. ) ;
#6052 = CARTESIAN_POINT ( 'NONE',  ( 0.7773613954283218330, 0.7446068214348521286, 0.7500000000000000000 ) ) ;
#6053 = ORIENTED_EDGE ( 'NONE', *, *, #2978, .T. ) ;
#6054 = CARTESIAN_POINT ( 'NONE',  ( 0.1189279170609406494, 0.7408337537313613996, 0.7500000000000000000 ) ) ;
#6055 = LINE ( 'NONE', #6936, #5120 ) ;
#6056 = VECTOR ( 'NONE', #8615, 1000.000000000000000 ) ;
#6057 = CARTESIAN_POINT ( 'NONE',  ( 0.7145166258103864410, 0.7446068214348511294, 0.7600000000000000089 ) ) ;
#6058 = CARTESIAN_POINT ( 'NONE',  ( 0.4861931557500361323, 0.8817910072409375077, 0.7600000000000000089 ) ) ;
#6059 = CARTESIAN_POINT ( 'NONE',  ( 0.6556728774028761642, 0.7198933313072078954, 0.7500000000000000000 ) ) ;
#6060 = ADVANCED_FACE ( 'NONE', ( #2538 ), #7437, .F. ) ;
#6061 = DIRECTION ( 'NONE',  ( -3.491481338843133355E-15, 1.000000000000000000, 0.000000000000000000 ) ) ;
#6062 = VERTEX_POINT ( 'NONE', #9748 ) ;
#6063 = DIRECTION ( 'NONE',  ( -0.000000000000000000, -0.000000000000000000, -1.000000000000000000 ) ) ;
#6064 = VECTOR ( 'NONE', #3350, 1000.000000000000000 ) ;
#6065 = PRESENTATION_STYLE_ASSIGNMENT (( #9248 ) ) ;
#6066 = ADVANCED_FACE ( 'NONE', ( #4302 ), #2006, .F. ) ;
#6067 = CARTESIAN_POINT ( 'NONE',  ( 0.1318393206828460673, 0.6541427885982323831, 0.7600000000000000089 ) ) ;
#6068 = CARTESIAN_POINT ( 'NONE',  ( 0.5366590752143179932, 0.8705174115654762401, 0.7600000000000000089 ) ) ;
#6069 =( NAMED_UNIT ( * ) SI_UNIT ( $, .STERADIAN. ) SOLID_ANGLE_UNIT ( ) );
#6070 = AXIS2_PLACEMENT_3D ( 'NONE', #382, #5212, #10036 ) ;
#6071 = EDGE_CURVE ( 'NONE', #5221, #9837, #2834, .T. ) ;
#6072 = LINE ( 'NONE', #9205, #8048 ) ;
#6073 = EDGE_CURVE ( 'NONE', #4751, #9030, #4249, .T. ) ;
#6074 = ORIENTED_EDGE ( 'NONE', *, *, #5755, .F. ) ;
#6075 = CARTESIAN_POINT ( 'NONE',  ( 0.3660892329340721951, 0.7180850455328957604, 0.7500000000000000000 ) ) ;
#6076 = VECTOR ( 'NONE', #8882, 1000.000000000000000 ) ;
#6077 = LINE ( 'NONE', #9210, #3556 ) ;
#6078 = VERTEX_POINT ( 'NONE', #2058 ) ;
#6079 = CARTESIAN_POINT ( 'NONE',  ( 0.5358853970800290245, 0.8375808281222277829, 0.7500000000000000000 ) ) ;
#6080 = ORIENTED_EDGE ( 'NONE', *, *, #370, .F. ) ;
#6081 = EDGE_CURVE ( 'NONE', #3423, #6992, #6726, .T. ) ;
#6082 = CARTESIAN_POINT ( 'NONE',  ( -0.5000000000000034417, 1.000999999999998558, 0.1800000000000000211 ) ) ;
#6083 = PLANE ( 'NONE',  #2755 ) ;
#6084 = EDGE_LOOP ( 'NONE', ( #4210, #4619, #3243, #9635 ) ) ;
#6085 = EDGE_LOOP ( 'NONE', ( #8872, #6176, #7164, #9095 ) ) ;
#6086 = FACE_OUTER_BOUND ( 'NONE', #4669, .T. ) ;
#6087 = SURFACE_STYLE_FILL_AREA ( #7870 ) ;
#6088 = VECTOR ( 'NONE', #7957, 1000.000000000000000 ) ;
#6089 = EDGE_LOOP ( 'NONE', ( #6817, #1649, #9359, #1425 ) ) ;
#6090 = CARTESIAN_POINT ( 'NONE',  ( 0.5407485167828816053, 0.6583085517944956555, 0.7500000000000000000 ) ) ;
#6091 = VERTEX_POINT ( 'NONE', #7543 ) ;
#6092 = FACE_OUTER_BOUND ( 'NONE', #10096, .T. ) ;
#6093 =( NAMED_UNIT ( * ) PLANE_ANGLE_UNIT ( ) SI_UNIT ( $, .RADIAN. ) );
#6094 = B_SPLINE_CURVE_WITH_KNOTS ( 'NONE', 3,
 ( #951, #2500, #3176, #5653 ),
 .UNSPECIFIED., .F., .F.,
 ( 4, 4 ),
 ( 2.000000000000000000, 3.000000000000000000 ),
 .UNSPECIFIED. ) ;
#6095 = LINE ( 'NONE', #6193, #418 ) ;
#6096 = CARTESIAN_POINT ( 'NONE',  ( 0.5523978989807216688, 0.6948261597470143380, 0.7600000000000000089 ) ) ;
#6097 = CARTESIAN_POINT ( 'NONE',  ( 1.000000000000003553, -0.9999999999999961142, 0.000000000000000000 ) ) ;
#6098 = ADVANCED_FACE ( 'NONE', ( #1181 ), #5219, .F. ) ;
#6099 = VERTEX_POINT ( 'NONE', #9013 ) ;
#6100 = CARTESIAN_POINT ( 'NONE',  ( 0.5665893664779527716, 0.8038042512749101753, 0.7600000000000000089 ) ) ;
#6101 = CARTESIAN_POINT ( 'NONE',  ( 0.5481095116063531281, 0.6664874349316166624, 0.7600000000000000089 ) ) ;
#6102 = ORIENTED_EDGE ( 'NONE', *, *, #9006, .T. ) ;
#6103 = DIRECTION ( 'NONE',  ( -0.000000000000000000, 1.000000000000000000, -0.000000000000000000 ) ) ;
#6104 = FACE_OUTER_BOUND ( 'NONE', #7677, .T. ) ;
#6105 = CARTESIAN_POINT ( 'NONE',  ( 0.8265452196975536792, 0.7265248581751615475, 0.7600000000000000089 ) ) ;
#6106 = CARTESIAN_POINT ( 'NONE',  ( 0.2271378452316094032, 0.8681033657031786976, 0.7600000000000000089 ) ) ;
#6107 = CARTESIAN_POINT ( 'NONE',  ( 0.6477150451613898907, 0.6293508844715505202, 0.7500000000000000000 ) ) ;
#6108 = LINE ( 'NONE', #4373, #7302 ) ;
#6109 = CARTESIAN_POINT ( 'NONE',  ( 0.06789708720176092227, 0.6639800931747926738, 0.7600000000000000089 ) ) ;
#6110 = EDGE_CURVE ( 'NONE', #3674, #2254, #236, .T. ) ;
#6111 = EDGE_LOOP ( 'NONE', ( #3441, #9857, #9606, #5017 ) ) ;
#6112 = CARTESIAN_POINT ( 'NONE',  ( 0.5985975361601704181, 0.7130849637229785820, 0.7600000000000000089 ) ) ;
#6113 = ORIENTED_EDGE ( 'NONE', *, *, #6697, .F. ) ;
#6114 = CARTESIAN_POINT ( 'NONE',  ( -0.6500000000000000222, -2.269462870248036681E-15, -0.02000000000000000042 ) ) ;
#6115 = ADVANCED_FACE ( 'NONE', ( #5987 ), #8965, .F. ) ;
#6116 = ORIENTED_EDGE ( 'NONE', *, *, #7358, .T. ) ;
#6117 = CARTESIAN_POINT ( 'NONE',  ( 0.6519371172671560855, 0.6383255508324964245, 0.7500000000000000000 ) ) ;
#6118 = CARTESIAN_POINT ( 'NONE',  ( 0.8360283031183790570, 0.7129523331857756663, 0.7600000000000000089 ) ) ;
#6119 = CARTESIAN_POINT ( 'NONE',  ( 0.2265230254223644657, 0.9049931171414477005, 0.7600000000000000089 ) ) ;
#6120 = COLOUR_RGB ( '',0.6666666666666666297, 0.6666666666666666297, 0.6666666666666666297 ) ;
#6121 = SURFACE_STYLE_FILL_AREA ( #7629 ) ;
#6122 = DIRECTION ( 'NONE',  ( 0.000000000000000000, -0.000000000000000000, -1.000000000000000000 ) ) ;
#6123 = B_SPLINE_SURFACE_WITH_KNOTS ( 'NONE', 3, 1, ( 
 ( #1806, #4190 ),
 ( #7323, #230 ),
 ( #3419, #6564 ),
 ( #7016, #1428 ) ),
 .UNSPECIFIED., .F., .F., .F.,
 ( 4, 4 ),
 ( 2, 2 ),
 ( 2.000000000000000000, 3.000000000000000000 ),
 ( 0.000000000000000000, 1.000000000000000000 ),
 .UNSPECIFIED. ) ;
#6124 = EDGE_CURVE ( 'NONE', #2931, #1562, #9745, .T. ) ;
#6125 = ORIENTED_EDGE ( 'NONE', *, *, #9731, .T. ) ;
#6126 = CARTESIAN_POINT ( 'NONE',  ( 0.6074395719839118524, 0.7066744877503673417, 0.7500000000000000000 ) ) ;
#6127 = VECTOR ( 'NONE', #274, 1000.000000000000000 ) ;
#6128 = EDGE_CURVE ( 'NONE', #663, #5333, #295, .T. ) ;
#6129 = ORIENTED_EDGE ( 'NONE', *, *, #7702, .F. ) ;
#6130 =( NAMED_UNIT ( * ) PLANE_ANGLE_UNIT ( ) SI_UNIT ( $, .RADIAN. ) );
#6131 = VERTEX_POINT ( 'NONE', #9572 ) ;
#6132 = CARTESIAN_POINT ( 'NONE',  ( 0.2738648777922717548, 0.7629676069394741855, 0.7600000000000000089 ) ) ;
#6133 = ORIENTED_EDGE ( 'NONE', *, *, #9344, .T. ) ;
#6134 = FACE_OUTER_BOUND ( 'NONE', #2488, .T. ) ;
#6135 = VECTOR ( 'NONE', #4259, 1000.000000000000000 ) ;
#6136 = B_SPLINE_CURVE_WITH_KNOTS ( 'NONE', 3,
 ( #9142, #2904, #506, #9235 ),
 .UNSPECIFIED., .F., .F.,
 ( 4, 4 ),
 ( 12.00000000000000000, 13.00000000000000000 ),
 .UNSPECIFIED. ) ;
#6137 = ORIENTED_EDGE ( 'NONE', *, *, #7873, .T. ) ;
#6138 = ADVANCED_FACE ( 'NONE', ( #6330 ), #8471, .T. ) ;
#6139 = CARTESIAN_POINT ( 'NONE',  ( 0.6203268391971467066, 0.6566727751671871394, 0.7500000000000000000 ) ) ;
#6140 = ORIENTED_EDGE ( 'NONE', *, *, #4066, .T. ) ;
#6141 = DIRECTION ( 'NONE',  ( 0.000000000000000000, 0.000000000000000000, 1.000000000000000000 ) ) ;
#6142 = ADVANCED_FACE ( 'NONE', ( #9216 ), #4454, .T. ) ;
#6143 = ORIENTED_EDGE ( 'NONE', *, *, #9852, .F. ) ;
#6144 = CARTESIAN_POINT ( 'NONE',  ( -0.5000000000000026645, 0.7509999999999986686, 0.1800000000000000211 ) ) ;
#6145 = FACE_OUTER_BOUND ( 'NONE', #5456, .T. ) ;
#6146 = VECTOR ( 'NONE', #3727, 1000.000000000000000 ) ;
#6147 = ORIENTED_EDGE ( 'NONE', *, *, #84, .F. ) ;
#6148 = CARTESIAN_POINT ( 'NONE',  ( 0.8151389934848880525, 0.7446068214348521286, 0.7600000000000000089 ) ) ;
#6149 = CARTESIAN_POINT ( 'NONE',  ( 0.6734232643189621559, 0.6683884726333393367, 0.7500000000000000000 ) ) ;
#6150 = VERTEX_POINT ( 'NONE', #4795 ) ;
#6151 = ORIENTED_EDGE ( 'NONE', *, *, #5328, .T. ) ;
#6152 = CARTESIAN_POINT ( 'NONE',  ( 0.6074395719839118524, 0.7041987177201679549, 0.7500000000000000000 ) ) ;
#6153 = CARTESIAN_POINT ( 'NONE',  ( 0.2916948867947078972, 0.6959511923247825305, 0.7600000000000000089 ) ) ;
#6154 = ADVANCED_FACE ( 'NONE', ( #9265 ), #2883, .F. ) ;
#6155 = ORIENTED_EDGE ( 'NONE', *, *, #10284, .F. ) ;
#6156 = COLOUR_RGB ( '',0.6666666666666666297, 0.6666666666666666297, 0.6666666666666666297 ) ;
#6157 = LINE ( 'NONE', #7617, #6721 ) ;
#6158 = DIRECTION ( 'NONE',  ( 0.3559357243643058166, 0.9345104387438681881, 0.000000000000000000 ) ) ;
#6159 = FILL_AREA_STYLE ('',( #10118 ) ) ;
#6160 = CARTESIAN_POINT ( 'NONE',  ( 0.5195718409848524288, 0.7446068214348511294, 0.7500000000000000000 ) ) ;
#6161 = ORIENTED_EDGE ( 'NONE', *, *, #6764, .F. ) ;
#6162 = CARTESIAN_POINT ( 'NONE',  ( 0.5665893664779527716, 0.8038042512749101753, 0.7600000000000000089 ) ) ;
#6163 = VERTEX_POINT ( 'NONE', #2156 ) ;
#6164 =( NAMED_UNIT ( * ) SI_UNIT ( $, .STERADIAN. ) SOLID_ANGLE_UNIT ( ) );
#6165 = CARTESIAN_POINT ( 'NONE',  ( 0.1582769711891826303, 0.6541427885982323831, 0.7600000000000000089 ) ) ;
#6166 = EDGE_CURVE ( 'NONE', #1620, #6877, #2106, .T. ) ;
#6167 = LINE ( 'NONE', #672, #9877 ) ;
#6168 = CARTESIAN_POINT ( 'NONE',  ( 0.4861931557500382972, 0.6970808788818697588, 0.7600000000000000089 ) ) ;
#6169 = VECTOR ( 'NONE', #3089, 1000.000000000000000 ) ;
#6170 = FACE_OUTER_BOUND ( 'NONE', #4052, .T. ) ;
#6171 = CARTESIAN_POINT ( 'NONE',  ( 0.5457663721130647794, 0.6833757233546897680, 0.7500000000000000000 ) ) ;
#6172 = CARTESIAN_POINT ( 'NONE',  ( 0.7256796960381769468, 0.6970808788818703139, 0.7500000000000000000 ) ) ;
#6173 = EDGE_CURVE ( 'NONE', #4650, #2999, #1335, .T. ) ;
#6174 = CARTESIAN_POINT ( 'NONE',  ( 0.5555810318774906387, 0.8832499431519701405, 0.7600000000000000089 ) ) ;
#6175 = VECTOR ( 'NONE', #4499, 1000.000000000000000 ) ;
#6176 = ORIENTED_EDGE ( 'NONE', *, *, #727, .F. ) ;
#6178 = ADVANCED_FACE ( 'NONE', ( #7913 ), #4793, .F. ) ;
#6177 = SURFACE_SIDE_STYLE ('',( #7689 ) ) ;
#6179 = ORIENTED_EDGE ( 'NONE', *, *, #8883, .F. ) ;
#6180 = CARTESIAN_POINT ( 'NONE',  ( 0.7590583812727024204, 0.7346595311332154710, 0.7500000000000000000 ) ) ;
#6181 = ORIENTED_EDGE ( 'NONE', *, *, #5009, .F. ) ;
#6182 = PLANE ( 'NONE',  #9703 ) ;
#6183 =( LENGTH_UNIT ( ) NAMED_UNIT ( * ) SI_UNIT ( .MILLI., .METRE. ) );
#6184 = DIRECTION ( 'NONE',  ( -0.000000000000000000, -0.000000000000000000, -1.000000000000000000 ) ) ;
#6185 = ORIENTED_EDGE ( 'NONE', *, *, #6272, .T. ) ;
#6186 = ORIENTED_EDGE ( 'NONE', *, *, #7273, .T. ) ;
#6187 = CARTESIAN_POINT ( 'NONE',  ( 0.5195718409848524288, 0.7446068214348511294, 0.7500000000000000000 ) ) ;
#6188 = VERTEX_POINT ( 'NONE', #8739 ) ;
#6189 = VECTOR ( 'NONE', #7849, 1000.000000000000000 ) ;
#6190 = CARTESIAN_POINT ( 'NONE',  ( 0.6173868622858336153, 0.8051747668278049774, 0.7600000000000000089 ) ) ;
#6191 = CARTESIAN_POINT ( 'NONE',  ( 0.6107332303283555808, 0.7102113020799839527, 0.7600000000000000089 ) ) ;
#6192 = AXIS2_PLACEMENT_3D ( 'NONE', #2973, #3706, #6122 ) ;
#6193 = CARTESIAN_POINT ( 'NONE',  ( 0.6349604084856546038, 0.7080450033032648083, 0.7600000000000000089 ) ) ;
#6194 =( LENGTH_UNIT ( ) NAMED_UNIT ( * ) SI_UNIT ( .MILLI., .METRE. ) );
#6195 = ADVANCED_FACE ( 'NONE', ( #8451 ), #3658, .T. ) ;
#6196 = EDGE_CURVE ( 'NONE', #2966, #7558, #7250, .T. ) ;
#6197 = DIRECTION ( 'NONE',  ( -0.000000000000000000, -0.000000000000000000, -1.000000000000000000 ) ) ;
#6198 = B_SPLINE_CURVE_WITH_KNOTS ( 'NONE', 3,
 ( #4876, #8002, #307, #7287 ),
 .UNSPECIFIED., .F., .F.,
 ( 4, 4 ),
 ( 21.00000000000000000, 22.00000000000000000 ),
 .UNSPECIFIED. ) ;
#6199 = ORIENTED_EDGE ( 'NONE', *, *, #4480, .F. ) ;
#6200 = DIRECTION ( 'NONE',  ( -0.000000000000000000, -0.000000000000000000, -1.000000000000000000 ) ) ;
#6201 = VECTOR ( 'NONE', #8613, 1000.000000000000000 ) ;
#6202 = PRESENTATION_LAYER_ASSIGNMENT (  '', '', ( #4235 ) ) ;
#6203 = DIRECTION ( 'NONE',  ( -0.000000000000000000, 1.000000000000000000, -0.000000000000000000 ) ) ;
#6204 = VERTEX_POINT ( 'NONE', #5272 ) ;
#6205 = EDGE_LOOP ( 'NONE', ( #2230, #7035, #8753, #1135 ) ) ;
#6206 = CARTESIAN_POINT ( 'NONE',  ( 0.6932957398326979881, 0.8718437169393019603, 0.7600000000000000089 ) ) ;
#6207 = CARTESIAN_POINT ( 'NONE',  ( 0.8525629101089017281, 0.6581317110782219926, 0.7500000000000000000 ) ) ;
#6208 = LINE ( 'NONE', #1354, #7362 ) ;
#6209 = LINE ( 'NONE', #2284, #178 ) ;
#6210 = PLANE ( 'NONE',  #7354 ) ;
#6211 = CARTESIAN_POINT ( 'NONE',  ( 0.6731358981550157328, 0.6683884726333393367, 0.7600000000000000089 ) ) ;
#6212 = STYLED_ITEM ( 'NONE', ( #3742 ), #2038 ) ;
#6213 = DIRECTION ( 'NONE',  ( 0.000000000000000000, 0.000000000000000000, 1.000000000000000000 ) ) ;
#6214 = ORIENTED_EDGE ( 'NONE', *, *, #3520, .F. ) ;
#6215 = DIRECTION ( 'NONE',  ( -0.3385350342956437997, -0.9409537876827147596, 0.000000000000000000 ) ) ;
#6216 = LINE ( 'NONE', #9295, #8435 ) ;
#6217 = VECTOR ( 'NONE', #1543, 1000.000000000000000 ) ;
#6218 = CARTESIAN_POINT ( 'NONE',  ( 0.6527329004912759691, 0.7953158968843083709, 0.7600000000000000089 ) ) ;
#6219 = DIRECTION ( 'NONE',  ( -1.000000000000000000, -3.491481338843133355E-15, 0.000000000000000000 ) ) ;
#6220 = DIRECTION ( 'NONE',  ( 0.9369753459439881249, 0.3493954794972936595, -0.000000000000000000 ) ) ;
#6221 = CARTESIAN_POINT ( 'NONE',  ( 0.2714055516484271124, 0.6670542391278874161, 0.7500000000000000000 ) ) ;
#6222 = CARTESIAN_POINT ( 'NONE',  ( 0.3255105157337611632, 0.6578318012680252069, 0.7600000000000000089 ) ) ;
#6223 = VECTOR ( 'NONE', #6298, 1000.000000000000000 ) ;
#6224 = B_SPLINE_CURVE_WITH_KNOTS ( 'NONE', 3,
 ( #1982, #2088, #9975, #8432 ),
 .UNSPECIFIED., .F., .F.,
 ( 4, 4 ),
 ( 8.000000000000000000, 9.000000000000000000 ),
 .UNSPECIFIED. ) ;
#6225 = EDGE_CURVE ( 'NONE', #8689, #7433, #3238, .T. ) ;
#6226 = LINE ( 'NONE', #5354, #963 ) ;
#6227 = ORIENTED_EDGE ( 'NONE', *, *, #2482, .F. ) ;
#6228 = CARTESIAN_POINT ( 'NONE',  ( 0.7999999999999964917, 1.001000000000003221, 0.1800000000000000211 ) ) ;
#6229 = VECTOR ( 'NONE', #1418, 1000.000000000000000 ) ;
#6230 = VERTEX_POINT ( 'NONE', #7648 ) ;
#6231 = CARTESIAN_POINT ( 'NONE',  ( 0.5514915903089311344, 0.6566727751671871394, 0.7500000000000000000 ) ) ;
#6232 = VERTEX_POINT ( 'NONE', #537 ) ;
#6233 = SURFACE_SIDE_STYLE ('',( #7013 ) ) ;
#6234 = EDGE_CURVE ( 'NONE', #3255, #3818, #10049, .T. ) ;
#6235 = AXIS2_PLACEMENT_3D ( 'NONE', #9168, #1286, #8404 ) ;
#6236 = CARTESIAN_POINT ( 'NONE',  ( -0.1499999999999964695, -1.000000000000000000, 0.000000000000000000 ) ) ;
#6237 = VERTEX_POINT ( 'NONE', #2937 ) ;
#6238 = CARTESIAN_POINT ( 'NONE',  ( 0.8477661056752422430, 0.7024745207341381859, 0.7500000000000000000 ) ) ;
#6239 = ADVANCED_FACE ( 'NONE', ( #6086 ), #7435, .T. ) ;
#6240 = EDGE_LOOP ( 'NONE', ( #10008, #927, #1582, #2670, #9342, #8701 ) ) ;
#6241 = CARTESIAN_POINT ( 'NONE',  ( 0.8009254208984137868, 0.8189683427131280169, 0.7500000000000000000 ) ) ;
#6242 = ORIENTED_EDGE ( 'NONE', *, *, #8929, .F. ) ;
#6243 =( GEOMETRIC_REPRESENTATION_CONTEXT ( 3 ) GLOBAL_UNCERTAINTY_ASSIGNED_CONTEXT ( ( #1922 ) ) GLOBAL_UNIT_ASSIGNED_CONTEXT ( ( #3751, #7678, #10029 ) ) REPRESENTATION_CONTEXT ( 'NONE', 'WORKASPACE' ) );
#6244 = CARTESIAN_POINT ( 'NONE',  ( 0.8265452196975536792, 0.7265248581751615475, 0.7500000000000000000 ) ) ;
#6245 = CARTESIAN_POINT ( 'NONE',  ( 0.5827260818565642708, 0.8714900355061628856, 0.7600000000000000089 ) ) ;
#6246 = DIRECTION ( 'NONE',  ( 0.3559357243698730855, 0.9345104387417476621, 0.000000000000000000 ) ) ;
#6247 = CARTESIAN_POINT ( 'NONE',  ( 0.7068461597331406887, 0.8817910072409375077, 0.7500000000000000000 ) ) ;
#6248 = CARTESIAN_POINT ( 'NONE',  ( 0.3433405716436495614, 0.8244504908228398321, 0.7600000000000000089 ) ) ;
#6249 = DIRECTION ( 'NONE',  ( -0.3667976789509028168, -0.9303007377811920442, 0.000000000000000000 ) ) ;
#6250 = EDGE_CURVE ( 'NONE', #7433, #9583, #5664, .T. ) ;
#6251 = ORIENTED_EDGE ( 'NONE', *, *, #1006, .F. ) ;
#6252 = CARTESIAN_POINT ( 'NONE',  ( 0.1121648053452185684, 0.8183022340968790775, 0.7600000000000000089 ) ) ;
#6253 = VECTOR ( 'NONE', #7844, 1000.000000000000000 ) ;
#6254 = PRESENTATION_STYLE_ASSIGNMENT (( #551 ) ) ;
#6255 = EDGE_CURVE ( 'NONE', #6131, #3412, #6544, .T. ) ;
#6256 = LINE ( 'NONE', #656, #9280 ) ;
#6257 = CARTESIAN_POINT ( 'NONE',  ( 0.1207724116688995986, 0.8545771246819166000, 0.7500000000000000000 ) ) ;
#6258 = B_SPLINE_CURVE_WITH_KNOTS ( 'NONE', 3,
 ( #5379, #6101, #4714, #8568 ),
 .UNSPECIFIED., .F., .F.,
 ( 4, 4 ),
 ( 3.000000000000000000, 4.000000000000000000 ),
 .UNSPECIFIED. ) ;
#6259 = ORIENTED_EDGE ( 'NONE', *, *, #9813, .T. ) ;
#6260 = CARTESIAN_POINT ( 'NONE',  ( 0.1207723999419626909, 0.6645948895298708914, 0.7600000000000000089 ) ) ;
#6261 = PLANE ( 'NONE',  #8323 ) ;
#6262 = CARTESIAN_POINT ( 'NONE',  ( 0.8267883756830199937, 0.6770094575617373600, 0.7600000000000000089 ) ) ;
#6263 = DIRECTION ( 'NONE',  ( 1.000000000000000000, 4.317572739497899940E-14, 0.000000000000000000 ) ) ;
#6264 = DIRECTION ( 'NONE',  ( 3.491481338843133355E-15, -1.000000000000000000, 0.000000000000000000 ) ) ;
#6265 = VERTEX_POINT ( 'NONE', #3344 ) ;
#6266 = PLANE ( 'NONE',  #7070 ) ;
#6267 = CARTESIAN_POINT ( 'NONE',  ( 0.4861931557500382972, 0.6679905810217201534, 0.7600000000000000089 ) ) ;
#6268 = EDGE_CURVE ( 'NONE', #9127, #1488, #1823, .T. ) ;
#6269 = DIRECTION ( 'NONE',  ( -0.000000000000000000, -0.000000000000000000, -1.000000000000000000 ) ) ;
#6270 = CARTESIAN_POINT ( 'NONE',  ( 0.1318393206828460673, 0.7020994842309644657, 0.7600000000000000089 ) ) ;
#6271 = CARTESIAN_POINT ( 'NONE',  ( 0.5815324070202413376, 0.7135270655142534890, 0.7500000000000000000 ) ) ;
#6272 = EDGE_CURVE ( 'NONE', #5250, #6777, #3193, .T. ) ;
#6273 = CARTESIAN_POINT ( 'NONE',  ( 0.5707009131360528675, 0.6581317110782208823, 0.7500000000000000000 ) ) ;
#6274 = PLANE ( 'NONE',  #10137 ) ;
#6275 = FACE_OUTER_BOUND ( 'NONE', #5992, .T. ) ;
#6276 = VERTEX_POINT ( 'NONE', #1837 ) ;
#6277 = DIRECTION ( 'NONE',  ( -0.000000000000000000, 0.000000000000000000, -1.000000000000000000 ) ) ;
#6278 = CARTESIAN_POINT ( 'NONE',  ( 0.6802316319037785552, 0.8051747668278049774, 0.7600000000000000089 ) ) ;
#6279 = ORIENTED_EDGE ( 'NONE', *, *, #9887, .T. ) ;
#6280 = CARTESIAN_POINT ( 'NONE',  ( 0.7177439688859320599, 0.8779889318369115125, 0.7600000000000000089 ) ) ;
#6281 = ORIENTED_EDGE ( 'NONE', *, *, #8643, .F. ) ;
#6282 = LINE ( 'NONE', #3245, #9798 ) ;
#6283 = ADVANCED_FACE ( 'NONE', ( #269 ), #2079, .F. ) ;
#6284 = ORIENTED_EDGE ( 'NONE', *, *, #3707, .F. ) ;
#6285 = SURFACE_STYLE_USAGE ( .BOTH. , #6233 ) ;
#6286 = CARTESIAN_POINT ( 'NONE',  ( -0.7999999999999987121, -0.3000000000000026534, -0.02000000000000000042 ) ) ;
#6287 = STYLED_ITEM ( 'NONE', ( #5587 ), #7852 ) ;
#6288 = CARTESIAN_POINT ( 'NONE',  ( 0.8120663860360796127, 0.6679905810217222628, 0.7600000000000000089 ) ) ;
#6289 = VERTEX_POINT ( 'NONE', #4169 ) ;
#6290 = EDGE_LOOP ( 'NONE', ( #2729, #2252, #710, #6375 ) ) ;
#6291 = CARTESIAN_POINT ( 'NONE',  ( 0.6251236436316913725, 0.7125102313944980947, 0.7500000000000000000 ) ) ;
#6292 = EDGE_CURVE ( 'NONE', #4628, #8955, #4994, .T. ) ;
#6293 = AXIS2_PLACEMENT_3D ( 'NONE', #4128, #1114, #5001 ) ;
#6294 = CARTESIAN_POINT ( 'NONE',  ( 0.5542989366830318732, 0.6655590211699972114, 0.7500000000000000000 ) ) ;
#6295 = LINE ( 'NONE', #7133, #5067 ) ;
#6296 = DIRECTION ( 'NONE',  ( 0.000000000000000000, 0.000000000000000000, 1.000000000000000000 ) ) ;
#6297 = PRESENTATION_STYLE_ASSIGNMENT (( #7032 ) ) ;
#6298 = DIRECTION ( 'NONE',  ( -0.000000000000000000, -0.000000000000000000, -1.000000000000000000 ) ) ;
#6299 = ADVANCED_FACE ( 'NONE', ( #4222 ), #5765, .T. ) ;
#6300 = MECHANICAL_DESIGN_GEOMETRIC_PRESENTATION_REPRESENTATION (  '', ( #511 ), #3672 ) ;
#6301 = VERTEX_POINT ( 'NONE', #4896 ) ;
#6302 = LINE ( 'NONE', #8144, #8264 ) ;
#6303 = CARTESIAN_POINT ( 'NONE',  ( 0.6736443152143070101, 0.6695379372908891735, 0.7600000000000000089 ) ) ;
#6304 = ORIENTED_EDGE ( 'NONE', *, *, #2344, .F. ) ;
#6305 = ORIENTED_EDGE ( 'NONE', *, *, #5525, .T. ) ;
#6306 = CARTESIAN_POINT ( 'NONE',  ( 0.6098048165667382392, 0.6984513944347666703, 0.7500000000000000000 ) ) ;
#6307 = CARTESIAN_POINT ( 'NONE',  ( 0.5387369536331990671, 0.6929251220447072424, 0.7600000000000000089 ) ) ;
#6308 = B_SPLINE_CURVE_WITH_KNOTS ( 'NONE', 3,
 ( #1309, #3493, #5149, #8375 ),
 .UNSPECIFIED., .F., .F.,
 ( 4, 4 ),
 ( 3.000000000000000000, 4.000000000000000000 ),
 .UNSPECIFIED. ) ;
#6309 = ADVANCED_FACE ( 'NONE', ( #6598 ), #2617, .T. ) ;
#6310 = ORIENTED_EDGE ( 'NONE', *, *, #1331, .F. ) ;
#6311 = CARTESIAN_POINT ( 'NONE',  ( 0.8896773554794356054, 0.7274974821158513016, 0.7600000000000000089 ) ) ;
#6312 = FACE_OUTER_BOUND ( 'NONE', #1753, .T. ) ;
#6313 = CARTESIAN_POINT ( 'NONE',  ( 0.2904652471765117316, 0.6959511923247825305, 0.7500000000000000000 ) ) ;
#6314 = DIRECTION ( 'NONE',  ( -1.000000000000000000, -3.491481338843133355E-15, 0.000000000000000000 ) ) ;
#6315 = CARTESIAN_POINT ( 'NONE',  ( 0.05129669436364789337, 0.6738173508430183034, 0.7600000000000000089 ) ) ;
#6316 = EDGE_CURVE ( 'NONE', #5585, #988, #4380, .T. ) ;
#6317 = CARTESIAN_POINT ( 'NONE',  ( 0.5428927104703610285, 0.6725884396501585760, 0.7600000000000000089 ) ) ;
#6318 = CARTESIAN_POINT ( 'NONE',  ( 0.5740829918386293196, 0.7213080570391704471, 0.7600000000000000089 ) ) ;
#6319 = ORIENTED_EDGE ( 'NONE', *, *, #4311, .F. ) ;
#6320 = COLOUR_RGB ( '',0.2980392156862745057, 0.2980392156862745057, 0.2980392156862745057 ) ;
#6321 = CARTESIAN_POINT ( 'NONE',  ( 0.6173868622858336153, 0.8342650646879571363, 0.7600000000000000089 ) ) ;
#6322 = PRESENTATION_STYLE_ASSIGNMENT (( #4786 ) ) ;
#6323 = CARTESIAN_POINT ( 'NONE',  ( 0.8265452196975536792, 0.7265248581751615475, 0.7600000000000000089 ) ) ;
#6324 = CARTESIAN_POINT ( 'NONE',  ( 0.01194762850846879318, 0.7309964608817367537, 0.7500000000000000000 ) ) ;
#6325 =( LENGTH_UNIT ( ) NAMED_UNIT ( * ) SI_UNIT ( .MILLI., .METRE. ) );
#6326 = CARTESIAN_POINT ( 'NONE',  ( 0.5993491092052226632, 0.6934556441941168714, 0.7500000000000000000 ) ) ;
#6327 = ORIENTED_EDGE ( 'NONE', *, *, #2094, .F. ) ;
#6328 = ADVANCED_BREP_SHAPE_REPRESENTATION ( 'WSON-6_L2.0-W2.0-P0.65-BL_CSD17571Q2', ( #2657, #7833 ), #2357 ) ;
#6329 = CARTESIAN_POINT ( 'NONE',  ( 0.6927873227734080430, 0.8051747668278055325, 0.7600000000000000089 ) ) ;
#6330 = FACE_OUTER_BOUND ( 'NONE', #3990, .T. ) ;
#6331 = ORIENTED_EDGE ( 'NONE', *, *, #5914, .T. ) ;
#6332 = CARTESIAN_POINT ( 'NONE',  ( 0.1499999999999984679, 0.5000000000000007772, 0.000000000000000000 ) ) ;
#6333 = ORIENTED_EDGE ( 'NONE', *, *, #6225, .T. ) ;
#6334 = FACE_OUTER_BOUND ( 'NONE', #1744, .T. ) ;
#6335 = CARTESIAN_POINT ( 'NONE',  ( 0.6192657948983233407, 0.7125102313944980947, 0.7500000000000000000 ) ) ;
#6336 = CARTESIAN_POINT ( 'NONE',  ( 0.6062237920583464224, 0.8817910072409375077, 0.7600000000000000089 ) ) ;
#6337 = MECHANICAL_DESIGN_GEOMETRIC_PRESENTATION_REPRESENTATION (  '', ( #6999 ), #707 ) ;
#6338 = SURFACE_STYLE_USAGE ( .BOTH. , #18 ) ;
#6339 = EDGE_CURVE ( 'NONE', #9672, #9913, #2866, .T. ) ;
#6340 = EDGE_LOOP ( 'NONE', ( #4126, #5408, #442, #7039 ) ) ;
#6341 = B_SPLINE_CURVE_WITH_KNOTS ( 'NONE', 3,
 ( #3168, #614, #6763, #9935 ),
 .UNSPECIFIED., .F., .F.,
 ( 4, 4 ),
 ( 4.000000000000000000, 5.000000000000000000 ),
 .UNSPECIFIED. ) ;
#6342 = LINE ( 'NONE', #7317, #62 ) ;
#6343 = ORIENTED_EDGE ( 'NONE', *, *, #8441, .F. ) ;
#6344 = B_SPLINE_SURFACE_WITH_KNOTS ( 'NONE', 3, 1, ( 
 ( #6745, #311 ),
 ( #2851, #5089 ),
 ( #1147, #4366 ),
 ( #1097, #4468 ) ),
 .UNSPECIFIED., .F., .F., .F.,
 ( 4, 4 ),
 ( 2, 2 ),
 ( 0.000000000000000000, 1.000000000000000000 ),
 ( 0.000000000000000000, 1.000000000000000000 ),
 .UNSPECIFIED. ) ;
#6345 = CARTESIAN_POINT ( 'NONE',  ( 0.6367067105606337707, 0.6824030994145913187, 0.7600000000000000089 ) ) ;
#6346 = AXIS2_PLACEMENT_3D ( 'NONE', #7751, #2197, #3026 ) ;
#6347 = DIRECTION ( 'NONE',  ( -1.000000000000000000, 0.000000000000000000, 0.000000000000000000 ) ) ;
#6348 = DIRECTION ( 'NONE',  ( 0.000000000000000000, -0.000000000000000000, -1.000000000000000000 ) ) ;
#6349 = DIRECTION ( 'NONE',  ( -1.000000000000000000, 0.000000000000000000, 0.000000000000000000 ) ) ;
#6350 = CARTESIAN_POINT ( 'NONE',  ( 0.01194762850846879318, 0.7309964608817367537, 0.7600000000000000089 ) ) ;
#6351 = B_SPLINE_CURVE_WITH_KNOTS ( 'NONE', 3,
 ( #9506, #51, #3388, #6376 ),
 .UNSPECIFIED., .F., .F.,
 ( 4, 4 ),
 ( 7.000000000000000000, 8.000000000000000000 ),
 .UNSPECIFIED. ) ;
#6352 = APPLICATION_CONTEXT ( 'automotive_design' ) ;
#6353 = B_SPLINE_CURVE_WITH_KNOTS ( 'NONE', 3,
 ( #3142, #3254, #4599, #9423 ),
 .UNSPECIFIED., .F., .F.,
 ( 4, 4 ),
 ( 2.000000000000000000, 3.000000000000000000 ),
 .UNSPECIFIED. ) ;
#6354 = EDGE_CURVE ( 'NONE', #3783, #4961, #9099, .T. ) ;
#6355 = VERTEX_POINT ( 'NONE', #5153 ) ;
#6356 = CARTESIAN_POINT ( 'NONE',  ( 0.6017364588775792056, 0.6675042690513746102, 0.7500000000000000000 ) ) ;
#6357 = VERTEX_POINT ( 'NONE', #9929 ) ;
#6358 = VECTOR ( 'NONE', #8559, 1000.000000000000000 ) ;
#6359 = EDGE_LOOP ( 'NONE', ( #8349, #6029, #974, #5586, #1800, #9106, #753, #1997 ) ) ;
#6360 = VERTEX_POINT ( 'NONE', #2819 ) ;
#6361 = CARTESIAN_POINT ( 'NONE',  ( 0.5707009131360528675, 0.6676811097676482731, 0.7500000000000000000 ) ) ;
#6362 = COLOUR_RGB ( '',0.6666666666666666297, 0.6666666666666666297, 0.6666666666666666297 ) ;
#6363 = CARTESIAN_POINT ( 'NONE',  ( 0.1256910405033054012, 0.8539622931460290056, 0.7500000000000000000 ) ) ;
#6364 = FACE_OUTER_BOUND ( 'NONE', #7487, .T. ) ;
#6365 = DIRECTION ( 'NONE',  ( -3.491481338843133355E-15, 1.000000000000000000, 0.000000000000000000 ) ) ;
#6366 = CARTESIAN_POINT ( 'NONE',  ( 0.6107332303283555808, 0.7102113020799839527, 0.7600000000000000089 ) ) ;
#6367 = PLANE ( 'NONE',  #5495 ) ;
#6368 = LINE ( 'NONE', #2442, #5727 ) ;
#6369 = ORIENTED_EDGE ( 'NONE', *, *, #1776, .T. ) ;
#6370 = VECTOR ( 'NONE', #9092, 1000.000000000000000 ) ;
#6371 = VECTOR ( 'NONE', #6061, 1000.000000000000000 ) ;
#6372 = EDGE_CURVE ( 'NONE', #7742, #4650, #5966, .T. ) ;
#6373 = CARTESIAN_POINT ( 'NONE',  ( 0.8015885735850307725, 0.7346595311332154710, 0.7500000000000000000 ) ) ;
#6374 = CARTESIAN_POINT ( 'NONE',  ( 0.7246628619184196651, 0.8201620175491580733, 0.7500000000000000000 ) ) ;
#6375 = ORIENTED_EDGE ( 'NONE', *, *, #10092, .T. ) ;
#6376 = CARTESIAN_POINT ( 'NONE',  ( 0.5889155069332399073, 0.8680416415352748549, 0.7500000000000000000 ) ) ;
#6377 = VECTOR ( 'NONE', #7277, 1000.000000000000000 ) ;
#6378 = PLANE ( 'NONE',  #1924 ) ;
#6379 = CARTESIAN_POINT ( 'NONE',  ( 0.8328672753114374494, 0.7210870061432395062, 0.7600000000000000089 ) ) ;
#6380 = B_SPLINE_CURVE_WITH_KNOTS ( 'NONE', 3,
 ( #2965, #6112, #9293, #8527 ),
 .UNSPECIFIED., .F., .F.,
 ( 4, 4 ),
 ( 6.000000000000000000, 7.000000000000000000 ),
 .UNSPECIFIED. ) ;
#6381 = VECTOR ( 'NONE', #8634, 1000.000000000000000 ) ;
#6382 = CARTESIAN_POINT ( 'NONE',  ( 0.8854994935527360500, 0.7446068214348521286, 0.7600000000000000089 ) ) ;
#6383 = LINE ( 'NONE', #7002, #7482 ) ;
#6384 = CARTESIAN_POINT ( 'NONE',  ( 0.6927873227734080430, 0.8051747668278055325, 0.7600000000000000089 ) ) ;
#6385 = EDGE_LOOP ( 'NONE', ( #2221, #3632, #1659, #4832 ) ) ;
#6386 = EDGE_CURVE ( 'NONE', #165, #5783, #2040, .T. ) ;
#6387 = DIRECTION ( 'NONE',  ( -0.000000000000000000, -0.000000000000000000, -1.000000000000000000 ) ) ;
#6388 = VECTOR ( 'NONE', #8846, 1000.000000000000000 ) ;
#6389 = CARTESIAN_POINT ( 'NONE',  ( 0.7182523859458088689, 0.8637090439812484810, 0.7500000000000000000 ) ) ;
#6390 = ORIENTED_EDGE ( 'NONE', *, *, #438, .F. ) ;
#6391 = DIRECTION ( 'NONE',  ( 3.355956067282445301E-15, -1.000000000000000000, 0.000000000000000000 ) ) ;
#6392 = ADVANCED_FACE ( 'NONE', ( #3554 ), #9198, .F. ) ;
#6393 = VERTEX_POINT ( 'NONE', #8382 ) ;
#6394 = CARTESIAN_POINT ( 'NONE',  ( 0.4750300855225406127, 0.7446068214348511294, 0.7500000000000000000 ) ) ;
#6395 = CARTESIAN_POINT ( 'NONE',  ( 0.6932957398326979881, 0.8718437169393019603, 0.7500000000000000000 ) ) ;
#6396 = VECTOR ( 'NONE', #457, 1000.000000000000000 ) ;
#6397 = CARTESIAN_POINT ( 'NONE',  ( 0.6309593872752314869, 0.6615801050491079138, 0.7500000000000000000 ) ) ;
#6398 = SURFACE_STYLE_USAGE ( .BOTH. , #7222 ) ;
#6399 = VERTEX_POINT ( 'NONE', #425 ) ;
#6400 = CARTESIAN_POINT ( 'NONE',  ( 0.5574378594004397725, 0.8038042512749101753, 0.7500000000000000000 ) ) ;
#6401 = VERTEX_POINT ( 'NONE', #8482 ) ;
#6402 = VECTOR ( 'NONE', #3401, 1000.000000000000000 ) ;
#6403 = DIRECTION ( 'NONE',  ( -0.000000000000000000, -0.000000000000000000, -1.000000000000000000 ) ) ;
#6404 = ADVANCED_FACE ( 'NONE', ( #3701 ), #1362, .T. ) ;
#6405 = ORIENTED_EDGE ( 'NONE', *, *, #9589, .F. ) ;
#6406 = ORIENTED_EDGE ( 'NONE', *, *, #9947, .T. ) ;
#6407 = CARTESIAN_POINT ( 'NONE',  ( 0.5372117024535616459, 0.6615358948700397201, 0.7600000000000000089 ) ) ;
#6408 = CARTESIAN_POINT ( 'NONE',  ( 0.8360283031183790570, 0.7021650494806563891, 0.7600000000000000089 ) ) ;
#6409 = VECTOR ( 'NONE', #5445, 1000.000000000000000 ) ;
#6410 = CARTESIAN_POINT ( 'NONE',  ( 0.7610257342436118622, 0.6581317110782208823, 0.7500000000000000000 ) ) ;
#6411 = ORIENTED_EDGE ( 'NONE', *, *, #6937, .T. ) ;
#6412 = CARTESIAN_POINT ( 'NONE',  ( -0.5000000000000032196, 0.9999999999999986677, 0.1800000000000000488 ) ) ;
#6413 = DIRECTION ( 'NONE',  ( -0.000000000000000000, 0.000000000000000000, -1.000000000000000000 ) ) ;
#6414 = AXIS2_PLACEMENT_3D ( 'NONE', #6531, #3334, #8725 ) ;
#6415 = ORIENTED_EDGE ( 'NONE', *, *, #7702, .T. ) ;
#6416 = CARTESIAN_POINT ( 'NONE',  ( 0.7394732719229082374, 0.8524796584848549630, 0.7500000000000000000 ) ) ;
#6417 = CARTESIAN_POINT ( 'NONE',  ( 0.7119303303313360143, 0.8691468960131699673, 0.7500000000000000000 ) ) ;
#6418 = CARTESIAN_POINT ( 'NONE',  ( 0.5428927104703610285, 0.6755505216507020627, 0.7600000000000000089 ) ) ;
#6419 = FILL_AREA_STYLE_COLOUR ( '', #8492 ) ;
#6420 = EDGE_CURVE ( 'NONE', #1186, #1435, #1512, .T. ) ;
#6421 = PLANE ( 'NONE',  #3067 ) ;
#6422 = CARTESIAN_POINT ( 'NONE',  ( 0.6457919023698426297, 0.6299256168000324507, 0.7600000000000000089 ) ) ;
#6423 = CARTESIAN_POINT ( 'NONE',  ( 0.6379224904864937429, 0.6749315791431509393, 0.7600000000000000089 ) ) ;
#6424 = B_SPLINE_CURVE_WITH_KNOTS ( 'NONE', 3,
 ( #3998, #3329, #2601, #6475 ),
 .UNSPECIFIED., .F., .F.,
 ( 4, 4 ),
 ( 13.00000000000000000, 14.00000000000000000 ),
 .UNSPECIFIED. ) ;
#6425 = ORIENTED_EDGE ( 'NONE', *, *, #9938, .T. ) ;
#6426 = MECHANICAL_DESIGN_GEOMETRIC_PRESENTATION_REPRESENTATION (  '', ( #1798 ), #7576 ) ;
#6427 = LINE ( 'NONE', #9764, #616 ) ;
#6428 = CARTESIAN_POINT ( 'NONE',  ( 0.7184955419312778480, 0.8141936433678232943, 0.7500000000000000000 ) ) ;
#6429 = CARTESIAN_POINT ( 'NONE',  ( 0.1115499738093310850, 0.8551919503543360390, 0.7600000000000000089 ) ) ;
#6430 = VECTOR ( 'NONE', #5437, 1000.000000000000227 ) ;
#6431 = EDGE_CURVE ( 'NONE', #5575, #6399, #8632, .T. ) ;
#6432 = DIRECTION ( 'NONE',  ( -0.000000000000000000, -0.000000000000000000, -1.000000000000000000 ) ) ;
#6433 = LINE ( 'NONE', #8214, #6664 ) ;
#6434 = CARTESIAN_POINT ( 'NONE',  ( 0.6013827774447363383, 0.6907588232679849893, 0.7500000000000000000 ) ) ;
#6435 = ORIENTED_EDGE ( 'NONE', *, *, #5501, .F. ) ;
#6436 = UNCERTAINTY_MEASURE_WITH_UNIT (LENGTH_MEASURE( 1.000000000000000082E-05 ), #3943, 'distance_accuracy_value', 'NONE');
#6437 = CARTESIAN_POINT ( 'NONE',  ( 0.5523978989807216688, 0.6948261597470143380, 0.7600000000000000089 ) ) ;
#6438 = EDGE_CURVE ( 'NONE', #1763, #6557, #6216, .T. ) ;
#6439 = B_SPLINE_SURFACE_WITH_KNOTS ( 'NONE', 3, 1, ( 
 ( #9815, #1665 ),
 ( #2713, #2555 ),
 ( #8063, #6591 ),
 ( #4888, #3390 ) ),
 .UNSPECIFIED., .F., .F., .F.,
 ( 4, 4 ),
 ( 2, 2 ),
 ( 19.00000000000000000, 20.00000000000000000 ),
 ( 0.000000000000000000, 1.000000000000000000 ),
 .UNSPECIFIED. ) ;
#6440 =( LENGTH_UNIT ( ) NAMED_UNIT ( * ) SI_UNIT ( .MILLI., .METRE. ) );
#6441 = ORIENTED_EDGE ( 'NONE', *, *, #9452, .T. ) ;
#6442 = CARTESIAN_POINT ( 'NONE',  ( 0.8648975500831893592, 0.6581317110782219926, 0.7600000000000000089 ) ) ;
#6443 = ORIENTED_EDGE ( 'NONE', *, *, #3166, .F. ) ;
#6444 = CARTESIAN_POINT ( 'NONE',  ( 0.2265230254223644657, 0.9049931171414477005, 0.7600000000000000089 ) ) ;
#6445 = CARTESIAN_POINT ( 'NONE',  ( 0.7773613954283229432, 0.6581317110782219926, 0.7600000000000000089 ) ) ;
#6446 = B_SPLINE_CURVE_WITH_KNOTS ( 'NONE', 3,
 ( #6366, #4929, #3218, #9551 ),
 .UNSPECIFIED., .F., .F.,
 ( 4, 4 ),
 ( 11.00000000000000000, 12.00000000000000000 ),
 .UNSPECIFIED. ) ;
#6447 = ADVANCED_FACE ( 'NONE', ( #7900 ), #3221, .F. ) ;
#6448 = LINE ( 'NONE', #8949, #2419 ) ;
#6449 = DIRECTION ( 'NONE',  ( -0.3559357243643189728, 0.9345104387438630811, -0.000000000000000000 ) ) ;
#6450 = LINE ( 'NONE', #4855, #7211 ) ;
#6451 = ORIENTED_EDGE ( 'NONE', *, *, #105, .F. ) ;
#6452 =( NAMED_UNIT ( * ) PLANE_ANGLE_UNIT ( ) SI_UNIT ( $, .RADIAN. ) );
#6453 = VERTEX_POINT ( 'NONE', #4631 ) ;
#6454 =( LENGTH_UNIT ( ) NAMED_UNIT ( * ) SI_UNIT ( .MILLI., .METRE. ) );
#6455 = ORIENTED_EDGE ( 'NONE', *, *, #9451, .T. ) ;
#6456 = LINE ( 'NONE', #7929, #7792 ) ;
#6457 = CARTESIAN_POINT ( 'NONE',  ( 0.5352664545721839140, 0.8056610787981490773, 0.7500000000000000000 ) ) ;
#6458 = LINE ( 'NONE', #3262, #6037 ) ;
#6459 = CARTESIAN_POINT ( 'NONE',  ( 0.1500000000000017986, -0.4999999999999992784, 0.000000000000000000 ) ) ;
#6460 = VECTOR ( 'NONE', #37, 1000.000000000000000 ) ;
#6461 = LINE ( 'NONE', #7988, #9382 ) ;
#6462 = EDGE_CURVE ( 'NONE', #8897, #9030, #7106, .T. ) ;
#6463 = ORIENTED_EDGE ( 'NONE', *, *, #2801, .T. ) ;
#6464 = FACE_OUTER_BOUND ( 'NONE', #877, .T. ) ;
#6465 = DIRECTION ( 'NONE',  ( -3.491481338843133355E-15, 1.000000000000000000, 0.000000000000000000 ) ) ;
#6466 = EDGE_CURVE ( 'NONE', #4461, #6909, #1323, .T. ) ;
#6467 = VERTEX_POINT ( 'NONE', #7150 ) ;
#6468 = MECHANICAL_DESIGN_GEOMETRIC_PRESENTATION_REPRESENTATION (  '', ( #9465 ), #2831 ) ;
#6469 = B_SPLINE_CURVE_WITH_KNOTS ( 'NONE', 3,
 ( #2686, #5824, #8138, #3467 ),
 .UNSPECIFIED., .F., .F.,
 ( 4, 4 ),
 ( 17.00000000000000000, 18.00000000000000000 ),
 .UNSPECIFIED. ) ;
#6470 = VERTEX_POINT ( 'NONE', #2235 ) ;
#6471 = LINE ( 'NONE', #140, #3813 ) ;
#6472 = CARTESIAN_POINT ( 'NONE',  ( 0.7182523859458088689, 0.8637090439812484810, 0.7500000000000000000 ) ) ;
#6473 = ORIENTED_EDGE ( 'NONE', *, *, #8643, .T. ) ;
#6474 = SURFACE_STYLE_FILL_AREA ( #5589 ) ;
#6475 = CARTESIAN_POINT ( 'NONE',  ( 0.6074395719839118524, 0.7041987177201679549, 0.7600000000000000089 ) ) ;
#6476 = CARTESIAN_POINT ( 'NONE',  ( 0.7566047163314477686, 0.6970808788818703139, 0.7600000000000000089 ) ) ;
#6477 = DIRECTION ( 'NONE',  ( -0.000000000000000000, -0.000000000000000000, -1.000000000000000000 ) ) ;
#6478 = VERTEX_POINT ( 'NONE', #6995 ) ;
#6479 =( GEOMETRIC_REPRESENTATION_CONTEXT ( 3 ) GLOBAL_UNCERTAINTY_ASSIGNED_CONTEXT ( ( #458 ) ) GLOBAL_UNIT_ASSIGNED_CONTEXT ( ( #7338, #3328, #144 ) ) REPRESENTATION_CONTEXT ( 'NONE', 'WORKASPACE' ) );
#6480 = FACE_OUTER_BOUND ( 'NONE', #10068, .T. ) ;
#6481 = EDGE_CURVE ( 'NONE', #5787, #1235, #5526, .T. ) ;
#6482 = FACE_BOUND ( 'NONE', #6359, .T. ) ;
#6483 = ORIENTED_EDGE ( 'NONE', *, *, #8616, .T. ) ;
#6484 = CARTESIAN_POINT ( 'NONE',  ( 0.8151389934848880525, 0.7446068214348521286, 0.7500000000000000000 ) ) ;
#6485 = VECTOR ( 'NONE', #3291, 1000.000000000000000 ) ;
#6486 = FACE_OUTER_BOUND ( 'NONE', #9018, .T. ) ;
#6487 = SURFACE_STYLE_FILL_AREA ( #9771 ) ;
#6488 = CARTESIAN_POINT ( 'NONE',  ( 0.6342972557987428539, 0.6851441305197928378, 0.7500000000000000000 ) ) ;
#6489 = CARTESIAN_POINT ( 'NONE',  ( 0.7037735522843359126, 0.8051747668278049774, 0.7600000000000000089 ) ) ;
#6490 = EDGE_LOOP ( 'NONE', ( #3982, #7621, #7995, #2595 ) ) ;
#6491 = VECTOR ( 'NONE', #8628, 1000.000000000000000 ) ;
#6492 = FACE_OUTER_BOUND ( 'NONE', #5609, .T. ) ;
#6493 = ADVANCED_FACE ( 'NONE', ( #10177 ), #4004, .F. ) ;
#6494 = ORIENTED_EDGE ( 'NONE', *, *, #2327, .T. ) ;
#6495 = CARTESIAN_POINT ( 'NONE',  ( 0.6937378416245608692, 0.8817910072409375077, 0.7500000000000000000 ) ) ;
#6496 = ORIENTED_EDGE ( 'NONE', *, *, #890, .F. ) ;
#6497 = CARTESIAN_POINT ( 'NONE',  ( 0.1453655792945113823, 0.7408337537313613996, 0.7600000000000000089 ) ) ;
#6498 = CARTESIAN_POINT ( 'NONE',  ( 0.1687290721208205557, 0.6781211364145969256, 0.7500000000000000000 ) ) ;
#6499 = PLANE ( 'NONE',  #9028 ) ;
#6500 = MECHANICAL_DESIGN_GEOMETRIC_PRESENTATION_REPRESENTATION (  '', ( #528 ), #2199 ) ;
#6501 = DIRECTION ( 'NONE',  ( 0.000000000000000000, 0.000000000000000000, 1.000000000000000000 ) ) ;
#6502 = ORIENTED_EDGE ( 'NONE', *, *, #10266, .F. ) ;
#6503 = CARTESIAN_POINT ( 'NONE',  ( 0.5278612495696457518, 0.8135304906812018677, 0.7600000000000000089 ) ) ;
#6504 = EDGE_CURVE ( 'NONE', #10125, #4158, #9346, .T. ) ;
#6505 = EDGE_LOOP ( 'NONE', ( #9470, #2864, #2012, #9277, #2876, #4304, #9476 ) ) ;
#6506 =( NAMED_UNIT ( * ) PLANE_ANGLE_UNIT ( ) SI_UNIT ( $, .RADIAN. ) );
#6507 = EDGE_LOOP ( 'NONE', ( #9479, #3137, #3920, #2057 ) ) ;
#6508 = DIRECTION ( 'NONE',  ( -0.000000000000000000, 1.000000000000000000, -0.000000000000000000 ) ) ;
#6509 = ORIENTED_EDGE ( 'NONE', *, *, #1784, .F. ) ;
#6510 = ADVANCED_FACE ( 'NONE', ( #3065, #1462, #1772, #995, #4883, #2606, #4055, #4982, #3335, #9612, #948, #8160, #2498, #6482, #3285 ), #1048, .F. ) ;
#6511 = CARTESIAN_POINT ( 'NONE',  ( 0.7813845217276892408, 0.8646816679219360147, 0.7600000000000000089 ) ) ;
#6512 = LINE ( 'NONE', #6459, #5016 ) ;
#6513 = LINE ( 'NONE', #1595, #7911 ) ;
#6514 = ORIENTED_EDGE ( 'NONE', *, *, #6919, .F. ) ;
#6515 = EDGE_CURVE ( 'NONE', #2417, #7363, #3440, .T. ) ;
#6516 = CARTESIAN_POINT ( 'NONE',  ( 0.7885244656555233655, 0.7346595311332154710, 0.7600000000000000089 ) ) ;
#6517 = AXIS2_PLACEMENT_3D ( 'NONE', #5115, #8289, #439 ) ;
#6518 = LINE ( 'NONE', #8045, #53 ) ;
#6519 = ORIENTED_EDGE ( 'NONE', *, *, #6523, .F. ) ;
#6520 = ORIENTED_EDGE ( 'NONE', *, *, #4910, .F. ) ;
#6521 = VERTEX_POINT ( 'NONE', #1824 ) ;
#6522 = DIRECTION ( 'NONE',  ( 1.000000000000000000, 2.709813608826153249E-14, -0.000000000000000000 ) ) ;
#6523 = EDGE_CURVE ( 'NONE', #2385, #7692, #9245, .T. ) ;
#6524 = CARTESIAN_POINT ( 'NONE',  ( 0.6937378416245608692, 0.8817910072409375077, 0.7600000000000000089 ) ) ;
#6525 = SURFACE_STYLE_USAGE ( .BOTH. , #4102 ) ;
#6526 = ADVANCED_FACE ( 'NONE', ( #151 ), #3490, .T. ) ;
#6527 = CARTESIAN_POINT ( 'NONE',  ( 0.6173868622858336153, 0.8342650646879571363, 0.7600000000000000089 ) ) ;
#6528 = PRODUCT ( 'WSON-6_L2.0-W2.0-P0.65-BL_CSD17571Q2', 'WSON-6_L2.0-W2.0-P0.65-BL_CSD17571Q2', '', ( #5632 ) ) ;
#6529 = CARTESIAN_POINT ( 'NONE',  ( 0.6736443152143070101, 0.6695379372908891735, 0.7500000000000000000 ) ) ;
#6530 = ORIENTED_EDGE ( 'NONE', *, *, #1953, .T. ) ;
#6531 = CARTESIAN_POINT ( 'NONE',  ( 0.2068484866314539150, 0.6787360031312968944, 0.7600000000000000089 ) ) ;
#6532 = VECTOR ( 'NONE', #4338, 1000.000000000000000 ) ;
#6533 = CARTESIAN_POINT ( 'NONE',  ( 0.7277354693672223318, 0.8393492352867428785, 0.7600000000000000089 ) ) ;
#6534 = ORIENTED_EDGE ( 'NONE', *, *, #8036, .T. ) ;
#6535 = CARTESIAN_POINT ( 'NONE',  ( 0.8265452196975536792, 0.7265248581751615475, 0.7600000000000000089 ) ) ;
#6536 = EDGE_CURVE ( 'NONE', #5520, #1327, #255, .T. ) ;
#6537 =( NAMED_UNIT ( * ) PLANE_ANGLE_UNIT ( ) SI_UNIT ( $, .RADIAN. ) );
#6538 = CARTESIAN_POINT ( 'NONE',  ( 0.3445702112618454493, 0.7912497168735491693, 0.7600000000000000089 ) ) ;
#6539 = DIRECTION ( 'NONE',  ( 1.000000000000000000, -0.000000000000000000, -0.000000000000000000 ) ) ;
#6540 = CARTESIAN_POINT ( 'NONE',  ( 0.7184955419312778480, 0.8141936433678232943, 0.7500000000000000000 ) ) ;
#6541 = AXIS2_PLACEMENT_3D ( 'NONE', #1479, #8547, #1426 ) ;
#6542 = ORIENTED_EDGE ( 'NONE', *, *, #9539, .F. ) ;
#6543 = DIRECTION ( 'NONE',  ( -0.000000000000000000, 0.000000000000000000, -1.000000000000000000 ) ) ;
#6544 = LINE ( 'NONE', #8019, #5270 ) ;
#6545 = AXIS2_PLACEMENT_3D ( 'NONE', #6739, #2799, #1242 ) ;
#6546 = STYLED_ITEM ( 'NONE', ( #4427 ), #1885 ) ;
#6547 = ORIENTED_EDGE ( 'NONE', *, *, #4828, .F. ) ;
#6548 = CARTESIAN_POINT ( 'NONE',  ( 0.09617924404358400847, 0.7236185410845895616, 0.7500000000000000000 ) ) ;
#6549 = ORIENTED_EDGE ( 'NONE', *, *, #7585, .T. ) ;
#6550 = DIRECTION ( 'NONE',  ( -1.000000000000000000, -3.491481338843133355E-15, 0.000000000000000000 ) ) ;
#6551 = CARTESIAN_POINT ( 'NONE',  ( 0.6802316319037785552, 0.8051747668278049774, 0.7600000000000000089 ) ) ;
#6552 = CARTESIAN_POINT ( 'NONE',  ( -0.5000000000000034417, 1.000999999999998558, 0.1800000000000000211 ) ) ;
#6553 = LINE ( 'NONE', #5721, #4882 ) ;
#6554 = ADVANCED_FACE ( 'NONE', ( #8208 ), #5867, .F. ) ;
#6555 = CARTESIAN_POINT ( 'NONE',  ( 0.6477150451613898907, 0.6293508844715505202, 0.7600000000000000089 ) ) ;
#6556 = DIRECTION ( 'NONE',  ( -1.000000000000000000, -0.000000000000000000, -0.000000000000000000 ) ) ;
#6557 = VERTEX_POINT ( 'NONE', #2707 ) ;
#6558 = CARTESIAN_POINT ( 'NONE',  ( 0.8347241028346763514, 0.6702453001565782387, 0.7600000000000000089 ) ) ;
#6559 = PRESENTATION_LAYER_ASSIGNMENT (  '', '', ( #7727 ) ) ;
#6560 = EDGE_LOOP ( 'NONE', ( #5539, #7770, #71, #543 ) ) ;
#6561 = CARTESIAN_POINT ( 'NONE',  ( 0.7885244656555233655, 0.6679905810217222628, 0.7500000000000000000 ) ) ;
#6562 = ORIENTED_EDGE ( 'NONE', *, *, #7313, .F. ) ;
#6563 = EDGE_CURVE ( 'NONE', #9894, #2385, #9132, .T. ) ;
#6564 = CARTESIAN_POINT ( 'NONE',  ( 0.8151389934848880525, 0.7446068214348521286, 0.7500000000000000000 ) ) ;
#6565 = CARTESIAN_POINT ( 'NONE',  ( 0.3248956959245164478, 0.8594957535163255669, 0.7500000000000000000 ) ) ;
#6566 = ORIENTED_EDGE ( 'NONE', *, *, #7149, .T. ) ;
#6567 = CARTESIAN_POINT ( 'NONE',  ( 0.6499476592070067005, 0.6383255508324964245, 0.7600000000000000089 ) ) ;
#6568 = VECTOR ( 'NONE', #3573, 1000.000000000000000 ) ;
#6569 = ORIENTED_EDGE ( 'NONE', *, *, #557, .F. ) ;
#6570 = DIRECTION ( 'NONE',  ( 3.491481338843133355E-15, -1.000000000000000000, 0.000000000000000000 ) ) ;
#6571 = EDGE_CURVE ( 'NONE', #900, #9845, #6689, .T. ) ;
#6572 = CARTESIAN_POINT ( 'NONE',  ( 0.3132139319208068207, 0.7912497168735491693, 0.7600000000000000089 ) ) ;
#6573 = ORIENTED_EDGE ( 'NONE', *, *, #1643, .F. ) ;
#6574 = VERTEX_POINT ( 'NONE', #8317 ) ;
#6575 = ORIENTED_EDGE ( 'NONE', *, *, #479, .F. ) ;
#6576 = CARTESIAN_POINT ( 'NONE',  ( 0.7351185692799341309, 0.8626922098614905332, 0.7600000000000000089 ) ) ;
#6577 = FACE_OUTER_BOUND ( 'NONE', #473, .T. ) ;
#6578 = ORIENTED_EDGE ( 'NONE', *, *, #5237, .F. ) ;
#6579 =( GEOMETRIC_REPRESENTATION_CONTEXT ( 3 ) GLOBAL_UNCERTAINTY_ASSIGNED_CONTEXT ( ( #4689 ) ) GLOBAL_UNIT_ASSIGNED_CONTEXT ( ( #8276, #3553, #8327 ) ) REPRESENTATION_CONTEXT ( 'NONE', 'WORKASPACE' ) );
#6580 = LINE ( 'NONE', #2652, #2917 ) ;
#6581 = EDGE_CURVE ( 'NONE', #7289, #4590, #7379, .T. ) ;
#6582 = CARTESIAN_POINT ( 'NONE',  ( 0.2800131462448763875, 0.6959511923247825305, 0.7600000000000000089 ) ) ;
#6583 = SURFACE_STYLE_USAGE ( .BOTH. , #8577 ) ;
#6584 = LINE ( 'NONE', #6423, #2426 ) ;
#6585 = B_SPLINE_CURVE_WITH_KNOTS ( 'NONE', 3,
 ( #2209, #2110, #4460, #3633 ),
 .UNSPECIFIED., .F., .F.,
 ( 4, 4 ),
 ( 8.000000000000000000, 9.000000000000000000 ),
 .UNSPECIFIED. ) ;
#6586 = LINE ( 'NONE', #2496, #6076 ) ;
#6587 = AXIS2_PLACEMENT_3D ( 'NONE', #8316, #408, #9961 ) ;
#6588 = VERTEX_POINT ( 'NONE', #8467 ) ;
#6589 = CARTESIAN_POINT ( 'NONE',  ( 0.1499999999999964695, 1.001000000000000778, -0.02000000000000000042 ) ) ;
#6590 = DIRECTION ( 'NONE',  ( 1.000000000000000000, 3.347305518033890778E-15, -0.000000000000000000 ) ) ;
#6591 = CARTESIAN_POINT ( 'NONE',  ( 0.1355283098990540114, 0.8146132566079012927, 0.7500000000000000000 ) ) ;
#6592 = LINE ( 'NONE', #6382, #9200 ) ;
#6593 = DIRECTION ( 'NONE',  ( 1.000000000000000000, 0.000000000000000000, 0.000000000000000000 ) ) ;
#6594 = CARTESIAN_POINT ( 'NONE',  ( 0.6916157530269114728, 0.7198933313072090057, 0.7600000000000000089 ) ) ;
#6595 = ORIENTED_EDGE ( 'NONE', *, *, #827, .F. ) ;
#6596 = LINE ( 'NONE', #3296, #3768 ) ;
#6597 = EDGE_CURVE ( 'NONE', #8528, #9948, #6894, .T. ) ;
#6598 = FACE_OUTER_BOUND ( 'NONE', #2804, .T. ) ;
#6599 = VECTOR ( 'NONE', #3215, 1000.000000000000000 ) ;
#6600 = ORIENTED_EDGE ( 'NONE', *, *, #9163, .F. ) ;
#6601 = CARTESIAN_POINT ( 'NONE',  ( 0.2738648777922717548, 0.7629676069394741855, 0.7600000000000000089 ) ) ;
#6602 = EDGE_CURVE ( 'NONE', #6393, #3077, #5043, .T. ) ;
#6603 = B_SPLINE_CURVE_WITH_KNOTS ( 'NONE', 3,
 ( #9145, #9035, #10072, #2958 ),
 .UNSPECIFIED., .F., .F.,
 ( 4, 4 ),
 ( 6.000000000000000000, 7.000000000000000000 ),
 .UNSPECIFIED. ) ;
#6604 = CARTESIAN_POINT ( 'NONE',  ( 0.1994705433798436012, 0.9049931171414455910, 0.7500000000000000000 ) ) ;
#6605 = SURFACE_STYLE_FILL_AREA ( #3459 ) ;
#6606 = B_SPLINE_CURVE_WITH_KNOTS ( 'NONE', 3,
 ( #4823, #9441, #936, #7996 ),
 .UNSPECIFIED., .F., .F.,
 ( 4, 4 ),
 ( 6.000000000000000000, 7.000000000000000000 ),
 .UNSPECIFIED. ) ;
#6607 = PLANE ( 'NONE',  #7212 ) ;
#6608 = SURFACE_SIDE_STYLE ('',( #1945 ) ) ;
#6609 = ORIENTED_EDGE ( 'NONE', *, *, #6002, .F. ) ;
#6610 = EDGE_CURVE ( 'NONE', #492, #9212, #835, .T. ) ;
#6611 = FACE_OUTER_BOUND ( 'NONE', #6340, .T. ) ;
#6612 = ORIENTED_EDGE ( 'NONE', *, *, #7738, .T. ) ;
#6613 = B_SPLINE_SURFACE_WITH_KNOTS ( 'NONE', 3, 1, ( 
 ( #4658, #6294 ),
 ( #10209, #6973 ),
 ( #10056, #3043 ),
 ( #1437, #5371 ) ),
 .UNSPECIFIED., .F., .F., .F.,
 ( 4, 4 ),
 ( 2, 2 ),
 ( 4.000000000000000000, 5.000000000000000000 ),
 ( 0.000000000000000000, 1.000000000000000000 ),
 .UNSPECIFIED. ) ;
#6614 = CARTESIAN_POINT ( 'NONE',  ( 0.5815324070202413376, 0.6978766621056951003, 0.7500000000000000000 ) ) ;
#6615 = FILL_AREA_STYLE ('',( #8960 ) ) ;
#6616 = CARTESIAN_POINT ( 'NONE',  ( -1.649999999999996581, -1.000000000000006217, 0.1800000000000000488 ) ) ;
#6617 = B_SPLINE_SURFACE_WITH_KNOTS ( 'NONE', 3, 1, ( 
 ( #9816, #5854 ),
 ( #5806, #6752 ),
 ( #368, #7509 ),
 ( #6641, #3547 ) ),
 .UNSPECIFIED., .F., .F., .F.,
 ( 4, 4 ),
 ( 2, 2 ),
 ( 18.00000000000000000, 19.00000000000000000 ),
 ( 0.000000000000000000, 1.000000000000000000 ),
 .UNSPECIFIED. ) ;
#6618 = EDGE_LOOP ( 'NONE', ( #1289, #1792, #1958, #3670 ) ) ;
#6619 = DIRECTION ( 'NONE',  ( -0.000000000000000000, -0.000000000000000000, -1.000000000000000000 ) ) ;
#6620 = B_SPLINE_CURVE_WITH_KNOTS ( 'NONE', 3,
 ( #3814, #7170, #1532, #2471 ),
 .UNSPECIFIED., .F., .F.,
 ( 4, 4 ),
 ( 14.00000000000000000, 15.00000000000000000 ),
 .UNSPECIFIED. ) ;
#6621 = EDGE_CURVE ( 'NONE', #2513, #8260, #4185, .T. ) ;
#6622 = FILL_AREA_STYLE_COLOUR ( '', #5845 ) ;
#6623 = ORIENTED_EDGE ( 'NONE', *, *, #7786, .T. ) ;
#6624 = VERTEX_POINT ( 'NONE', #4517 ) ;
#6625 = VERTEX_POINT ( 'NONE', #5902 ) ;
#6626 = CARTESIAN_POINT ( 'NONE',  ( 0.5215391939557646461, 0.6581317110782198831, 0.7600000000000000089 ) ) ;
#6627 = CARTESIAN_POINT ( 'NONE',  ( 0.8360283031183790570, 0.6913777657755382222, 0.7500000000000000000 ) ) ;
#6628 = CARTESIAN_POINT ( 'NONE',  ( 0.1207724116688995986, 0.8545771246819166000, 0.7600000000000000089 ) ) ;
#6629 = CARTESIAN_POINT ( 'NONE',  ( 0.5962101864878148749, 0.6602980098549425803, 0.7500000000000000000 ) ) ;
#6630 = ADVANCED_FACE ( 'NONE', ( #7560 ), #9122, .F. ) ;
#6631 = CARTESIAN_POINT ( 'NONE',  ( -0.8000000000000034861, 1.000999999999997447, 0.1800000000000000211 ) ) ;
#6632 = EDGE_LOOP ( 'NONE', ( #845, #2381, #1948, #8997, #4518, #1064 ) ) ;
#6633 = PRESENTATION_LAYER_ASSIGNMENT (  '', '', ( #10110 ) ) ;
#6634 = CARTESIAN_POINT ( 'NONE',  ( 0.8902078776294369833, 0.7289122078472241029, 0.7500000000000000000 ) ) ;
#6635 = EDGE_CURVE ( 'NONE', #5114, #228, #462, .T. ) ;
#6636 = PLANE ( 'NONE',  #9673 ) ;
#6637 = ORIENTED_EDGE ( 'NONE', *, *, #2001, .F. ) ;
#6638 = CARTESIAN_POINT ( 'NONE',  ( 0.7974770269269370049, 0.8287387922984869038, 0.7600000000000000089 ) ) ;
#6639 = CARTESIAN_POINT ( 'NONE',  ( 0.5704135469718113471, 0.6676811097676482731, 0.7500000000000000000 ) ) ;
#6640 =( NAMED_UNIT ( * ) PLANE_ANGLE_UNIT ( ) SI_UNIT ( $, .RADIAN. ) );
#6641 = CARTESIAN_POINT ( 'NONE',  ( 0.6309593872752314869, 0.6615801050491079138, 0.7600000000000000089 ) ) ;
#6642 = STYLED_ITEM ( 'NONE', ( #5718 ), #8367 ) ;
#6643 = FACE_OUTER_BOUND ( 'NONE', #8648, .T. ) ;
#6644 = EDGE_CURVE ( 'NONE', #4961, #6744, #9087, .T. ) ;
#6645 = CARTESIAN_POINT ( 'NONE',  ( 0.7037735522843359126, 0.8051747668278049774, 0.7600000000000000089 ) ) ;
#6646 = VERTEX_POINT ( 'NONE', #8419 ) ;
#6647 = PLANE ( 'NONE',  #958 ) ;
#6648 = ADVANCED_FACE ( 'NONE', ( #1301 ), #6636, .F. ) ;
#6649 = FILL_AREA_STYLE_COLOUR ( '', #9422 ) ;
#6650 = AXIS2_PLACEMENT_3D ( 'NONE', #8373, #1257, #2812 ) ;
#6651 = ORIENTED_EDGE ( 'NONE', *, *, #8691, .F. ) ;
#6652 = CARTESIAN_POINT ( 'NONE',  ( 0.5759398193615726802, 0.8731700223125384852, 0.7600000000000000089 ) ) ;
#6653 = FACE_OUTER_BOUND ( 'NONE', #9593, .T. ) ;
#6654 =( LENGTH_UNIT ( ) NAMED_UNIT ( * ) SI_UNIT ( .MILLI., .METRE. ) );
#6655 = CARTESIAN_POINT ( 'NONE',  ( 0.7590583812727024204, 0.7446068214348511294, 0.7500000000000000000 ) ) ;
#6656 = EDGE_CURVE ( 'NONE', #3131, #232, #2902, .T. ) ;
#6657 = CARTESIAN_POINT ( 'NONE',  ( 0.8906720845096591788, 0.7309458760867376670, 0.7600000000000000089 ) ) ;
#6658 = EDGE_CURVE ( 'NONE', #1670, #22, #10014, .T. ) ;
#6659 = SURFACE_STYLE_USAGE ( .BOTH. , #6608 ) ;
#6660 =( GEOMETRIC_REPRESENTATION_CONTEXT ( 3 ) GLOBAL_UNCERTAINTY_ASSIGNED_CONTEXT ( ( #1574 ) ) GLOBAL_UNIT_ASSIGNED_CONTEXT ( ( #6325, #729, #8682 ) ) REPRESENTATION_CONTEXT ( 'NONE', 'WORKASPACE' ) );
#6661 = ORIENTED_EDGE ( 'NONE', *, *, #7325, .F. ) ;
#6662 = ORIENTED_EDGE ( 'NONE', *, *, #105, .T. ) ;
#6663 = DIRECTION ( 'NONE',  ( 1.128396311045734357E-14, -1.000000000000000000, -0.000000000000000000 ) ) ;
#6664 = VECTOR ( 'NONE', #6539, 1000.000000000000000 ) ;
#6665 = ORIENTED_EDGE ( 'NONE', *, *, #10213, .T. ) ;
#6666 = CARTESIAN_POINT ( 'NONE',  ( 0.7351185692799332427, 0.8155199487416484594, 0.7500000000000000000 ) ) ;
#6667 = VERTEX_POINT ( 'NONE', #5286 ) ;
#6668 = CARTESIAN_POINT ( 'NONE',  ( 0.8011464717943481695, 0.6581317110782219926, 0.7500000000000000000 ) ) ;
#6669 = VECTOR ( 'NONE', #1542, 1000.000000000000000 ) ;
#6670 = VERTEX_POINT ( 'NONE', #9809 ) ;
#6671 = FILL_AREA_STYLE_COLOUR ( '', #2787 ) ;
#6672 = FILL_AREA_STYLE_COLOUR ( '', #7492 ) ;
#6673 = ORIENTED_EDGE ( 'NONE', *, *, #2689, .T. ) ;
#6674 = ORIENTED_EDGE ( 'NONE', *, *, #4094, .T. ) ;
#6675 = EDGE_LOOP ( 'NONE', ( #4171, #3622, #2499, #984 ) ) ;
#6676 = CARTESIAN_POINT ( 'NONE',  ( -0.4999999999999964473, -1.001000000000002110, 0.1800000000000000211 ) ) ;
#6677 = MECHANICAL_DESIGN_GEOMETRIC_PRESENTATION_REPRESENTATION (  '', ( #1382 ), #8021 ) ;
#6678 = ORIENTED_EDGE ( 'NONE', *, *, #7318, .F. ) ;
#6679 = CARTESIAN_POINT ( 'NONE',  ( 0.5366590752143179932, 0.8705174115654762401, 0.7500000000000000000 ) ) ;
#6680 = CARTESIAN_POINT ( 'NONE',  ( 0.5426716595747230754, 0.7977916669150958429, 0.7500000000000000000 ) ) ;
#6681 = CARTESIAN_POINT ( 'NONE',  ( 0.5449705888889437855, 0.8635764134440407913, 0.7600000000000000089 ) ) ;
#6682 = DIRECTION ( 'NONE',  ( -3.347305518033890778E-15, 1.000000000000000000, 0.000000000000000000 ) ) ;
#6683 = LINE ( 'NONE', #5899, #6895 ) ;
#6684 = ADVANCED_FACE ( 'NONE', ( #1926 ), #8265, .F. ) ;
#6685 = ORIENTED_EDGE ( 'NONE', *, *, #7873, .F. ) ;
#6686 = MECHANICAL_DESIGN_GEOMETRIC_PRESENTATION_REPRESENTATION (  '', ( #1390 ), #2210 ) ;
#6687 = ORIENTED_EDGE ( 'NONE', *, *, #931, .T. ) ;
#6688 = CARTESIAN_POINT ( 'NONE',  ( 0.8896773554794356054, 0.7274974821158513016, 0.7500000000000000000 ) ) ;
#6689 = LINE ( 'NONE', #6003, #8841 ) ;
#6690 = ORIENTED_EDGE ( 'NONE', *, *, #58, .F. ) ;
#6691 = DIRECTION ( 'NONE',  ( 0.000000000000000000, 0.000000000000000000, 1.000000000000000000 ) ) ;
#6692 = CARTESIAN_POINT ( 'NONE',  ( 1.000000000000003553, -0.9999999999999961142, 0.7500000000000000000 ) ) ;
#6693 = MECHANICAL_DESIGN_GEOMETRIC_PRESENTATION_REPRESENTATION (  '', ( #7855 ), #2055 ) ;
#6694 = CARTESIAN_POINT ( 'NONE',  ( 0.6568886573287372466, 0.6383255508324964245, 0.7600000000000000089 ) ) ;
#6695 = CARTESIAN_POINT ( 'NONE',  ( 0.7999999999999982681, 0.4710000000000031939, -0.02000000000000000042 ) ) ;
#6696 = LINE ( 'NONE', #6594, #10190 ) ;
#6697 = EDGE_CURVE ( 'NONE', #228, #1195, #6981, .T. ) ;
#6698 = ORIENTED_EDGE ( 'NONE', *, *, #1809, .F. ) ;
#6699 = DIRECTION ( 'NONE',  ( -0.000000000000000000, -0.000000000000000000, -1.000000000000000000 ) ) ;
#6700 = EDGE_CURVE ( 'NONE', #4225, #4223, #7720, .T. ) ;
#6701 = VECTOR ( 'NONE', #9932, 1000.000000000000000 ) ;
#6702 = CARTESIAN_POINT ( 'NONE',  ( 0.5685346143593300594, 0.8731700223125384852, 0.7600000000000000089 ) ) ;
#6703 =( LENGTH_UNIT ( ) NAMED_UNIT ( * ) SI_UNIT ( .MILLI., .METRE. ) );
#6704 = FACE_OUTER_BOUND ( 'NONE', #3183, .T. ) ;
#6705 = CARTESIAN_POINT ( 'NONE',  ( 0.5319064809591412812, 0.6746663180687393346, 0.7500000000000000000 ) ) ;
#6706 = B_SPLINE_SURFACE_WITH_KNOTS ( 'NONE', 3, 1, ( 
 ( #909, #6335 ),
 ( #9523, #4025 ),
 ( #1630, #1583 ),
 ( #7921, #9678 ) ),
 .UNSPECIFIED., .F., .F., .F.,
 ( 4, 4 ),
 ( 2, 2 ),
 ( 10.00000000000000000, 11.00000000000000000 ),
 ( 0.000000000000000000, 1.000000000000000000 ),
 .UNSPECIFIED. ) ;
#6707 = ADVANCED_FACE ( 'NONE', ( #603 ), #5146, .F. ) ;
#6708 = PRESENTATION_STYLE_ASSIGNMENT (( #6659 ) ) ;
#6709 = B_SPLINE_CURVE_WITH_KNOTS ( 'NONE', 3,
 ( #1980, #9193, #2814, #5150 ),
 .UNSPECIFIED., .F., .F.,
 ( 4, 4 ),
 ( 5.000000000000000000, 6.000000000000000000 ),
 .UNSPECIFIED. ) ;
#6710 = DIRECTION ( 'NONE',  ( -1.000000000000000000, 0.000000000000000000, 0.000000000000000000 ) ) ;
#6711 = VECTOR ( 'NONE', #2844, 1000.000000000000000 ) ;
#6712 = PRESENTATION_LAYER_ASSIGNMENT (  '', '', ( #4898 ) ) ;
#6713 = ORIENTED_EDGE ( 'NONE', *, *, #9556, .T. ) ;
#6714 = ADVANCED_FACE ( 'NONE', ( #9332 ), #3574, .F. ) ;
#6715 = DIRECTION ( 'NONE',  ( 1.000000000000000000, -0.000000000000000000, -0.000000000000000000 ) ) ;
#6716 = ORIENTED_EDGE ( 'NONE', *, *, #6466, .F. ) ;
#6717 = ORIENTED_EDGE ( 'NONE', *, *, #6481, .T. ) ;
#6718 = CARTESIAN_POINT ( 'NONE',  ( 0.1453655792945113823, 0.7408337537313613996, 0.7500000000000000000 ) ) ;
#6719 = ORIENTED_EDGE ( 'NONE', *, *, #8746, .T. ) ;
#6720 = COLOUR_RGB ( '',0.6666666666666666297, 0.6666666666666666297, 0.6666666666666666297 ) ;
#6721 = VECTOR ( 'NONE', #610, 1000.000000000000000 ) ;
#6722 = FILL_AREA_STYLE_COLOUR ( '', #5878 ) ;
#6723 = ORIENTED_EDGE ( 'NONE', *, *, #9966, .F. ) ;
#6724 = PLANE ( 'NONE',  #3275 ) ;
#6725 = ORIENTED_EDGE ( 'NONE', *, *, #8491, .T. ) ;
#6726 = LINE ( 'NONE', #5174, #4933 ) ;
#6727 = AXIS2_PLACEMENT_3D ( 'NONE', #6976, #4661, #4510 ) ;
#6728 = EDGE_CURVE ( 'NONE', #3200, #3255, #2220, .T. ) ;
#6729 = AXIS2_PLACEMENT_3D ( 'NONE', #5157, #7580, #3506 ) ;
#6730 = FACE_OUTER_BOUND ( 'NONE', #2696, .T. ) ;
#6731 = ORIENTED_EDGE ( 'NONE', *, *, #3692, .T. ) ;
#6732 = ORIENTED_EDGE ( 'NONE', *, *, #10050, .T. ) ;
#6733 = ORIENTED_EDGE ( 'NONE', *, *, #7553, .T. ) ;
#6734 =( NAMED_UNIT ( * ) SI_UNIT ( $, .STERADIAN. ) SOLID_ANGLE_UNIT ( ) );
#6735 = ORIENTED_EDGE ( 'NONE', *, *, #4168, .T. ) ;
#6736 = CARTESIAN_POINT ( 'NONE',  ( 0.7119303303313360143, 0.8691468960131699673, 0.7500000000000000000 ) ) ;
#6737 = CARTESIAN_POINT ( 'NONE',  ( 0.5889155069332399073, 0.8797131288223546397, 0.7500000000000000000 ) ) ;
#6738 = B_SPLINE_CURVE_WITH_KNOTS ( 'NONE', 3,
 ( #1202, #4426, #5145, #5034 ),
 .UNSPECIFIED., .F., .F.,
 ( 4, 4 ),
 ( 3.000000000000000000, 4.000000000000000000 ),
 .UNSPECIFIED. ) ;
#6739 = CARTESIAN_POINT ( 'NONE',  ( 0.2068484866314539150, 0.6848842950380683581, 0.7600000000000000089 ) ) ;
#6740 = CARTESIAN_POINT ( 'NONE',  ( 0.1422914216141863974, 0.8736368260734705959, 0.7600000000000000089 ) ) ;
#6741 = VECTOR ( 'NONE', #4300, 1000.000000000000000 ) ;
#6742 = LINE ( 'NONE', #4415, #5898 ) ;
#6743 = ORIENTED_EDGE ( 'NONE', *, *, #5167, .T. ) ;
#6744 = VERTEX_POINT ( 'NONE', #10108 ) ;
#6745 = CARTESIAN_POINT ( 'NONE',  ( 0.5562441845641136196, 0.6871777987593001846, 0.7600000000000000089 ) ) ;
#6746 = CARTESIAN_POINT ( 'NONE',  ( 0.1447507477583269697, 0.8090797962370152030, 0.7500000000000000000 ) ) ;
#6747 = ORIENTED_EDGE ( 'NONE', *, *, #7631, .F. ) ;
#6748 = VECTOR ( 'NONE', #3955, 1000.000000000000000 ) ;
#6749 = CARTESIAN_POINT ( 'NONE',  ( 0.2714055516484255581, 0.8681033657031786976, 0.7500000000000000000 ) ) ;
#6750 = EDGE_CURVE ( 'NONE', #6574, #2205, #2323, .T. ) ;
#6751 = DIRECTION ( 'NONE',  ( -3.347305518033890778E-15, 1.000000000000000000, 0.000000000000000000 ) ) ;
#6752 = CARTESIAN_POINT ( 'NONE',  ( 0.6203268391971467066, 0.6566727751671871394, 0.7500000000000000000 ) ) ;
#6753 = CARTESIAN_POINT ( 'NONE',  ( 0.5962101864878148749, 0.6602980098549425803, 0.7500000000000000000 ) ) ;
#6754 = CARTESIAN_POINT ( 'NONE',  ( 0.2265230254223644657, 0.9049931171414477005, 0.7600000000000000089 ) ) ;
#6755 = EDGE_LOOP ( 'NONE', ( #187, #2744, #3059, #6769 ) ) ;
#6756 = VECTOR ( 'NONE', #6063, 1000.000000000000000 ) ;
#6757 = DIRECTION ( 'NONE',  ( -0.000000000000000000, 1.000000000000000000, -0.000000000000000000 ) ) ;
#6758 = EDGE_CURVE ( 'NONE', #9905, #7395, #6258, .T. ) ;
#6759 = LINE ( 'NONE', #5969, #2901 ) ;
#6760 = CARTESIAN_POINT ( 'NONE',  ( 0.5352664545721839140, 0.8056610787981490773, 0.7600000000000000089 ) ) ;
#6761 = CARTESIAN_POINT ( 'NONE',  ( 0.7264312690829315411, 0.8074294859626620635, 0.7600000000000000089 ) ) ;
#6762 = CARTESIAN_POINT ( 'NONE',  ( 0.5379411704087839752, 0.7155607337537686075, 0.7600000000000000089 ) ) ;
#6763 = CARTESIAN_POINT ( 'NONE',  ( 0.5629862368797363681, 0.6672390079763728110, 0.7600000000000000089 ) ) ;
#6764 = EDGE_CURVE ( 'NONE', #7752, #99, #3049, .T. ) ;
#6765 = PRESENTATION_LAYER_ASSIGNMENT (  '', '', ( #798 ) ) ;
#6766 = DIRECTION ( 'NONE',  ( -0.000000000000000000, -0.000000000000000000, -1.000000000000000000 ) ) ;
#6768 = ADVANCED_FACE ( 'NONE', ( #9278 ), #9386, .F. ) ;
#6767 = SURFACE_STYLE_USAGE ( .BOTH. , #3619 ) ;
#6769 = ORIENTED_EDGE ( 'NONE', *, *, #5116, .T. ) ;
#6770 = FILL_AREA_STYLE_COLOUR ( '', #6120 ) ;
#6771 = ORIENTED_EDGE ( 'NONE', *, *, #312, .T. ) ;
#6772 = CARTESIAN_POINT ( 'NONE',  ( 0.6349604084856546038, 0.7185670259333802878, 0.7600000000000000089 ) ) ;
#6773 = EDGE_LOOP ( 'NONE', ( #4231, #8790, #9786, #4296 ) ) ;
#6774 = CARTESIAN_POINT ( 'NONE',  ( 0.8000000000000008216, -0.2809999999999975850, -0.02000000000000000042 ) ) ;
#6775 = LINE ( 'NONE', #9796, #213 ) ;
#6776 = ORIENTED_EDGE ( 'NONE', *, *, #57, .F. ) ;
#6777 = VERTEX_POINT ( 'NONE', #1446 ) ;
#6778 = ORIENTED_EDGE ( 'NONE', *, *, #6504, .T. ) ;
#6779 = CARTESIAN_POINT ( 'NONE',  ( 0.7885244656555233655, 0.6679905810217222628, 0.7500000000000000000 ) ) ;
#6780 = CARTESIAN_POINT ( 'NONE',  ( 0.5358853970800290245, 0.8375808281222277829, 0.7600000000000000089 ) ) ;
#6781 = ADVANCED_FACE ( 'NONE', ( #7887 ), #4617, .F. ) ;
#6782 = CARTESIAN_POINT ( 'NONE',  ( 0.2892356075583163433, 0.6578318012680252069, 0.7600000000000000089 ) ) ;
#6783 = UNCERTAINTY_MEASURE_WITH_UNIT (LENGTH_MEASURE( 1.000000000000000082E-05 ), #6879, 'distance_accuracy_value', 'NONE');
#6784 = EDGE_CURVE ( 'NONE', #1443, #4997, #7940, .T. ) ;
#6785 = EDGE_LOOP ( 'NONE', ( #1963, #3584, #3665, #10220 ) ) ;
#6786 = FACE_OUTER_BOUND ( 'NONE', #799, .T. ) ;
#6787 = CARTESIAN_POINT ( 'NONE',  ( 0.5985975361601704181, 0.7130849637229785820, 0.7500000000000000000 ) ) ;
#6788 = EDGE_LOOP ( 'NONE', ( #4676, #434, #8315, #10054 ) ) ;
#6789 = CARTESIAN_POINT ( 'NONE',  ( 0.5195718409848524288, 0.7346595311332124734, 0.7500000000000000000 ) ) ;
#6790 = PLANE ( 'NONE',  #8931 ) ;
#6791 = B_SPLINE_SURFACE_WITH_KNOTS ( 'NONE', 3, 1, ( 
 ( #6444, #9627 ),
 ( #2623, #6604 ),
 ( #8947, #1842 ),
 ( #1065, #4226 ) ),
 .UNSPECIFIED., .F., .F., .F.,
 ( 4, 4 ),
 ( 2, 2 ),
 ( 2.000000000000000000, 3.000000000000000000 ),
 ( 0.000000000000000000, 1.000000000000000000 ),
 .UNSPECIFIED. ) ;
#6792 = DIRECTION ( 'NONE',  ( 1.000000000000000000, 4.429205798888076739E-14, -0.000000000000000000 ) ) ;
#6793 = CARTESIAN_POINT ( 'NONE',  ( 0.6203268391971467066, 0.7213080570391718904, 0.7600000000000000089 ) ) ;
#6794 = CARTESIAN_POINT ( 'NONE',  ( 0.6731358981550157328, 0.6683884726333393367, 0.7500000000000000000 ) ) ;
#6795 = CARTESIAN_POINT ( 'NONE',  ( 0.6009848858325316234, 0.6579106601822904965, 0.7600000000000000089 ) ) ;
#6796 = CARTESIAN_POINT ( 'NONE',  ( 0.5511821190551574601, 0.6864704358930268091, 0.7600000000000000089 ) ) ;
#6797 = ORIENTED_EDGE ( 'NONE', *, *, #5306, .F. ) ;
#6798 = PRESENTATION_LAYER_ASSIGNMENT (  '', '', ( #6287 ) ) ;
#6799 = EDGE_CURVE ( 'NONE', #3759, #6091, #9988, .T. ) ;
#6800 = DIRECTION ( 'NONE',  ( 0.3897582650654846104, 0.9209172030172655399, 0.000000000000000000 ) ) ;
#6801 =( LENGTH_UNIT ( ) NAMED_UNIT ( * ) SI_UNIT ( .MILLI., .METRE. ) );
#6802 = CARTESIAN_POINT ( 'NONE',  ( 0.6527771106706375948, 0.6290414132174785289, 0.7500000000000000000 ) ) ;
#6803 = CARTESIAN_POINT ( 'NONE',  ( -0.7999999999999967137, -1.000000000000002442, 0.1800000000000000488 ) ) ;
#6804 =( LENGTH_UNIT ( ) NAMED_UNIT ( * ) SI_UNIT ( .MILLI., .METRE. ) );
#6805 = DIRECTION ( 'NONE',  ( 0.000000000000000000, -1.000000000000000000, 0.000000000000000000 ) ) ;
#6806 = ORIENTED_EDGE ( 'NONE', *, *, #637, .T. ) ;
#6807 = EDGE_CURVE ( 'NONE', #283, #6934, #89, .T. ) ;
#6808 = COLOUR_RGB ( '',0.2980392156862745057, 0.2980392156862745057, 0.2980392156862745057 ) ;
#6809 = LINE ( 'NONE', #1170, #5099 ) ;
#6810 = CARTESIAN_POINT ( 'NONE',  ( 0.6017364588775792056, 0.6675042690513746102, 0.7600000000000000089 ) ) ;
#6811 = EDGE_CURVE ( 'NONE', #3131, #5227, #6518, .T. ) ;
#6812 = ORIENTED_EDGE ( 'NONE', *, *, #290, .F. ) ;
#6813 = CARTESIAN_POINT ( 'NONE',  ( 1.300000000000000044, 4.538925740496073362E-15, -0.02000000000000000042 ) ) ;
#6814 = ORIENTED_EDGE ( 'NONE', *, *, #6339, .F. ) ;
#6815 = PRESENTATION_LAYER_ASSIGNMENT (  '', '', ( #5981 ) ) ;
#6816 = SURFACE_STYLE_USAGE ( .BOTH. , #6965 ) ;
#6817 = ORIENTED_EDGE ( 'NONE', *, *, #6811, .F. ) ;
#6818 = EDGE_CURVE ( 'NONE', #5308, #3783, #7186, .T. ) ;
#6819 = VECTOR ( 'NONE', #7195, 1000.000000000000000 ) ;
#6820 = ORIENTED_EDGE ( 'NONE', *, *, #4828, .T. ) ;
#6821 = CARTESIAN_POINT ( 'NONE',  ( 0.7245744415596926391, 0.8582711919499150799, 0.7500000000000000000 ) ) ;
#6822 = CARTESIAN_POINT ( 'NONE',  ( -1.000000000000003553, 0.9999999999999970024, 0.000000000000000000 ) ) ;
#6823 = ORIENTED_EDGE ( 'NONE', *, *, #3479, .T. ) ;
#6824 = ORIENTED_EDGE ( 'NONE', *, *, #6339, .T. ) ;
#6825 = CARTESIAN_POINT ( 'NONE',  ( 0.7885244656555233655, 0.6679905810217222628, 0.7600000000000000089 ) ) ;
#6826 = ORIENTED_EDGE ( 'NONE', *, *, #8050, .F. ) ;
#6827 = CARTESIAN_POINT ( 'NONE',  ( 0.2929245733206523039, 0.7303816527997251118, 0.7600000000000000089 ) ) ;
#6828 = CARTESIAN_POINT ( 'NONE',  ( 0.8267883756830199937, 0.6770094575617373600, 0.7600000000000000089 ) ) ;
#6829 = CARTESIAN_POINT ( 'NONE',  ( 0.5825492411399950665, 0.7955369477796485622, 0.7500000000000000000 ) ) ;
#6830 = STYLED_ITEM ( 'NONE', ( #6297 ), #10199 ) ;
#6831 = CARTESIAN_POINT ( 'NONE',  ( 0.1527435225458242118, 0.8810147781199886285, 0.7600000000000000089 ) ) ;
#6832 = CARTESIAN_POINT ( 'NONE',  ( 0.1115499738093310850, 0.8551919503543360390, 0.7600000000000000089 ) ) ;
#6833 = ADVANCED_FACE ( 'NONE', ( #4922 ), #983, .F. ) ;
#6834 = ORIENTED_EDGE ( 'NONE', *, *, #6818, .F. ) ;
#6835 = CARTESIAN_POINT ( 'NONE',  ( 0.5707009131360528675, 0.6891230466406785826, 0.7600000000000000089 ) ) ;
#6836 = DIRECTION ( 'NONE',  ( 1.000000000000000000, 3.491481338843133355E-15, 0.000000000000000000 ) ) ;
#6837 = EDGE_LOOP ( 'NONE', ( #619, #6889, #2260, #920 ) ) ;
#6838 = ADVANCED_FACE ( 'NONE', ( #2592 ), #9544, .F. ) ;
#6839 = CARTESIAN_POINT ( 'NONE',  ( 0.5428927104703610285, 0.6755505216507020627, 0.7600000000000000089 ) ) ;
#6840 = LINE ( 'NONE', #10017, #8443 ) ;
#6841 = EDGE_CURVE ( 'NONE', #2966, #10277, #8145, .T. ) ;
#6842 = FILL_AREA_STYLE ('',( #10225 ) ) ;
#6843 = CARTESIAN_POINT ( 'NONE',  ( 0.7813845217276892408, 0.8646816679219360147, 0.7600000000000000089 ) ) ;
#6844 = CARTESIAN_POINT ( 'NONE',  ( 0.7885244656555233655, 0.7346595311332154710, 0.7600000000000000089 ) ) ;
#6845 = DIRECTION ( 'NONE',  ( -0.000000000000000000, -0.000000000000000000, -1.000000000000000000 ) ) ;
#6846 = ORIENTED_EDGE ( 'NONE', *, *, #5361, .F. ) ;
#6847 = DIRECTION ( 'NONE',  ( 0.000000000000000000, 1.000000000000000000, -0.000000000000000000 ) ) ;
#6848 = SURFACE_STYLE_USAGE ( .BOTH. , #2772 ) ;
#6849 = EDGE_CURVE ( 'NONE', #5507, #6955, #4869, .T. ) ;
#6850 = VECTOR ( 'NONE', #9415, 1000.000000000000000 ) ;
#6851 = CARTESIAN_POINT ( 'NONE',  ( 0.1447507360313918801, 0.6541427885982323831, 0.7500000000000000000 ) ) ;
#6852 = CARTESIAN_POINT ( 'NONE',  ( 0.5241696996132929609, 0.8239640929531815150, 0.7600000000000000089 ) ) ;
#6853 = DIRECTION ( 'NONE',  ( -3.491481338843133355E-15, 1.000000000000000000, 0.000000000000000000 ) ) ;
#6854 = CARTESIAN_POINT ( 'NONE',  ( 0.5438653344107565735, 0.6815188958320389512, 0.7600000000000000089 ) ) ;
#6855 = DIRECTION ( 'NONE',  ( 1.000000000000000000, 3.491481338843133355E-15, -0.000000000000000000 ) ) ;
#6856 = ORIENTED_EDGE ( 'NONE', *, *, #2382, .F. ) ;
#6857 = CARTESIAN_POINT ( 'NONE',  ( -0.8000000000000013767, 0.4999999999999973910, 0.000000000000000000 ) ) ;
#6858 = DIRECTION ( 'NONE',  ( -0.7071067811865497932, 0.7071067811865452413, 0.000000000000000000 ) ) ;
#6859 = ORIENTED_EDGE ( 'NONE', *, *, #2095, .T. ) ;
#6860 = PRESENTATION_STYLE_ASSIGNMENT (( #2930 ) ) ;
#6861 = EDGE_CURVE ( 'NONE', #2628, #8761, #4818, .T. ) ;
#6862 = ORIENTED_EDGE ( 'NONE', *, *, #9943, .F. ) ;
#6863 = DIRECTION ( 'NONE',  ( 0.000000000000000000, -0.000000000000000000, -1.000000000000000000 ) ) ;
#6864 = CARTESIAN_POINT ( 'NONE',  ( 0.7182523859458088689, 0.8637090439812484810, 0.7600000000000000089 ) ) ;
#6865 = MECHANICAL_DESIGN_GEOMETRIC_PRESENTATION_REPRESENTATION (  '', ( #4234 ), #1404 ) ;
#6866 = VECTOR ( 'NONE', #4063, 1000.000000000000227 ) ;
#6867 = B_SPLINE_SURFACE_WITH_KNOTS ( 'NONE', 3, 1, ( 
 ( #343, #6668 ),
 ( #9840, #7309 ),
 ( #2404, #166 ),
 ( #4175, #5770 ) ),
 .UNSPECIFIED., .F., .F., .F.,
 ( 4, 4 ),
 ( 2, 2 ),
 ( 5.000000000000000000, 6.000000000000000000 ),
 ( 0.000000000000000000, 1.000000000000000000 ),
 .UNSPECIFIED. ) ;
#6868 = EDGE_LOOP ( 'NONE', ( #1279, #2540, #4193, #9700 ) ) ;
#6869 = CARTESIAN_POINT ( 'NONE',  ( 0.5457663721130647794, 0.6833757233546897680, 0.7600000000000000089 ) ) ;
#6870 = CARTESIAN_POINT ( 'NONE',  ( 0.2904652471765117316, 0.6959511923247825305, 0.7500000000000000000 ) ) ;
#6871 = COLOUR_RGB ( '',0.6666666666666666297, 0.6666666666666666297, 0.6666666666666666297 ) ;
#6872 = ORIENTED_EDGE ( 'NONE', *, *, #7976, .T. ) ;
#6873 = B_SPLINE_CURVE_WITH_KNOTS ( 'NONE', 3,
 ( #6887, #10063, #2949, #6100 ),
 .UNSPECIFIED., .F., .F.,
 ( 4, 4 ),
 ( 12.00000000000000000, 13.00000000000000000 ),
 .UNSPECIFIED. ) ;
#6874 = VECTOR ( 'NONE', #725, 1000.000000000000000 ) ;
#6875 = DIRECTION ( 'NONE',  ( 0.000000000000000000, 1.000000000000000000, -0.000000000000000000 ) ) ;
#6876 = EDGE_CURVE ( 'NONE', #5079, #3072, #5738, .T. ) ;
#6877 = VERTEX_POINT ( 'NONE', #5685 ) ;
#6878 = CARTESIAN_POINT ( 'NONE',  ( 0.5507842274429501916, 0.7125102313944980947, 0.7500000000000000000 ) ) ;
#6879 =( LENGTH_UNIT ( ) NAMED_UNIT ( * ) SI_UNIT ( .MILLI., .METRE. ) );
#6880 = SURFACE_SIDE_STYLE ('',( #7030 ) ) ;
#6881 = CARTESIAN_POINT ( 'NONE',  ( 0.5889155069332399073, 0.8797131288223546397, 0.7500000000000000000 ) ) ;
#6882 = LINE ( 'NONE', #10265, #6056 ) ;
#6883 = AXIS2_PLACEMENT_3D ( 'NONE', #9263, #2257, #6917 ) ;
#6884 = ADVANCED_FACE ( 'NONE', ( #8866 ), #3269, .F. ) ;
#6885 = VECTOR ( 'NONE', #3877, 1000.000000000000114 ) ;
#6886 = ORIENTED_EDGE ( 'NONE', *, *, #8433, .F. ) ;
#6887 = CARTESIAN_POINT ( 'NONE',  ( 0.5889155069332399073, 0.8095957847399702922, 0.7600000000000000089 ) ) ;
#6888 = CARTESIAN_POINT ( 'NONE',  ( 0.6747495696927860998, 0.6733842228739844726, 0.7600000000000000089 ) ) ;
#6889 = ORIENTED_EDGE ( 'NONE', *, *, #1657, .F. ) ;
#6890 = ORIENTED_EDGE ( 'NONE', *, *, #4954, .F. ) ;
#6891 = LINE ( 'NONE', #3456, #1565 ) ;
#6892 = CARTESIAN_POINT ( 'NONE',  ( 0.1499999999999964695, 1.001000000000000778, -0.02000000000000000042 ) ) ;
#6893 = EDGE_CURVE ( 'NONE', #2986, #10098, #8640, .T. ) ;
#6894 = B_SPLINE_CURVE_WITH_KNOTS ( 'NONE', 3,
 ( #3540, #2760, #363, #7612 ),
 .UNSPECIFIED., .F., .F.,
 ( 4, 4 ),
 ( 9.000000000000000000, 10.00000000000000000 ),
 .UNSPECIFIED. ) ;
#6895 = VECTOR ( 'NONE', #8414, 1000.000000000000000 ) ;
#6896 =( NAMED_UNIT ( * ) SI_UNIT ( $, .STERADIAN. ) SOLID_ANGLE_UNIT ( ) );
#6897 = CARTESIAN_POINT ( 'NONE',  ( 0.2271378452316094032, 0.8681033657031786976, 0.7500000000000000000 ) ) ;
#6898 = CARTESIAN_POINT ( 'NONE',  ( 0.6356014560827401016, 0.6648074481252426171, 0.7600000000000000089 ) ) ;
#6899 = ORIENTED_EDGE ( 'NONE', *, *, #3981, .T. ) ;
#6900 = EDGE_CURVE ( 'NONE', #9318, #4001, #201, .T. ) ;
#6901 = DIRECTION ( 'NONE',  ( 0.5048830486499596981, -0.8631877589411948160, 0.000000000000000000 ) ) ;
#6902 = ORIENTED_EDGE ( 'NONE', *, *, #5446, .F. ) ;
#6903 = CARTESIAN_POINT ( 'NONE',  ( 0.1687290721208205557, 0.6652097327926949077, 0.7500000000000000000 ) ) ;
#6904 = DIRECTION ( 'NONE',  ( -0.000000000000000000, -0.000000000000000000, -1.000000000000000000 ) ) ;
#6905 = FACE_OUTER_BOUND ( 'NONE', #2581, .T. ) ;
#6906 = SURFACE_STYLE_USAGE ( .BOTH. , #7058 ) ;
#6907 = DIRECTION ( 'NONE',  ( -3.491481338843133355E-15, 1.000000000000000000, 0.000000000000000000 ) ) ;
#6908 = VECTOR ( 'NONE', #2143, 1000.000000000000000 ) ;
#6909 = VERTEX_POINT ( 'NONE', #8920 ) ;
#6910 = CARTESIAN_POINT ( 'NONE',  ( 0.8767458780877206426, 0.6915546064918139946, 0.7500000000000000000 ) ) ;
#6911 = AXIS2_PLACEMENT_3D ( 'NONE', #7992, #3209, #10268 ) ;
#6912 = ORIENTED_EDGE ( 'NONE', *, *, #2327, .F. ) ;
#6913 = FACE_OUTER_BOUND ( 'NONE', #8290, .T. ) ;
#6914 = ORIENTED_EDGE ( 'NONE', *, *, #6602, .T. ) ;
#6915 = ORIENTED_EDGE ( 'NONE', *, *, #5934, .T. ) ;
#6916 = DIRECTION ( 'NONE',  ( -0.000000000000000000, 0.000000000000000000, -1.000000000000000000 ) ) ;
#6917 = DIRECTION ( 'NONE',  ( 3.491481338843133355E-15, -1.000000000000000000, 0.000000000000000000 ) ) ;
#6918 = VERTEX_POINT ( 'NONE', #876 ) ;
#6919 = EDGE_CURVE ( 'NONE', #7783, #5376, #4042, .T. ) ;
#6920 = ORIENTED_EDGE ( 'NONE', *, *, #1006, .T. ) ;
#6921 = DIRECTION ( 'NONE',  ( -0.000000000000000000, -0.000000000000000000, -1.000000000000000000 ) ) ;
#6922 = ORIENTED_EDGE ( 'NONE', *, *, #8472, .F. ) ;
#6923 = ORIENTED_EDGE ( 'NONE', *, *, #2485, .T. ) ;
#6924 = CARTESIAN_POINT ( 'NONE',  ( 0.1121648053452185684, 0.8183022340968790775, 0.7600000000000000089 ) ) ;
#6925 = CARTESIAN_POINT ( 'NONE',  ( -0.4999999999999964473, -1.001000000000002110, 0.1800000000000000211 ) ) ;
#6926 = FILL_AREA_STYLE_COLOUR ( '', #6871 ) ;
#6927 = CARTESIAN_POINT ( 'NONE',  ( 0.8477661056752422430, 0.6890788364610238581, 0.7600000000000000089 ) ) ;
#6928 = FACE_OUTER_BOUND ( 'NONE', #1298, .T. ) ;
#6929 = EDGE_CURVE ( 'NONE', #5929, #9845, #3991, .T. ) ;
#6930 = VERTEX_POINT ( 'NONE', #1959 ) ;
#6931 = LINE ( 'NONE', #550, #1617 ) ;
#6932 = CARTESIAN_POINT ( 'NONE',  ( 0.1453655675675734060, 0.6172530840677115105, 0.7500000000000000000 ) ) ;
#6933 = ORIENTED_EDGE ( 'NONE', *, *, #9880, .T. ) ;
#6934 = VERTEX_POINT ( 'NONE', #5223 ) ;
#6935 = CARTESIAN_POINT ( 'NONE',  ( 0.5707009131360528675, 0.6581317110782208823, 0.7600000000000000089 ) ) ;
#6936 = CARTESIAN_POINT ( 'NONE',  ( 0.7999999999999964917, 1.001000000000003221, 0.1800000000000000211 ) ) ;
#6937 = EDGE_CURVE ( 'NONE', #1650, #9157, #6775, .T. ) ;
#6938 = DIRECTION ( 'NONE',  ( 0.000000000000000000, -0.000000000000000000, -1.000000000000000000 ) ) ;
#6939 = SURFACE_STYLE_USAGE ( .BOTH. , #7141 ) ;
#6940 = CARTESIAN_POINT ( 'NONE',  ( 0.6677864664815245099, 0.6582643416154285720, 0.7600000000000000089 ) ) ;
#6941 = LINE ( 'NONE', #2441, #1867 ) ;
#6942 = CARTESIAN_POINT ( 'NONE',  ( 0.05129669436364789337, 0.6738173508430183034, 0.7500000000000000000 ) ) ;
#6943 = VERTEX_POINT ( 'NONE', #8406 ) ;
#6944 = ADVANCED_FACE ( 'NONE', ( #6730 ), #487, .F. ) ;
#6945 = CARTESIAN_POINT ( 'NONE',  ( 0.5439316496796552380, 0.6702010899775053820, 0.7600000000000000089 ) ) ;
#6946 = ORIENTED_EDGE ( 'NONE', *, *, #9820, .T. ) ;
#6947 = SURFACE_STYLE_USAGE ( .BOTH. , #4581 ) ;
#6948 = EDGE_LOOP ( 'NONE', ( #1222, #4512, #6179, #2881 ) ) ;
#6949 = ADVANCED_FACE ( 'NONE', ( #1287 ), #9844, .T. ) ;
#6950 = CARTESIAN_POINT ( 'NONE',  ( 0.6479139909674931364, 0.6387234424447046921, 0.7500000000000000000 ) ) ;
#6951 = CARTESIAN_POINT ( 'NONE',  ( 0.1499999999999973299, 0.7510000000000008891, -0.02000000000000000042 ) ) ;
#6952 =( GEOMETRIC_REPRESENTATION_CONTEXT ( 3 ) GLOBAL_UNCERTAINTY_ASSIGNED_CONTEXT ( ( #10009 ) ) GLOBAL_UNIT_ASSIGNED_CONTEXT ( ( #7176, #7815, #7872 ) ) REPRESENTATION_CONTEXT ( 'NONE', 'WORKASPACE' ) );
#6953 = CARTESIAN_POINT ( 'NONE',  ( 0.5438653344107565735, 0.6815188958320389512, 0.7500000000000000000 ) ) ;
#6954 = B_SPLINE_SURFACE_WITH_KNOTS ( 'NONE', 3, 1, ( 
 ( #7525, #2181 ),
 ( #6315, #6942 ),
 ( #6109, #3898 ),
 ( #7734, #1401 ) ),
 .UNSPECIFIED., .F., .F., .F.,
 ( 4, 4 ),
 ( 2, 2 ),
 ( 8.000000000000000000, 9.000000000000000000 ),
 ( 0.000000000000000000, 1.000000000000000000 ),
 .UNSPECIFIED. ) ;
#6955 = VERTEX_POINT ( 'NONE', #6822 ) ;
#6956 = CARTESIAN_POINT ( 'NONE',  ( 0.6074395719839118524, 0.7066744877503673417, 0.7600000000000000089 ) ) ;
#6957 = VECTOR ( 'NONE', #10042, 1000.000000000000000 ) ;
#6958 = VERTEX_POINT ( 'NONE', #5888 ) ;
#6959 = FACE_OUTER_BOUND ( 'NONE', #1330, .T. ) ;
#6960 = EDGE_CURVE ( 'NONE', #2588, #3064, #2579, .T. ) ;
#6961 = ORIENTED_EDGE ( 'NONE', *, *, #1770, .F. ) ;
#6962 =( LENGTH_UNIT ( ) NAMED_UNIT ( * ) SI_UNIT ( .MILLI., .METRE. ) );
#6963 = ADVANCED_FACE ( 'NONE', ( #2884 ), #297, .T. ) ;
#6964 = EDGE_LOOP ( 'NONE', ( #8514, #5690, #10062, #4394 ) ) ;
#6965 = SURFACE_SIDE_STYLE ('',( #7695 ) ) ;
#6966 = EDGE_LOOP ( 'NONE', ( #2087, #4392, #3241, #4110 ) ) ;
#6967 = CARTESIAN_POINT ( 'NONE',  ( 0.7256796960381816097, 0.7069839590044382227, 0.7500000000000000000 ) ) ;
#6968 = ORIENTED_EDGE ( 'NONE', *, *, #8383, .F. ) ;
#6969 = CARTESIAN_POINT ( 'NONE',  ( 0.2714055516484271124, 0.6873435742744616883, 0.7600000000000000089 ) ) ;
#6970 = ORIENTED_EDGE ( 'NONE', *, *, #4381, .F. ) ;
#6971 = CARTESIAN_POINT ( 'NONE',  ( 0.04084461688617826297, 0.8256801480311426467, 0.7500000000000000000 ) ) ;
#6972 = CARTESIAN_POINT ( 'NONE',  ( 0.1447507477583269697, 0.8090797962370152030, 0.7500000000000000000 ) ) ;
#6973 = CARTESIAN_POINT ( 'NONE',  ( 0.5590515309382118048, 0.6655590211699972114, 0.7500000000000000000 ) ) ;
#6974 = DIRECTION ( 'NONE',  ( 1.000000000000000000, 2.709813608826153249E-14, -0.000000000000000000 ) ) ;
#6975 = CARTESIAN_POINT ( 'NONE',  ( 0.7245744415596926391, 0.8582711919499150799, 0.7600000000000000089 ) ) ;
#6976 = CARTESIAN_POINT ( 'NONE',  ( 0.8445028418288358374, 0.6843704523850601129, 0.7600000000000000089 ) ) ;
#6977 = VECTOR ( 'NONE', #7353, 1000.000000000000000 ) ;
#6978 = VERTEX_POINT ( 'NONE', #4549 ) ;
#6979 = LINE ( 'NONE', #5479, #7924 ) ;
#6980 = ORIENTED_EDGE ( 'NONE', *, *, #5797, .F. ) ;
#6981 = LINE ( 'NONE', #5433, #10162 ) ;
#6982 = ORIENTED_EDGE ( 'NONE', *, *, #1002, .F. ) ;
#6983 = EDGE_LOOP ( 'NONE', ( #2695, #8187, #7114, #1285 ) ) ;
#6984 = DIRECTION ( 'NONE',  ( 0.3493954794690958265, -0.9369753459545030472, -0.000000000000000000 ) ) ;
#6985 = DIRECTION ( 'NONE',  ( -0.000000000000000000, -0.000000000000000000, -1.000000000000000000 ) ) ;
#6986 = ORIENTED_EDGE ( 'NONE', *, *, #4695, .T. ) ;
#6987 = CARTESIAN_POINT ( 'NONE',  ( 0.000000000000000000, 0.000000000000000000, -0.02000000000000000042 ) ) ;
#6988 = EDGE_CURVE ( 'NONE', #2794, #1624, #8607, .T. ) ;
#6989 = CARTESIAN_POINT ( 'NONE',  ( 0.2271378452316094032, 0.8681033657031786976, 0.7600000000000000089 ) ) ;
#6990 = CARTESIAN_POINT ( 'NONE',  ( 0.6483118825793947604, 0.8441681448105246011, 0.7500000000000000000 ) ) ;
#6991 = FACE_OUTER_BOUND ( 'NONE', #6490, .T. ) ;
#6992 = VERTEX_POINT ( 'NONE', #7649 ) ;
#6993 = CARTESIAN_POINT ( 'NONE',  ( 0.4861931557500361323, 0.7069839590044362243, 0.7600000000000000089 ) ) ;
#6994 = ORIENTED_EDGE ( 'NONE', *, *, #9813, .F. ) ;
#6995 = CARTESIAN_POINT ( 'NONE',  ( 0.1447507360313918801, 0.7020994842309644657, 0.7600000000000000089 ) ) ;
#6996 = CARTESIAN_POINT ( 'NONE',  ( 0.7773613954283218330, 0.7446068214348521286, 0.7500000000000000000 ) ) ;
#6997 = CARTESIAN_POINT ( 'NONE',  ( 0.1499999999999964695, 1.001000000000000778, 0.1800000000000000211 ) ) ;
#6998 = DIRECTION ( 'NONE',  ( 0.3559357243698854645, -0.9345104387417428882, 0.000000000000000000 ) ) ;
#6999 = STYLED_ITEM ( 'NONE', ( #6254 ), #6781 ) ;
#7000 = EDGE_CURVE ( 'NONE', #2780, #8817, #4651, .T. ) ;
#7001 = DIRECTION ( 'NONE',  ( 0.000000000000000000, 0.000000000000000000, 1.000000000000000000 ) ) ;
#7002 = CARTESIAN_POINT ( 'NONE',  ( 0.6690685616759873833, 0.7953158968843083709, 0.7500000000000000000 ) ) ;
#7003 =( LENGTH_UNIT ( ) NAMED_UNIT ( * ) SI_UNIT ( .MILLI., .METRE. ) );
#7004 = EDGE_LOOP ( 'NONE', ( #3628, #4030, #8148, #3912, #7128, #174, #1758, #7262, #1291, #2622, #633, #2998, #449, #8840 ) ) ;
#7005 = LINE ( 'NONE', #7115, #8909 ) ;
#7006 = EDGE_CURVE ( 'NONE', #8585, #1327, #9502, .T. ) ;
#7007 = ORIENTED_EDGE ( 'NONE', *, *, #1080, .F. ) ;
#7008 =( LENGTH_UNIT ( ) NAMED_UNIT ( * ) SI_UNIT ( .MILLI., .METRE. ) );
#7009 = ORIENTED_EDGE ( 'NONE', *, *, #8383, .T. ) ;
#7010 = CARTESIAN_POINT ( 'NONE',  ( 0.5206328852839724464, 0.7953158968843062615, 0.7600000000000000089 ) ) ;
#7011 = EDGE_CURVE ( 'NONE', #2124, #2064, #5319, .T. ) ;
#7012 = ORIENTED_EDGE ( 'NONE', *, *, #9993, .T. ) ;
#7013 = SURFACE_STYLE_FILL_AREA ( #3864 ) ;
#7014 = B_SPLINE_SURFACE_WITH_KNOTS ( 'NONE', 3, 1, ( 
 ( #3273, #6472 ),
 ( #826, #6417 ),
 ( #987, #8819 ),
 ( #2434, #10271 ) ),
 .UNSPECIFIED., .F., .F., .F.,
 ( 4, 4 ),
 ( 2, 2 ),
 ( 5.000000000000000000, 6.000000000000000000 ),
 ( 0.000000000000000000, 1.000000000000000000 ),
 .UNSPECIFIED. ) ;
#7015 = VECTOR ( 'NONE', #9282, 1000.000000000000000 ) ;
#7016 = CARTESIAN_POINT ( 'NONE',  ( 0.8020306753763067897, 0.7446068214348521286, 0.7600000000000000089 ) ) ;
#7017 = ORIENTED_EDGE ( 'NONE', *, *, #9693, .F. ) ;
#7018 = LINE ( 'NONE', #7978, #1277 ) ;
#7019 = EDGE_CURVE ( 'NONE', #2963, #8958, #10124, .T. ) ;
#7020 = VECTOR ( 'NONE', #4802, 1000.000000000000000 ) ;
#7021 = ORIENTED_EDGE ( 'NONE', *, *, #4106, .T. ) ;
#7022 = CARTESIAN_POINT ( 'NONE',  ( 0.2714055516484271124, 0.6768914967966971341, 0.7600000000000000089 ) ) ;
#7023 = VERTEX_POINT ( 'NONE', #1380 ) ;
#7024 = PLANE ( 'NONE',  #4980 ) ;
#7025 = DIRECTION ( 'NONE',  ( -0.000000000000000000, 0.000000000000000000, -1.000000000000000000 ) ) ;
#7026 = ORIENTED_EDGE ( 'NONE', *, *, #2194, .T. ) ;
#7027 = CARTESIAN_POINT ( 'NONE',  ( 0.8148295222314063668, 0.6581317110782219926, 0.7600000000000000089 ) ) ;
#7028 = DIRECTION ( 'NONE',  ( -1.000000000000000000, -0.000000000000000000, -0.000000000000000000 ) ) ;
#7029 = AXIS2_PLACEMENT_3D ( 'NONE', #2863, #3880, #7031 ) ;
#7030 = SURFACE_STYLE_FILL_AREA ( #3879 ) ;
#7031 = DIRECTION ( 'NONE',  ( 0.000000000000000000, 0.000000000000000000, 1.000000000000000000 ) ) ;
#7032 = SURFACE_STYLE_USAGE ( .BOTH. , #4762 ) ;
#7033 = DIRECTION ( 'NONE',  ( 0.3667976789509028168, 0.9303007377811920442, -0.000000000000000000 ) ) ;
#7034 = EDGE_CURVE ( 'NONE', #2999, #6453, #10097, .T. ) ;
#7035 = ORIENTED_EDGE ( 'NONE', *, *, #160, .F. ) ;
#7036 = CARTESIAN_POINT ( 'NONE',  ( 0.08695678859331436306, 0.6590614643403862605, 0.7600000000000000089 ) ) ;
#7037 = VECTOR ( 'NONE', #7448, 1000.000000000000000 ) ;
#7038 = CARTESIAN_POINT ( 'NONE',  ( 0.2068484866314539150, 0.6449203976461206356, 0.7500000000000000000 ) ) ;
#7039 = ORIENTED_EDGE ( 'NONE', *, *, #764, .T. ) ;
#7040 = VERTEX_POINT ( 'NONE', #2311 ) ;
#7041 = CARTESIAN_POINT ( 'NONE',  ( 0.8020306753763067897, 0.7446068214348521286, 0.7600000000000000089 ) ) ;
#7042 = LINE ( 'NONE', #3786, #4457 ) ;
#7043 = FACE_OUTER_BOUND ( 'NONE', #6089, .T. ) ;
#7044 = CARTESIAN_POINT ( 'NONE',  ( 0.1499999999999973299, 0.7510000000000008891, 0.1800000000000000211 ) ) ;
#7045 = DIRECTION ( 'NONE',  ( 0.000000000000000000, 1.000000000000000000, -0.000000000000000000 ) ) ;
#7046 = CARTESIAN_POINT ( 'NONE',  ( 0.07834919986033543615, 0.8183022340968790775, 0.7600000000000000089 ) ) ;
#7047 = STYLED_ITEM ( 'NONE', ( #2355 ), #3587 ) ;
#7048 = COLOUR_RGB ( '',0.6666666666666666297, 0.6666666666666666297, 0.6666666666666666297 ) ;
#7049 = CARTESIAN_POINT ( 'NONE',  ( 0.9057698606792714546, 0.6915546064918139946, 0.7500000000000000000 ) ) ;
#7050 = ORIENTED_EDGE ( 'NONE', *, *, #7407, .T. ) ;
#7051 = LINE ( 'NONE', #10175, #6409 ) ;
#7052 = EDGE_CURVE ( 'NONE', #5990, #918, #846, .T. ) ;
#7053 = DIRECTION ( 'NONE',  ( 0.000000000000000000, 0.000000000000000000, 1.000000000000000000 ) ) ;
#7054 = AXIS2_PLACEMENT_3D ( 'NONE', #9538, #8810, #8041 ) ;
#7055 = ORIENTED_EDGE ( 'NONE', *, *, #1865, .T. ) ;
#7056 = FACE_OUTER_BOUND ( 'NONE', #6085, .T. ) ;
#7057 = CARTESIAN_POINT ( 'NONE',  ( 0.5592062665652461906, 0.7213080570391718904, 0.7500000000000000000 ) ) ;
#7058 = SURFACE_SIDE_STYLE ('',( #1414 ) ) ;
#7059 = CARTESIAN_POINT ( 'NONE',  ( 0.3470295374056933113, 0.6596762841493413188, 0.7600000000000000089 ) ) ;
#7060 = CARTESIAN_POINT ( 'NONE',  ( 0.1500000000000035749, -1.000999999999999890, 0.1800000000000000211 ) ) ;
#7061 = ORIENTED_EDGE ( 'NONE', *, *, #665, .T. ) ;
#7062 = VECTOR ( 'NONE', #8751, 1000.000000000000000 ) ;
#7063 = UNCERTAINTY_MEASURE_WITH_UNIT (LENGTH_MEASURE( 1.000000000000000082E-05 ), #2335, 'distance_accuracy_value', 'NONE');
#7064 = ORIENTED_EDGE ( 'NONE', *, *, #9669, .T. ) ;
#7065 = LINE ( 'NONE', #9306, #3284 ) ;
#7066 = EDGE_CURVE ( 'NONE', #6360, #9948, #693, .T. ) ;
#7067 = CARTESIAN_POINT ( 'NONE',  ( 0.5449705888889437855, 0.8635764134440407913, 0.7600000000000000089 ) ) ;
#7068 = ORIENTED_EDGE ( 'NONE', *, *, #2459, .T. ) ;
#7069 = CARTESIAN_POINT ( 'NONE',  ( 0.04084461688617826297, 0.8256801480311426467, 0.7600000000000000089 ) ) ;
#7070 = AXIS2_PLACEMENT_3D ( 'NONE', #2383, #8580, #9450 ) ;
#7071 = ORIENTED_EDGE ( 'NONE', *, *, #8491, .F. ) ;
#7072 = CARTESIAN_POINT ( 'NONE',  ( 0.5407485167828816053, 0.6583085517944956555, 0.7500000000000000000 ) ) ;
#7073 = ORIENTED_EDGE ( 'NONE', *, *, #7080, .F. ) ;
#7074 = EDGE_CURVE ( 'NONE', #1338, #94, #2985, .T. ) ;
#7075 = DIRECTION ( 'NONE',  ( -0.000000000000000000, -0.000000000000000000, -1.000000000000000000 ) ) ;
#7076 = CARTESIAN_POINT ( 'NONE',  ( 0.3433405716436495614, 0.8244504908228398321, 0.7500000000000000000 ) ) ;
#7077 = B_SPLINE_CURVE_WITH_KNOTS ( 'NONE', 3,
 ( #5309, #530, #3712, #4449 ),
 .UNSPECIFIED., .F., .F.,
 ( 4, 4 ),
 ( 5.000000000000000000, 6.000000000000000000 ),
 .UNSPECIFIED. ) ;
#7078 = VECTOR ( 'NONE', #1444, 1000.000000000000000 ) ;
#7079 = CARTESIAN_POINT ( 'NONE',  ( 0.5588967953114677423, 0.8731700223125384852, 0.7600000000000000089 ) ) ;
#7080 = EDGE_CURVE ( 'NONE', #4796, #6478, #2709, .T. ) ;
#7081 = ORIENTED_EDGE ( 'NONE', *, *, #118, .T. ) ;
#7082 = CARTESIAN_POINT ( 'NONE',  ( 0.1582769711891826303, 0.6541427885982323831, 0.7600000000000000089 ) ) ;
#7083 = ORIENTED_EDGE ( 'NONE', *, *, #1278, .T. ) ;
#7084 = PRESENTATION_LAYER_ASSIGNMENT (  '', '', ( #5112 ) ) ;
#7085 = ADVANCED_FACE ( 'NONE', ( #1336 ), #7524, .F. ) ;
#7086 = DIRECTION ( 'NONE',  ( -1.000000000000000000, 0.000000000000000000, 0.000000000000000000 ) ) ;
#7087 = DIRECTION ( 'NONE',  ( 0.9409537876760586395, -0.3385350343141444451, 0.000000000000000000 ) ) ;
#7088 = CARTESIAN_POINT ( 'NONE',  ( 0.6937378416245608692, 0.8817910072409375077, 0.7500000000000000000 ) ) ;
#7089 = CARTESIAN_POINT ( 'NONE',  ( 0.8477661056752422430, 0.7024745207341381859, 0.7500000000000000000 ) ) ;
#7090 = SURFACE_STYLE_FILL_AREA ( #3940 ) ;
#7091 = B_SPLINE_CURVE_WITH_KNOTS ( 'NONE', 3,
 ( #7908, #4011, #7961, #1668 ),
 .UNSPECIFIED., .F., .F.,
 ( 4, 4 ),
 ( 19.00000000000000000, 20.00000000000000000 ),
 .UNSPECIFIED. ) ;
#7092 = VERTEX_POINT ( 'NONE', #2938 ) ;
#7093 = CARTESIAN_POINT ( 'NONE',  ( 0.5241696996132929609, 0.8369176754350188263, 0.7600000000000000089 ) ) ;
#7094 = VECTOR ( 'NONE', #1774, 1000.000000000000000 ) ;
#7095 = EDGE_LOOP ( 'NONE', ( #9649, #9126, #1302, #2360, #5496, #1478, #3820, #892, #349, #3521, #1456, #3113, #5834, #3502, #8695, #4899, #6970, #9060, #10148, #5978, #2062, #1085, #10154, #6609, #5047, #1120, #582, #3964 ) ) ;
#7096 = DIRECTION ( 'NONE',  ( -0.000000000000000000, 1.000000000000000000, -0.000000000000000000 ) ) ;
#7097 = CARTESIAN_POINT ( 'NONE',  ( 0.5629862368797363681, 0.6672390079763728110, 0.7500000000000000000 ) ) ;
#7098 = ADVANCED_FACE ( 'NONE', ( #8652 ), #5273, .T. ) ;
#7099 = DIRECTION ( 'NONE',  ( -0.000000000000000000, -0.000000000000000000, -1.000000000000000000 ) ) ;
#7100 = ADVANCED_FACE ( 'NONE', ( #7127 ), #1333, .F. ) ;
#7101 = CARTESIAN_POINT ( 'NONE',  ( -0.5000000000000034417, 1.000999999999998558, -0.02000000000000000042 ) ) ;
#7102 = CARTESIAN_POINT ( 'NONE',  ( 0.01194762850846879318, 0.7820272790136842955, 0.7500000000000000000 ) ) ;
#7103 = CARTESIAN_POINT ( 'NONE',  ( 0.5195718409848524288, 0.7446068214348511294, 0.7600000000000000089 ) ) ;
#7104 = ORIENTED_EDGE ( 'NONE', *, *, #916, .F. ) ;
#7105 = CARTESIAN_POINT ( 'NONE',  ( 0.6483118825793947604, 0.8441681448105246011, 0.7500000000000000000 ) ) ;
#7106 = LINE ( 'NONE', #3116, #2461 ) ;
#7107 = ORIENTED_EDGE ( 'NONE', *, *, #9693, .T. ) ;
#7108 = LINE ( 'NONE', #3337, #7583 ) ;
#7109 = DIRECTION ( 'NONE',  ( -1.000000000000000000, -3.491481338843133355E-15, 0.000000000000000000 ) ) ;
#7110 = CARTESIAN_POINT ( 'NONE',  ( 0.5751440361374563492, 0.8038042512749101753, 0.7600000000000000089 ) ) ;
#7111 = DIRECTION ( 'NONE',  ( 0.000000000000000000, -0.000000000000000000, -1.000000000000000000 ) ) ;
#7112 = CARTESIAN_POINT ( 'NONE',  ( 0.9180381853849560736, 0.6581317110782219926, 0.7500000000000000000 ) ) ;
#7113 = EDGE_CURVE ( 'NONE', #4033, #988, #4807, .T. ) ;
#7114 = ORIENTED_EDGE ( 'NONE', *, *, #2544, .F. ) ;
#7115 = CARTESIAN_POINT ( 'NONE',  ( 0.1500000000000017986, -0.4999999999999992784, 0.000000000000000000 ) ) ;
#7116 = CARTESIAN_POINT ( 'NONE',  ( 0.7182523859458088689, 0.8637090439812484810, 0.7600000000000000089 ) ) ;
#7117 = VERTEX_POINT ( 'NONE', #1688 ) ;
#7118 = CARTESIAN_POINT ( 'NONE',  ( 0.5206328852839724464, 0.7953158968843062615, 0.7600000000000000089 ) ) ;
#7119 = ORIENTED_EDGE ( 'NONE', *, *, #6893, .F. ) ;
#7120 = DIRECTION ( 'NONE',  ( 0.3315284183576361898, 0.9434452330799515396, -0.000000000000000000 ) ) ;
#7121 = ORIENTED_EDGE ( 'NONE', *, *, #4934, .T. ) ;
#7122 = LINE ( 'NONE', #3404, #3728 ) ;
#7123 = EDGE_CURVE ( 'NONE', #4142, #8897, #6342, .T. ) ;
#7124 = PLANE ( 'NONE',  #2916 ) ;
#7125 = FILL_AREA_STYLE ('',( #3196 ) ) ;
#7126 = EDGE_LOOP ( 'NONE', ( #5448, #1513, #4757, #7272 ) ) ;
#7127 = FACE_OUTER_BOUND ( 'NONE', #720, .T. ) ;
#7128 = ORIENTED_EDGE ( 'NONE', *, *, #7381, .T. ) ;
#7129 = LINE ( 'NONE', #4809, #5307 ) ;
#7130 = VECTOR ( 'NONE', #8333, 1000.000000000000000 ) ;
#7131 = FACE_OUTER_BOUND ( 'NONE', #2526, .T. ) ;
#7132 = EDGE_CURVE ( 'NONE', #10250, #8756, #9530, .T. ) ;
#7133 = CARTESIAN_POINT ( 'NONE',  ( 0.6916157530269114728, 0.7198933313072090057, 0.7600000000000000089 ) ) ;
#7134 = VECTOR ( 'NONE', #2765, 1000.000000000000000 ) ;
#7135 = EDGE_LOOP ( 'NONE', ( #7007, #2477, #3236, #9540, #6405, #4424 ) ) ;
#7136 = EDGE_CURVE ( 'NONE', #4590, #1483, #9684, .T. ) ;
#7137 = ORIENTED_EDGE ( 'NONE', *, *, #2439, .T. ) ;
#7138 = VERTEX_POINT ( 'NONE', #5572 ) ;
#7139 = DIRECTION ( 'NONE',  ( 0.000000000000000000, -0.000000000000000000, -1.000000000000000000 ) ) ;
#7140 = CARTESIAN_POINT ( 'NONE',  ( 0.5660588443285435867, 0.6705989815897152040, 0.7500000000000000000 ) ) ;
#7141 = SURFACE_SIDE_STYLE ('',( #3838 ) ) ;
#7142 = PLANE ( 'NONE',  #4563 ) ;
#7143 =( GEOMETRIC_REPRESENTATION_CONTEXT ( 3 ) GLOBAL_UNCERTAINTY_ASSIGNED_CONTEXT ( ( #2847 ) ) GLOBAL_UNIT_ASSIGNED_CONTEXT ( ( #6804, #7745, #6069 ) ) REPRESENTATION_CONTEXT ( 'NONE', 'WORKASPACE' ) );
#7144 = CARTESIAN_POINT ( 'NONE',  ( 0.7610257342436118622, 0.6679905810217212636, 0.7500000000000000000 ) ) ;
#7145 = CARTESIAN_POINT ( 'NONE',  ( 0.6748158849613913324, 0.6488033632841339049, 0.7500000000000000000 ) ) ;
#7146 = VERTEX_POINT ( 'NONE', #4911 ) ;
#7147 = DIRECTION ( 'NONE',  ( 0.000000000000000000, 0.000000000000000000, 1.000000000000000000 ) ) ;
#7148 = ADVANCED_FACE ( 'NONE', ( #9591 ), #3980, .T. ) ;
#7149 = EDGE_CURVE ( 'NONE', #4628, #7189, #225, .T. ) ;
#7150 = CARTESIAN_POINT ( 'NONE',  ( 0.5815324070202413376, 0.6581317110782208823, 0.7600000000000000089 ) ) ;
#7151 = ORIENTED_EDGE ( 'NONE', *, *, #5882, .T. ) ;
#7152 = VECTOR ( 'NONE', #955, 1000.000000000000000 ) ;
#7153 = CARTESIAN_POINT ( 'NONE',  ( 0.7885244656555233655, 0.6679905810217222628, 0.7600000000000000089 ) ) ;
#7154 =( NAMED_UNIT ( * ) PLANE_ANGLE_UNIT ( ) SI_UNIT ( $, .RADIAN. ) );
#7155 = CARTESIAN_POINT ( 'NONE',  ( 0.8477661056752422430, 0.7152954726787674744, 0.7600000000000000089 ) ) ;
#7156 = ORIENTED_EDGE ( 'NONE', *, *, #6234, .F. ) ;
#7157 = VECTOR ( 'NONE', #3534, 1000.000000000000000 ) ;
#7158 = UNCERTAINTY_MEASURE_WITH_UNIT (LENGTH_MEASURE( 1.000000000000000082E-05 ), #7008, 'distance_accuracy_value', 'NONE');
#7159 = DIRECTION ( 'NONE',  ( 0.000000000000000000, 0.000000000000000000, 1.000000000000000000 ) ) ;
#7160 = EDGE_CURVE ( 'NONE', #1855, #2981, #7378, .T. ) ;
#7161 = CARTESIAN_POINT ( 'NONE',  ( 0.5588967953114677423, 0.8731700223125384852, 0.7500000000000000000 ) ) ;
#7162 = ORIENTED_EDGE ( 'NONE', *, *, #6250, .T. ) ;
#7163 = CARTESIAN_POINT ( 'NONE',  ( 0.8011464717943481695, 0.6581317110782219926, 0.7600000000000000089 ) ) ;
#7164 = ORIENTED_EDGE ( 'NONE', *, *, #1957, .T. ) ;
#7165 = FACE_OUTER_BOUND ( 'NONE', #5162, .T. ) ;
#7166 = CARTESIAN_POINT ( 'NONE',  ( 0.5592062665652461906, 0.7213080570391718904, 0.7600000000000000089 ) ) ;
#7167 = DIRECTION ( 'NONE',  ( -0.000000000000000000, 0.000000000000000000, -1.000000000000000000 ) ) ;
#7168 = ORIENTED_EDGE ( 'NONE', *, *, #4381, .T. ) ;
#7169 = MECHANICAL_DESIGN_GEOMETRIC_PRESENTATION_REPRESENTATION (  '', ( #9010 ), #3033 ) ;
#7170 = CARTESIAN_POINT ( 'NONE',  ( 0.6148889871655207617, 0.6952682615377004938, 0.7600000000000000089 ) ) ;
#7171 = ORIENTED_EDGE ( 'NONE', *, *, #8501, .T. ) ;
#7172 = EDGE_CURVE ( 'NONE', #9041, #4566, #3413, .T. ) ;
#7173 = CARTESIAN_POINT ( 'NONE',  ( 0.2867762814141744943, 0.8933113626660968976, 0.7500000000000000000 ) ) ;
#7174 = ORIENTED_EDGE ( 'NONE', *, *, #1322, .T. ) ;
#7175 = B_SPLINE_SURFACE_WITH_KNOTS ( 'NONE', 3, 1, ( 
 ( #8477, #1310 ),
 ( #6898, #2862 ),
 ( #2082, #4476 ),
 ( #6009, #5909 ) ),
 .UNSPECIFIED., .F., .F., .F.,
 ( 4, 4 ),
 ( 2, 2 ),
 ( 17.00000000000000000, 18.00000000000000000 ),
 ( 0.000000000000000000, 1.000000000000000000 ),
 .UNSPECIFIED. ) ;
#7176 =( LENGTH_UNIT ( ) NAMED_UNIT ( * ) SI_UNIT ( .MILLI., .METRE. ) );
#7177 = ORIENTED_EDGE ( 'NONE', *, *, #481, .F. ) ;
#7178 = CARTESIAN_POINT ( 'NONE',  ( 0.2714055516484271124, 0.6768914967966971341, 0.7600000000000000089 ) ) ;
#7179 = LINE ( 'NONE', #8039, #575 ) ;
#7180 = LINE ( 'NONE', #4036, #8387 ) ;
#7181 = DIRECTION ( 'NONE',  ( 0.000000000000000000, 0.000000000000000000, 1.000000000000000000 ) ) ;
#7182 = LINE ( 'NONE', #4865, #9392 ) ;
#7183 = ORIENTED_EDGE ( 'NONE', *, *, #5195, .T. ) ;
#7184 = CARTESIAN_POINT ( 'NONE',  ( -0.6499999999999973577, -0.7510000000000026654, 0.000000000000000000 ) ) ;
#7185 = EDGE_CURVE ( 'NONE', #4461, #8056, #9007, .T. ) ;
#7186 = LINE ( 'NONE', #8766, #2048 ) ;
#7187 =( GEOMETRIC_REPRESENTATION_CONTEXT ( 3 ) GLOBAL_UNCERTAINTY_ASSIGNED_CONTEXT ( ( #1685 ) ) GLOBAL_UNIT_ASSIGNED_CONTEXT ( ( #10285, #10081, #5452 ) ) REPRESENTATION_CONTEXT ( 'NONE', 'WORKASPACE' ) );
#7188 = ORIENTED_EDGE ( 'NONE', *, *, #8848, .F. ) ;
#7189 = VERTEX_POINT ( 'NONE', #5822 ) ;
#7190 = DIRECTION ( 'NONE',  ( -0.000000000000000000, -0.000000000000000000, -1.000000000000000000 ) ) ;
#7191 = DIRECTION ( 'NONE',  ( -1.000000000000000000, -0.000000000000000000, -0.000000000000000000 ) ) ;
#7192 = CARTESIAN_POINT ( 'NONE',  ( 0.8267883756830199937, 0.6770094575617373600, 0.7500000000000000000 ) ) ;
#7193 = B_SPLINE_CURVE_WITH_KNOTS ( 'NONE', 3,
 ( #7892, #772, #2437, #6524 ),
 .UNSPECIFIED., .F., .F.,
 ( 4, 4 ),
 ( 2.000000000000000000, 3.000000000000000000 ),
 .UNSPECIFIED. ) ;
#7194 = FACE_OUTER_BOUND ( 'NONE', #7750, .T. ) ;
#7195 = DIRECTION ( 'NONE',  ( -0.000000000000000000, 1.000000000000000000, -0.000000000000000000 ) ) ;
#7196 = ADVANCED_FACE ( 'NONE', ( #6611 ), #1991, .T. ) ;
#7197 = CARTESIAN_POINT ( 'NONE',  ( 0.6622601940914670804, 0.6290414132174785289, 0.7600000000000000089 ) ) ;
#7198 = ORIENTED_EDGE ( 'NONE', *, *, #1268, .F. ) ;
#7199 = AXIS2_PLACEMENT_3D ( 'NONE', #5474, #8428, #4528 ) ;
#7200 = CARTESIAN_POINT ( 'NONE',  ( 0.6076606228795498055, 0.6655148109909301279, 0.7500000000000000000 ) ) ;
#7201 = EDGE_CURVE ( 'NONE', #3711, #3708, #1073, .T. ) ;
#7202 = LINE ( 'NONE', #2448, #7762 ) ;
#7203 = FILL_AREA_STYLE_COLOUR ( '', #7205 ) ;
#7204 = SURFACE_STYLE_USAGE ( .BOTH. , #8889 ) ;
#7205 = COLOUR_RGB ( '',0.4980392156862745168, 0.4980392156862745168, 0.4980392156862745168 ) ;
#7206 = PRESENTATION_STYLE_ASSIGNMENT (( #1779 ) ) ;
#7207 = CARTESIAN_POINT ( 'NONE',  ( 0.1500000000000034639, -1.000000000000000000, 0.7500000000000000000 ) ) ;
#7208 = CARTESIAN_POINT ( 'NONE',  ( 0.6499476592070067005, 0.6383255508324964245, 0.7600000000000000089 ) ) ;
#7209 = ORIENTED_EDGE ( 'NONE', *, *, #4303, .T. ) ;
#7210 = DIRECTION ( 'NONE',  ( -1.000000000000000000, 0.000000000000000000, 0.000000000000000000 ) ) ;
#7211 = VECTOR ( 'NONE', #1738, 1000.000000000000000 ) ;
#7212 = AXIS2_PLACEMENT_3D ( 'NONE', #1538, #1988, #5108 ) ;
#7213 = CARTESIAN_POINT ( 'NONE',  ( 0.5283254564504554773, 0.8620290571748723263, 0.7600000000000000089 ) ) ;
#7214 = VERTEX_POINT ( 'NONE', #5977 ) ;
#7215 = CARTESIAN_POINT ( 'NONE',  ( 0.7885244656555233655, 0.6679905810217222628, 0.7600000000000000089 ) ) ;
#7216 = ORIENTED_EDGE ( 'NONE', *, *, #5672, .T. ) ;
#7217 = DIRECTION ( 'NONE',  ( -0.3416038306902376420, 0.9398440417738229691, 0.000000000000000000 ) ) ;
#7218 = LINE ( 'NONE', #68, #7799 ) ;
#7219 = COLOUR_RGB ( '',0.2980392156862745057, 0.2980392156862745057, 0.2980392156862745057 ) ;
#7220 = EDGE_CURVE ( 'NONE', #957, #8604, #2634, .T. ) ;
#7221 = CARTESIAN_POINT ( 'NONE',  ( 0.6718095927811911228, 0.6734726432321216372, 0.7500000000000000000 ) ) ;
#7222 = SURFACE_SIDE_STYLE ('',( #3307 ) ) ;
#7223 = DIRECTION ( 'NONE',  ( 0.000000000000000000, 1.000000000000000000, -0.000000000000000000 ) ) ;
#7224 = VERTEX_POINT ( 'NONE', #6558 ) ;
#7225 =( LENGTH_UNIT ( ) NAMED_UNIT ( * ) SI_UNIT ( .MILLI., .METRE. ) );
#7226 = VERTEX_POINT ( 'NONE', #9112 ) ;
#7227 = EDGE_LOOP ( 'NONE', ( #3455, #7796, #8714, #906 ) ) ;
#7228 = CARTESIAN_POINT ( 'NONE',  ( 0.5660588443285435867, 0.6705989815897152040, 0.7600000000000000089 ) ) ;
#7229 =( NAMED_UNIT ( * ) SI_UNIT ( $, .STERADIAN. ) SOLID_ANGLE_UNIT ( ) );
#7230 = SURFACE_SIDE_STYLE ('',( #4092 ) ) ;
#7231 = VECTOR ( 'NONE', #6543, 1000.000000000000000 ) ;
#7232 = ADVANCED_FACE ( 'NONE', ( #7530 ), #5874, .F. ) ;
#7233 = VERTEX_POINT ( 'NONE', #2050 ) ;
#7234 = DIRECTION ( 'NONE',  ( -3.220430795721757247E-15, 1.000000000000000000, 0.000000000000000000 ) ) ;
#7235 = CARTESIAN_POINT ( 'NONE',  ( 0.6630338722260507023, 0.6470349561190323895, 0.7500000000000000000 ) ) ;
#7236 = PRESENTATION_LAYER_ASSIGNMENT (  '', '', ( #2942 ) ) ;
#7237 = EDGE_LOOP ( 'NONE', ( #9354, #9418, #3698, #9171 ) ) ;
#7238 = CARTESIAN_POINT ( 'NONE',  ( 0.7830645085340638412, 0.8707384624614092905, 0.7500000000000000000 ) ) ;
#7239 = CARTESIAN_POINT ( 'NONE',  ( 0.7065366884790712509, 0.7953158968843083709, 0.7500000000000000000 ) ) ;
#7240 = ORIENTED_EDGE ( 'NONE', *, *, #9260, .T. ) ;
#7241 = FACE_OUTER_BOUND ( 'NONE', #8252, .T. ) ;
#7242 = CARTESIAN_POINT ( 'NONE',  ( 0.6937378416245608692, 0.8817910072409375077, 0.7600000000000000089 ) ) ;
#7243 = DIRECTION ( 'NONE',  ( -3.491481338843133355E-15, 1.000000000000000000, 0.000000000000000000 ) ) ;
#7244 = CARTESIAN_POINT ( 'NONE',  ( 0.6695990838254016753, 0.6356287299063639873, 0.7600000000000000089 ) ) ;
#7245 = ADVANCED_FACE ( 'NONE', ( #1221 ), #4393, .F. ) ;
#7246 = ORIENTED_EDGE ( 'NONE', *, *, #3313, .F. ) ;
#7247 = PRESENTATION_LAYER_ASSIGNMENT (  '', '', ( #9413 ) ) ;
#7248 = DIRECTION ( 'NONE',  ( -1.000000000000000000, -0.000000000000000000, -0.000000000000000000 ) ) ;
#7249 = CARTESIAN_POINT ( 'NONE',  ( 0.8347241028346763514, 0.7331563850431136453, 0.7600000000000000089 ) ) ;
#7250 = B_SPLINE_CURVE_WITH_KNOTS ( 'NONE', 3,
 ( #6869, #8688, #1576, #5506 ),
 .UNSPECIFIED., .F., .F.,
 ( 4, 4 ),
 ( 1.000000000000000000, 2.000000000000000000 ),
 .UNSPECIFIED. ) ;
#7251 = LINE ( 'NONE', #8061, #7094 ) ;
#7252 = PLANE ( 'NONE',  #4408 ) ;
#7253 = DIRECTION ( 'NONE',  ( -1.000000000000000000, 0.000000000000000000, 0.000000000000000000 ) ) ;
#7254 = CARTESIAN_POINT ( 'NONE',  ( 0.3470295374056933113, 0.6971808553971488021, 0.7500000000000000000 ) ) ;
#7255 = DIRECTION ( 'NONE',  ( -0.000000000000000000, -0.000000000000000000, -1.000000000000000000 ) ) ;
#7256 = EDGE_CURVE ( 'NONE', #2064, #9633, #4642, .T. ) ;
#7257 = VERTEX_POINT ( 'NONE', #680 ) ;
#7258 = DIRECTION ( 'NONE',  ( -0.000000000000000000, -0.000000000000000000, -1.000000000000000000 ) ) ;
#7259 = B_SPLINE_SURFACE_WITH_KNOTS ( 'NONE', 3, 1, ( 
 ( #6831, #8361 ),
 ( #6740, #1243 ),
 ( #402, #4508 ),
 ( #2800, #8462 ) ),
 .UNSPECIFIED., .F., .F., .F.,
 ( 4, 4 ),
 ( 2, 2 ),
 ( 3.000000000000000000, 4.000000000000000000 ),
 ( 0.000000000000000000, 1.000000000000000000 ),
 .UNSPECIFIED. ) ;
#7260 = CARTESIAN_POINT ( 'NONE',  ( 0.2068484866314539150, 0.6787360031312968944, 0.7500000000000000000 ) ) ;
#7261 = ADVANCED_FACE ( 'NONE', ( #6959 ), #3662, .F. ) ;
#7262 = ORIENTED_EDGE ( 'NONE', *, *, #3627, .T. ) ;
#7263 = CARTESIAN_POINT ( 'NONE',  ( 0.7177439688859320599, 0.8779889318369115125, 0.7500000000000000000 ) ) ;
#7264 = ORIENTED_EDGE ( 'NONE', *, *, #4473, .F. ) ;
#7265 = CARTESIAN_POINT ( 'NONE',  ( 0.7184955419312778480, 0.8141936433678232943, 0.7600000000000000089 ) ) ;
#7266 = CARTESIAN_POINT ( 'NONE',  ( 0.1499999999999984679, 0.5000000000000007772, -0.02000000000000000042 ) ) ;
#7267 = CARTESIAN_POINT ( 'NONE',  ( 0.6379224904864937429, 0.6789989156221801769, 0.7500000000000000000 ) ) ;
#7268 = CARTESIAN_POINT ( 'NONE',  ( 0.7145166258103864410, 0.7446068214348511294, 0.7500000000000000000 ) ) ;
#7269 = CARTESIAN_POINT ( 'NONE',  ( 0.4861931557500382972, 0.6970808788818697588, 0.7600000000000000089 ) ) ;
#7270 = UNCERTAINTY_MEASURE_WITH_UNIT (LENGTH_MEASURE( 1.000000000000000082E-05 ), #4938, 'distance_accuracy_value', 'NONE');
#7271 = LINE ( 'NONE', #4233, #8581 ) ;
#7272 = ORIENTED_EDGE ( 'NONE', *, *, #8824, .T. ) ;
#7273 = EDGE_CURVE ( 'NONE', #9493, #4033, #6077, .T. ) ;
#7274 = ORIENTED_EDGE ( 'NONE', *, *, #6128, .F. ) ;
#7275 = DIRECTION ( 'NONE',  ( -1.000000000000000000, -3.491481338843133355E-15, 0.000000000000000000 ) ) ;
#7276 = ORIENTED_EDGE ( 'NONE', *, *, #3827, .T. ) ;
#7277 = DIRECTION ( 'NONE',  ( 0.000000000000000000, 0.000000000000000000, 1.000000000000000000 ) ) ;
#7278 = CARTESIAN_POINT ( 'NONE',  ( 0.7264312690829315411, 0.8703405708492010229, 0.7600000000000000089 ) ) ;
#7279 = PRODUCT_DEFINITION_CONTEXT ( 'detailed design', #6352, 'design' ) ;
#7280 = ORIENTED_EDGE ( 'NONE', *, *, #1762, .F. ) ;
#7281 = ORIENTED_EDGE ( 'NONE', *, *, #764, .F. ) ;
#7282 = SURFACE_STYLE_USAGE ( .BOTH. , #2433 ) ;
#7283 = CARTESIAN_POINT ( 'NONE',  ( 0.1453655675675734060, 0.6172530840677115105, 0.7600000000000000089 ) ) ;
#7284 = ORIENTED_EDGE ( 'NONE', *, *, #2584, .F. ) ;
#7285 = CARTESIAN_POINT ( 'NONE',  ( 0.8206431607854106636, 0.6709968732013317227, 0.7600000000000000089 ) ) ;
#7286 = LINE ( 'NONE', #885, #72 ) ;
#7287 = CARTESIAN_POINT ( 'NONE',  ( 0.3132139319208068207, 0.7912497168735491693, 0.7600000000000000089 ) ) ;
#7288 = CARTESIAN_POINT ( 'NONE',  ( 0.5707009131360528675, 0.6676811097676482731, 0.7600000000000000089 ) ) ;
#7289 = VERTEX_POINT ( 'NONE', #1371 ) ;
#7290 = CARTESIAN_POINT ( 'NONE',  ( 0.7362100080767955967, 0.8215546381914393681, 0.7600000000000000089 ) ) ;
#7291 = B_SPLINE_CURVE_WITH_KNOTS ( 'NONE', 3,
 ( #1318, #4483, #7628, #520 ),
 .UNSPECIFIED., .F., .F.,
 ( 4, 4 ),
 ( 15.00000000000000000, 16.00000000000000000 ),
 .UNSPECIFIED. ) ;
#7292 = CARTESIAN_POINT ( 'NONE',  ( 0.2271378452316094032, 0.8681033657031786976, 0.7500000000000000000 ) ) ;
#7293 = ORIENTED_EDGE ( 'NONE', *, *, #10266, .T. ) ;
#7294 = DIRECTION ( 'NONE',  ( 1.000000000000000000, 0.000000000000000000, 0.000000000000000000 ) ) ;
#7295 = ADVANCED_FACE ( 'NONE', ( #4489 ), #527, .T. ) ;
#7296 = AXIS2_PLACEMENT_3D ( 'NONE', #842, #4636, #1468 ) ;
#7297 =( LENGTH_UNIT ( ) NAMED_UNIT ( * ) SI_UNIT ( .MILLI., .METRE. ) );
#7298 = CARTESIAN_POINT ( 'NONE',  ( 0.8477661056752422430, 0.7024745207341381859, 0.7600000000000000089 ) ) ;
#7299 = DIRECTION ( 'NONE',  ( -4.429205798888076739E-14, 1.000000000000000000, 0.000000000000000000 ) ) ;
#7300 = CARTESIAN_POINT ( 'NONE',  ( 0.6126784782097328685, 0.6852767610569958645, 0.7500000000000000000 ) ) ;
#7301 = ORIENTED_EDGE ( 'NONE', *, *, #1144, .T. ) ;
#7302 = VECTOR ( 'NONE', #5199, 1000.000000000000000 ) ;
#7303 = CARTESIAN_POINT ( 'NONE',  ( -0.8000000000000025979, 0.7509999999999975584, 0.000000000000000000 ) ) ;
#7304 = DIRECTION ( 'NONE',  ( -0.000000000000000000, -0.000000000000000000, -1.000000000000000000 ) ) ;
#7305 = ORIENTED_EDGE ( 'NONE', *, *, #112, .T. ) ;
#7307 = ADVANCED_FACE ( 'NONE', ( #6913 ), #6033, .F. ) ;
#7306 = LINE ( 'NONE', #271, #1077 ) ;
#7308 = EDGE_LOOP ( 'NONE', ( #8143, #4264, #8032, #4583 ) ) ;
#7309 = CARTESIAN_POINT ( 'NONE',  ( 0.8148295222314063668, 0.6581317110782219926, 0.7500000000000000000 ) ) ;
#7310 = CARTESIAN_POINT ( 'NONE',  ( -0.1499999999999964695, -1.001000000000000778, -0.02000000000000000042 ) ) ;
#7311 = SURFACE_SIDE_STYLE ('',( #4178 ) ) ;
#7312 = CARTESIAN_POINT ( 'NONE',  ( 0.5215391939557646461, 0.6581317110782198831, 0.7500000000000000000 ) ) ;
#7313 = EDGE_CURVE ( 'NONE', #3050, #1430, #3452, .T. ) ;
#7314 = B_SPLINE_CURVE_WITH_KNOTS ( 'NONE', 3,
 ( #9469, #7072, #5459, #6231 ),
 .UNSPECIFIED., .F., .F.,
 ( 4, 4 ),
 ( 7.000000000000000000, 8.000000000000000000 ),
 .UNSPECIFIED. ) ;
#7315 = CARTESIAN_POINT ( 'NONE',  ( 0.04084461688617826297, 0.8256801480311426467, 0.7500000000000000000 ) ) ;
#7316 = EDGE_LOOP ( 'NONE', ( #5639, #3464, #4305, #9233 ) ) ;
#7318 = EDGE_CURVE ( 'NONE', #4751, #5518, #8543, .T. ) ;
#7317 = CARTESIAN_POINT ( 'NONE',  ( 0.4999999999999964473, 1.001000000000002110, 0.1800000000000000211 ) ) ;
#7319 = ORIENTED_EDGE ( 'NONE', *, *, #7409, .F. ) ;
#7320 = DIRECTION ( 'NONE',  ( -0.9345104387438630811, -0.3559357243643189728, 0.000000000000000000 ) ) ;
#7321 = EDGE_LOOP ( 'NONE', ( #6778, #6776, #9756, #2061 ) ) ;
#7322 = PRESENTATION_LAYER_ASSIGNMENT (  '', '', ( #9010 ) ) ;
#7323 = CARTESIAN_POINT ( 'NONE',  ( 0.8260368026382639561, 0.7408047460302370490, 0.7600000000000000089 ) ) ;
#7324 = FILL_AREA_STYLE ('',( #2640 ) ) ;
#7325 = EDGE_CURVE ( 'NONE', #8942, #2981, #9987, .T. ) ;
#7326 =( NAMED_UNIT ( * ) PLANE_ANGLE_UNIT ( ) SI_UNIT ( $, .RADIAN. ) );
#7327 = EDGE_LOOP ( 'NONE', ( #7349, #3807, #6685, #4559 ) ) ;
#7328 = CARTESIAN_POINT ( 'NONE',  ( 0.5581894324454893530, 0.7125102313944980947, 0.7500000000000000000 ) ) ;
#7329 = COLOUR_RGB ( '',0.6666666666666666297, 0.6666666666666666297, 0.6666666666666666297 ) ;
#7330 = CARTESIAN_POINT ( 'NONE',  ( 0.2714055516484271124, 0.6670542391278874161, 0.7600000000000000089 ) ) ;
#7331 = EDGE_LOOP ( 'NONE', ( #6820, #2830, #5405, #4248 ) ) ;
#7332 = ORIENTED_EDGE ( 'NONE', *, *, #6900, .F. ) ;
#7333 = ORIENTED_EDGE ( 'NONE', *, *, #4682, .T. ) ;
#7334 = CARTESIAN_POINT ( 'NONE',  ( 0.5993491092052226632, 0.6934556441941168714, 0.7600000000000000089 ) ) ;
#7335 = LINE ( 'NONE', #7394, #5214 ) ;
#7336 = ORIENTED_EDGE ( 'NONE', *, *, #5826, .F. ) ;
#7337 = PLANE ( 'NONE',  #10046 ) ;
#7338 =( LENGTH_UNIT ( ) NAMED_UNIT ( * ) SI_UNIT ( .MILLI., .METRE. ) );
#7339 = CARTESIAN_POINT ( 'NONE',  ( 0.6677864664815245099, 0.6582643416154285720, 0.7600000000000000089 ) ) ;
#7340 = DIRECTION ( 'NONE',  ( -0.000000000000000000, -1.000000000000000000, -0.000000000000000000 ) ) ;
#7341 = B_SPLINE_SURFACE_WITH_KNOTS ( 'NONE', 3, 1, ( 
 ( #1487, #9427 ),
 ( #23, #3201 ),
 ( #6345, #2418 ),
 ( #5574, #8755 ) ),
 .UNSPECIFIED., .F., .F., .F.,
 ( 4, 4 ),
 ( 2, 2 ),
 ( 16.00000000000000000, 17.00000000000000000 ),
 ( 0.000000000000000000, 1.000000000000000000 ),
 .UNSPECIFIED. ) ;
#7342 = B_SPLINE_CURVE_WITH_KNOTS ( 'NONE', 3,
 ( #8134, #2631, #1799, #4182 ),
 .UNSPECIFIED., .F., .F.,
 ( 4, 4 ),
 ( 7.000000000000000000, 8.000000000000000000 ),
 .UNSPECIFIED. ) ;
#7343 = DIRECTION ( 'NONE',  ( 0.000000000000000000, 1.000000000000000000, -0.000000000000000000 ) ) ;
#7344 = ORIENTED_EDGE ( 'NONE', *, *, #2207, .F. ) ;
#7345 = EDGE_CURVE ( 'NONE', #7023, #8831, #9575, .T. ) ;
#7346 = CARTESIAN_POINT ( 'NONE',  ( 0.6928536380420127205, 0.7953158968843083709, 0.7600000000000000089 ) ) ;
#7347 = VECTOR ( 'NONE', #2921, 999.9999999999998863 ) ;
#7348 = CARTESIAN_POINT ( 'NONE',  ( 0.1564324883081601447, 0.8435101980778596520, 0.7500000000000000000 ) ) ;
#7349 = ORIENTED_EDGE ( 'NONE', *, *, #5675, .T. ) ;
#7350 = DIRECTION ( 'NONE',  ( 0.000000000000000000, 1.000000000000000000, -0.000000000000000000 ) ) ;
#7351 =( NAMED_UNIT ( * ) PLANE_ANGLE_UNIT ( ) SI_UNIT ( $, .RADIAN. ) );
#7352 = CARTESIAN_POINT ( 'NONE',  ( 0.6379224904864937429, 0.6749315791431509393, 0.7600000000000000089 ) ) ;
#7353 = DIRECTION ( 'NONE',  ( 1.755283150515606096E-14, -1.000000000000000000, -0.000000000000000000 ) ) ;
#7354 = AXIS2_PLACEMENT_3D ( 'NONE', #8475, #1554, #6158 ) ;
#7355 = DIRECTION ( 'NONE',  ( -0.000000000000000000, 0.000000000000000000, -1.000000000000000000 ) ) ;
#7356 = VECTOR ( 'NONE', #8532, 1000.000000000000000 ) ;
#7357 = VERTEX_POINT ( 'NONE', #7915 ) ;
#7358 = EDGE_CURVE ( 'NONE', #7453, #5984, #1579, .T. ) ;
#7359 = CARTESIAN_POINT ( 'NONE',  ( -0.7999999999999973799, -0.7510000000000032205, -0.02000000000000000042 ) ) ;
#7360 = CARTESIAN_POINT ( 'NONE',  ( 0.2068484866314539150, 0.6805804860126156708, 0.7500000000000000000 ) ) ;
#7361 = VECTOR ( 'NONE', #4708, 1000.000000000000000 ) ;
#7362 = VECTOR ( 'NONE', #5438, 1000.000000000000000 ) ;
#7363 = VERTEX_POINT ( 'NONE', #8899 ) ;
#7364 = FACE_OUTER_BOUND ( 'NONE', #6675, .T. ) ;
#7365 = EDGE_LOOP ( 'NONE', ( #2348, #6982, #1678, #2400 ) ) ;
#7366 = LINE ( 'NONE', #3811, #4918 ) ;
#7367 = CARTESIAN_POINT ( 'NONE',  ( 0.1576621513802323737, 0.7020994842309644657, 0.7500000000000000000 ) ) ;
#7368 = FACE_OUTER_BOUND ( 'NONE', #8007, .T. ) ;
#7369 = CARTESIAN_POINT ( 'NONE',  ( 0.5592062665652461906, 0.7213080570391718904, 0.7500000000000000000 ) ) ;
#7370 = ORIENTED_EDGE ( 'NONE', *, *, #6610, .T. ) ;
#7371 = CARTESIAN_POINT ( 'NONE',  ( 0.3783858167467291089, 0.8133835700816628433, 0.7600000000000000089 ) ) ;
#7372 = VECTOR ( 'NONE', #5313, 1000.000000000000000 ) ;
#7373 = ORIENTED_EDGE ( 'NONE', *, *, #1317, .T. ) ;
#7374 = AXIS2_PLACEMENT_3D ( 'NONE', #3276, #4719, #5645 ) ;
#7375 = EDGE_CURVE ( 'NONE', #4960, #3438, #9623, .T. ) ;
#7376 = CARTESIAN_POINT ( 'NONE',  ( 0.000000000000000000, 0.000000000000000000, 0.1800000000000000211 ) ) ;
#7377 = EDGE_LOOP ( 'NONE', ( #5464, #4316, #1036, #1638 ) ) ;
#7378 = LINE ( 'NONE', #3465, #5852 ) ;
#7379 = B_SPLINE_CURVE_WITH_KNOTS ( 'NONE', 3,
 ( #5143, #1200, #9861, #9139 ),
 .UNSPECIFIED., .F., .F.,
 ( 4, 4 ),
 ( 0.000000000000000000, 1.000000000000000000 ),
 .UNSPECIFIED. ) ;
#7380 = MECHANICAL_DESIGN_GEOMETRIC_PRESENTATION_REPRESENTATION (  '', ( #7727 ), #941 ) ;
#7381 = EDGE_CURVE ( 'NONE', #6289, #1676, #1707, .T. ) ;
#7382 = VERTEX_POINT ( 'NONE', #3242 ) ;
#7383 = CARTESIAN_POINT ( 'NONE',  ( 0.04084461688617826297, 0.8256801480311426467, 0.7600000000000000089 ) ) ;
#7384 = ORIENTED_EDGE ( 'NONE', *, *, #10028, .F. ) ;
#7385 = CARTESIAN_POINT ( 'NONE',  ( 0.8015885735850307725, 0.7346595311332154710, 0.7600000000000000089 ) ) ;
#7386 = CARTESIAN_POINT ( 'NONE',  ( 0.6192657948983233407, 0.7125102313944980947, 0.7600000000000000089 ) ) ;
#7387 = DIRECTION ( 'NONE',  ( 0.000000000000000000, 1.000000000000000000, 0.000000000000000000 ) ) ;
#7388 = EDGE_CURVE ( 'NONE', #9281, #6230, #3918, .T. ) ;
#7389 = VECTOR ( 'NONE', #6184, 1000.000000000000000 ) ;
#7390 = ORIENTED_EDGE ( 'NONE', *, *, #1294, .F. ) ;
#7391 = CARTESIAN_POINT ( 'NONE',  ( 0.7813845217276892408, 0.8646816679219360147, 0.7500000000000000000 ) ) ;
#7392 = ORIENTED_EDGE ( 'NONE', *, *, #5328, .F. ) ;
#7393 = VERTEX_POINT ( 'NONE', #7215 ) ;
#7394 = CARTESIAN_POINT ( 'NONE',  ( 0.5542989366830318732, 0.6655590211699972114, 0.7600000000000000089 ) ) ;
#7395 = VERTEX_POINT ( 'NONE', #8690 ) ;
#7396 = VECTOR ( 'NONE', #10123, 1000.000000000000000 ) ;
#7397 = CARTESIAN_POINT ( 'NONE',  ( 0.7974770269269370049, 0.8287387922984869038, 0.7500000000000000000 ) ) ;
#7398 = LINE ( 'NONE', #4975, #2836 ) ;
#7399 = LINE ( 'NONE', #4361, #9209 ) ;
#7400 = CARTESIAN_POINT ( 'NONE',  ( 0.5889155069332399073, 0.8095957847399702922, 0.7600000000000000089 ) ) ;
#7401 = VERTEX_POINT ( 'NONE', #962 ) ;
#7402 = UNCERTAINTY_MEASURE_WITH_UNIT (LENGTH_MEASURE( 1.000000000000000082E-05 ), #5596, 'distance_accuracy_value', 'NONE');
#7403 = CARTESIAN_POINT ( 'NONE',  ( 0.3162880778738990095, 0.7912497168735491693, 0.7500000000000000000 ) ) ;
#7404 = VECTOR ( 'NONE', #5952, 1000.000000000000000 ) ;
#7405 = CARTESIAN_POINT ( 'NONE',  ( 0.7277354693672234420, 0.8285619515816240455, 0.7600000000000000089 ) ) ;
#7406 = VERTEX_POINT ( 'NONE', #2401 ) ;
#7407 = EDGE_CURVE ( 'NONE', #5181, #4225, #800, .T. ) ;
#7408 = DIRECTION ( 'NONE',  ( -0.5048830486499596981, 0.8631877589411948160, 0.000000000000000000 ) ) ;
#7409 = EDGE_CURVE ( 'NONE', #5665, #7257, #9368, .T. ) ;
#7410 = CARTESIAN_POINT ( 'NONE',  ( 0.5514915903089311344, 0.6566727751671871394, 0.7500000000000000000 ) ) ;
#7411 = FILL_AREA_STYLE_COLOUR ( '', #2167 ) ;
#7412 = CARTESIAN_POINT ( 'NONE',  ( 0.6630338722260507023, 0.6470349561190323895, 0.7600000000000000089 ) ) ;
#7413 = CARTESIAN_POINT ( 'NONE',  ( 0.5581894324454893530, 0.7125102313944980947, 0.7600000000000000089 ) ) ;
#7414 = VECTOR ( 'NONE', #5, 1000.000000000000000 ) ;
#7415 = LINE ( 'NONE', #319, #420 ) ;
#7416 = ORIENTED_EDGE ( 'NONE', *, *, #6196, .F. ) ;
#7417 = FACE_OUTER_BOUND ( 'NONE', #5951, .T. ) ;
#7418 = CARTESIAN_POINT ( 'NONE',  ( 0.6225373481532305853, 0.6655148109909306831, 0.7600000000000000089 ) ) ;
#7419 = VECTOR ( 'NONE', #2336, 1000.000000000000000 ) ;
#7420 = ORIENTED_EDGE ( 'NONE', *, *, #6988, .T. ) ;
#7421 = VERTEX_POINT ( 'NONE', #8022 ) ;
#7422 = CARTESIAN_POINT ( 'NONE',  ( 0.8010801565251544076, 0.6679905810217222628, 0.7500000000000000000 ) ) ;
#7423 = EDGE_CURVE ( 'NONE', #1337, #4187, #9519, .T. ) ;
#7424 = SURFACE_STYLE_USAGE ( .BOTH. , #8388 ) ;
#7425 = CARTESIAN_POINT ( 'NONE',  ( 0.1500000000000017986, -0.4999999999999992784, -0.02000000000000000042 ) ) ;
#7426 = CARTESIAN_POINT ( 'NONE',  ( 0.5815324070202413376, 0.7135270655142534890, 0.7500000000000000000 ) ) ;
#7427 = CARTESIAN_POINT ( 'NONE',  ( 0.1447507360313918801, 0.6541427885982323831, 0.7600000000000000089 ) ) ;
#7428 = ORIENTED_EDGE ( 'NONE', *, *, #3570, .F. ) ;
#7429 = ORIENTED_EDGE ( 'NONE', *, *, #4106, .F. ) ;
#7430 = CARTESIAN_POINT ( 'NONE',  ( 0.1914777685923488570, 0.7199295635950248018, 0.7500000000000000000 ) ) ;
#7431 = ADVANCED_FACE ( 'NONE', ( #9467 ), #5666, .F. ) ;
#7432 = ORIENTED_EDGE ( 'NONE', *, *, #7590, .F. ) ;
#7433 = VERTEX_POINT ( 'NONE', #3970 ) ;
#7434 = DIRECTION ( 'NONE',  ( 1.000000000000000000, -0.000000000000000000, -0.000000000000000000 ) ) ;
#7435 = B_SPLINE_SURFACE_WITH_KNOTS ( 'NONE', 3, 1, ( 
 ( #9464, #2346 ),
 ( #4121, #161 ),
 ( #9671, #4946 ),
 ( #5812, #8221 ) ),
 .UNSPECIFIED., .F., .F., .F.,
 ( 4, 4 ),
 ( 2, 2 ),
 ( 1.000000000000000000, 2.000000000000000000 ),
 ( 0.000000000000000000, 1.000000000000000000 ),
 .UNSPECIFIED. ) ;
#7436 = ORIENTED_EDGE ( 'NONE', *, *, #7160, .T. ) ;
#7437 = PLANE ( 'NONE',  #1457 ) ;
#7438 =( NAMED_UNIT ( * ) PLANE_ANGLE_UNIT ( ) SI_UNIT ( $, .RADIAN. ) );
#7439 = ORIENTED_EDGE ( 'NONE', *, *, #5116, .F. ) ;
#7440 = ORIENTED_EDGE ( 'NONE', *, *, #12, .F. ) ;
#7441 = ORIENTED_EDGE ( 'NONE', *, *, #8153, .T. ) ;
#7442 = CARTESIAN_POINT ( 'NONE',  ( 0.8477661056752422430, 0.6890788364610238581, 0.7600000000000000089 ) ) ;
#7443 = EDGE_CURVE ( 'NONE', #6877, #446, #10247, .T. ) ;
#7444 = VERTEX_POINT ( 'NONE', #4072 ) ;
#7445 = VECTOR ( 'NONE', #3946, 1000.000000000000000 ) ;
#7446 = DIRECTION ( 'NONE',  ( -0.3416038306815827874, 0.9398440417769687860, 0.000000000000000000 ) ) ;
#7447 = FILL_AREA_STYLE ('',( #1191 ) ) ;
#7448 = DIRECTION ( 'NONE',  ( -0.000000000000000000, -0.000000000000000000, -1.000000000000000000 ) ) ;
#7449 = DIRECTION ( 'NONE',  ( -0.000000000000000000, -0.000000000000000000, -1.000000000000000000 ) ) ;
#7450 = CARTESIAN_POINT ( 'NONE',  ( 0.09617924404358400847, 0.7236185410845895616, 0.7600000000000000089 ) ) ;
#7451 = EDGE_CURVE ( 'NONE', #165, #7937, #703, .T. ) ;
#7452 = VECTOR ( 'NONE', #7109, 1000.000000000000000 ) ;
#7453 = VERTEX_POINT ( 'NONE', #1731 ) ;
#7454 = CARTESIAN_POINT ( 'NONE',  ( 0.8906720845096591788, 0.7309458760867376670, 0.7500000000000000000 ) ) ;
#7455 = CARTESIAN_POINT ( 'NONE',  ( 0.5962765017564168879, 0.7087081559898809058, 0.7500000000000000000 ) ) ;
#7456 = EDGE_LOOP ( 'NONE', ( #2637, #3884, #3260, #7333, #7759, #6186, #2155, #1759, #6185, #9945, #6743, #3871, #7723, #4118 ) ) ;
#7457 = LINE ( 'NONE', #6638, #5766 ) ;
#7458 = ADVANCED_FACE ( 'NONE', ( #4900 ), #2906, .F. ) ;
#7459 = CARTESIAN_POINT ( 'NONE',  ( 0.8927057527491721878, 0.7274974821158513016, 0.7500000000000000000 ) ) ;
#7460 = CARTESIAN_POINT ( 'NONE',  ( 0.8010801565251544076, 0.6679905810217222628, 0.7500000000000000000 ) ) ;
#7461 = CARTESIAN_POINT ( 'NONE',  ( 0.7145166258103864410, 0.7446068214348511294, 0.7600000000000000089 ) ) ;
#7462 = CARTESIAN_POINT ( 'NONE',  ( 0.6107332303283555808, 0.7102113020799839527, 0.7500000000000000000 ) ) ;
#7463 = FILL_AREA_STYLE_COLOUR ( '', #2577 ) ;
#7464 = ORIENTED_EDGE ( 'NONE', *, *, #8719, .T. ) ;
#7465 = EDGE_CURVE ( 'NONE', #3708, #8197, #9674, .T. ) ;
#7466 = FILL_AREA_STYLE_COLOUR ( '', #782 ) ;
#7467 = CARTESIAN_POINT ( 'NONE',  ( 0.8000000000000025979, -0.7509999999999975584, 0.1800000000000000211 ) ) ;
#7468 = AXIS2_PLACEMENT_3D ( 'NONE', #2478, #4285, #4812 ) ;
#7469 = ORIENTED_EDGE ( 'NONE', *, *, #10213, .F. ) ;
#7470 = LINE ( 'NONE', #3558, #242 ) ;
#7471 = CARTESIAN_POINT ( 'NONE',  ( 0.7145166258103879953, 0.6581317110782208823, 0.7500000000000000000 ) ) ;
#7472 = CARTESIAN_POINT ( 'NONE',  ( 0.5283254564504554773, 0.8620290571748723263, 0.7500000000000000000 ) ) ;
#7473 = DIRECTION ( 'NONE',  ( 0.000000000000000000, 0.000000000000000000, 1.000000000000000000 ) ) ;
#7474 = LINE ( 'NONE', #5817, #3053 ) ;
#7475 = SURFACE_STYLE_USAGE ( .BOTH. , #1169 ) ;
#7476 = AXIS2_PLACEMENT_3D ( 'NONE', #9817, #7299, #3392 ) ;
#7477 = EDGE_LOOP ( 'NONE', ( #1374, #158, #4497, #272 ) ) ;
#7478 = FACE_OUTER_BOUND ( 'NONE', #5875, .T. ) ;
#7479 = VERTEX_POINT ( 'NONE', #4797 ) ;
#7480 = FILL_AREA_STYLE ('',( #4238 ) ) ;
#7481 = CARTESIAN_POINT ( 'NONE',  ( 0.7394732719229082374, 0.8396587065408116501, 0.7500000000000000000 ) ) ;
#7482 = VECTOR ( 'NONE', #4738, 1000.000000000000000 ) ;
#7483 = VERTEX_POINT ( 'NONE', #5193 ) ;
#7484 = CARTESIAN_POINT ( 'NONE',  ( 0.5523978989807216688, 0.6948261597470143380, 0.7500000000000000000 ) ) ;
#7485 = ORIENTED_EDGE ( 'NONE', *, *, #7066, .T. ) ;
#7486 = ADVANCED_FACE ( 'NONE', ( #7364 ), #1983, .F. ) ;
#7487 = EDGE_LOOP ( 'NONE', ( #235, #2524, #6305, #2035 ) ) ;
#7488 = ORIENTED_EDGE ( 'NONE', *, *, #7838, .F. ) ;
#7489 = VERTEX_POINT ( 'NONE', #3644 ) ;
#7490 = VERTEX_POINT ( 'NONE', #5768 ) ;
#7491 = CARTESIAN_POINT ( 'NONE',  ( 0.6255878505122060007, 0.7213080570391718904, 0.7600000000000000089 ) ) ;
#7492 = COLOUR_RGB ( '',0.6666666666666666297, 0.6666666666666666297, 0.6666666666666666297 ) ;
#7493 = ORIENTED_EDGE ( 'NONE', *, *, #1892, .F. ) ;
#7494 = B_SPLINE_CURVE_WITH_KNOTS ( 'NONE', 3,
 ( #9918, #5288, #4521, #2027 ),
 .UNSPECIFIED., .F., .F.,
 ( 4, 4 ),
 ( 7.000000000000000000, 8.000000000000000000 ),
 .UNSPECIFIED. ) ;
#7495 = DIRECTION ( 'NONE',  ( 1.000000000000000000, -0.000000000000000000, -0.000000000000000000 ) ) ;
#7496 = CARTESIAN_POINT ( 'NONE',  ( 0.6556728774028761642, 0.7198933313072078954, 0.7600000000000000089 ) ) ;
#7497 = CARTESIAN_POINT ( 'NONE',  ( 0.5684240889113644224, 0.8832499431519701405, 0.7500000000000000000 ) ) ;
#7498 = CARTESIAN_POINT ( 'NONE',  ( 0.1256910405033054012, 0.8539622931460290056, 0.7500000000000000000 ) ) ;
#7499 = ORIENTED_EDGE ( 'NONE', *, *, #7313, .T. ) ;
#7500 = ADVANCED_FACE ( 'NONE', ( #4998 ), #8422, .F. ) ;
#7501 = EDGE_LOOP ( 'NONE', ( #7811, #8157 ) ) ;
#7502 = DIRECTION ( 'NONE',  ( -1.000000000000000000, 0.000000000000000000, 0.000000000000000000 ) ) ;
#7503 = CARTESIAN_POINT ( 'NONE',  ( 0.6032174998781467679, 0.7164007271566605883, 0.7600000000000000089 ) ) ;
#7504 = ORIENTED_EDGE ( 'NONE', *, *, #5415, .F. ) ;
#7505 = DIRECTION ( 'NONE',  ( -1.000000000000000000, -3.491481338843133355E-15, 0.000000000000000000 ) ) ;
#7506 = EDGE_CURVE ( 'NONE', #10223, #3131, #5242, .T. ) ;
#7507 = FILL_AREA_STYLE_COLOUR ( '', #4576 ) ;
#7508 = CARTESIAN_POINT ( 'NONE',  ( 0.8927057527491721878, 0.7274974821158513016, 0.7600000000000000089 ) ) ;
#7509 = CARTESIAN_POINT ( 'NONE',  ( 0.6263394235572565805, 0.6583085517944956555, 0.7500000000000000000 ) ) ;
#7510 = CARTESIAN_POINT ( 'NONE',  ( 0.7590583812727024204, 0.7346595311332154710, 0.7600000000000000089 ) ) ;
#7511 = CARTESIAN_POINT ( 'NONE',  ( 0.7037735522843359126, 0.8051747668278049774, 0.7500000000000000000 ) ) ;
#7512 = ORIENTED_EDGE ( 'NONE', *, *, #2846, .F. ) ;
#7513 = AXIS2_PLACEMENT_3D ( 'NONE', #8129, #1014, #2407 ) ;
#7514 = EDGE_CURVE ( 'NONE', #3778, #6393, #8123, .T. ) ;
#7515 = FACE_OUTER_BOUND ( 'NONE', #1126, .T. ) ;
#7516 = B_SPLINE_SURFACE_WITH_KNOTS ( 'NONE', 3, 1, ( 
 ( #5475, #818 ),
 ( #760, #3987 ),
 ( #5325, #4709 ),
 ( #6248, #9433 ) ),
 .UNSPECIFIED., .F., .F., .F.,
 ( 4, 4 ),
 ( 2, 2 ),
 ( 35.00000000000000000, 36.00000000000000000 ),
 ( 0.000000000000000000, 1.000000000000000000 ),
 .UNSPECIFIED. ) ;
#7517 = SURFACE_STYLE_FILL_AREA ( #9875 ) ;
#7518 =( GEOMETRIC_REPRESENTATION_CONTEXT ( 3 ) GLOBAL_UNCERTAINTY_ASSIGNED_CONTEXT ( ( #5516 ) ) GLOBAL_UNIT_ASSIGNED_CONTEXT ( ( #8012, #263, #897 ) ) REPRESENTATION_CONTEXT ( 'NONE', 'WORKASPACE' ) );
#7519 = EDGE_CURVE ( 'NONE', #2417, #2613, #3398, .T. ) ;
#7520 = CARTESIAN_POINT ( 'NONE',  ( 0.5889155069332399073, 0.8680416415352748549, 0.7500000000000000000 ) ) ;
#7521 = DIRECTION ( 'NONE',  ( 0.3658589216693859947, -0.9306703226357408987, -0.000000000000000000 ) ) ;
#7522 = LINE ( 'NONE', #431, #6701 ) ;
#7523 = CARTESIAN_POINT ( 'NONE',  ( 0.5319064809591412812, 0.6691400456786809059, 0.7500000000000000000 ) ) ;
#7524 = B_SPLINE_SURFACE_WITH_KNOTS ( 'NONE', 3, 1, ( 
 ( #3817, #3870 ),
 ( #10051, #2107 ),
 ( #6969, #3037 ),
 ( #7022, #4702 ) ),
 .UNSPECIFIED., .F., .F., .F.,
 ( 4, 4 ),
 ( 2, 2 ),
 ( 27.00000000000000000, 28.00000000000000000 ),
 ( 0.000000000000000000, 1.000000000000000000 ),
 .UNSPECIFIED. ) ;
#7525 = CARTESIAN_POINT ( 'NONE',  ( 0.03777045334268263471, 0.6885732608001106092, 0.7600000000000000089 ) ) ;
#7526 = ORIENTED_EDGE ( 'NONE', *, *, #796, .T. ) ;
#7527 = DIRECTION ( 'NONE',  ( -1.000000000000000000, -3.491481338843133355E-15, 0.000000000000000000 ) ) ;
#7528 = PRESENTATION_LAYER_ASSIGNMENT (  '', '', ( #4732 ) ) ;
#7529 = MECHANICAL_DESIGN_GEOMETRIC_PRESENTATION_REPRESENTATION (  '', ( #1749 ), #576 ) ;
#7530 = FACE_OUTER_BOUND ( 'NONE', #5728, .T. ) ;
#7531 = EDGE_LOOP ( 'NONE', ( #5940, #3737, #8029, #9701 ) ) ;
#7532 = EDGE_CURVE ( 'NONE', #4821, #334, #7630, .T. ) ;
#7533 = VERTEX_POINT ( 'NONE', #8944 ) ;
#7534 = CARTESIAN_POINT ( 'NONE',  ( 0.6483118825793947604, 0.8342650646879571363, 0.7600000000000000089 ) ) ;
#7535 = ADVANCED_FACE ( 'NONE', ( #1303 ), #1839, .F. ) ;
#7536 = ORIENTED_EDGE ( 'NONE', *, *, #6166, .T. ) ;
#7537 = PRESENTATION_LAYER_ASSIGNMENT (  '', '', ( #7047 ) ) ;
#7538 = PLANE ( 'NONE',  #1592 ) ;
#7539 = ORIENTED_EDGE ( 'NONE', *, *, #3926, .F. ) ;
#7540 = CARTESIAN_POINT ( 'NONE',  ( 0.6519371172671560855, 0.6383255508324964245, 0.7600000000000000089 ) ) ;
#7541 = B_SPLINE_CURVE_WITH_KNOTS ( 'NONE', 3,
 ( #2820, #8332, #1212, #9101 ),
 .UNSPECIFIED., .F., .F.,
 ( 4, 4 ),
 ( 17.00000000000000000, 18.00000000000000000 ),
 .UNSPECIFIED. ) ;
#7542 = ORIENTED_EDGE ( 'NONE', *, *, #6728, .T. ) ;
#7543 = CARTESIAN_POINT ( 'NONE',  ( 0.5962101864878148749, 0.6714831851716753786, 0.7500000000000000000 ) ) ;
#7544 =( GEOMETRIC_REPRESENTATION_CONTEXT ( 3 ) GLOBAL_UNCERTAINTY_ASSIGNED_CONTEXT ( ( #9912 ) ) GLOBAL_UNIT_ASSIGNED_CONTEXT ( ( #1645, #7326, #181 ) ) REPRESENTATION_CONTEXT ( 'NONE', 'WORKASPACE' ) );
#7545 = CARTESIAN_POINT ( 'NONE',  ( 0.05068188628163305953, 0.7316113158714996345, 0.7500000000000000000 ) ) ;
#7546 = ORIENTED_EDGE ( 'NONE', *, *, #2084, .T. ) ;
#7547 = ORIENTED_EDGE ( 'NONE', *, *, #2343, .F. ) ;
#7548 = ORIENTED_EDGE ( 'NONE', *, *, #9369, .T. ) ;
#7549 = CARTESIAN_POINT ( 'NONE',  ( 0.4999999999999983902, 0.4710000000000021392, 0.000000000000000000 ) ) ;
#7550 = EDGE_LOOP ( 'NONE', ( #6968, #4909, #9959, #1699 ) ) ;
#7551 = CARTESIAN_POINT ( 'NONE',  ( 0.4999999999999983902, 0.4710000000000021392, -0.02000000000000000042 ) ) ;
#7552 = FACE_OUTER_BOUND ( 'NONE', #981, .T. ) ;
#7553 = EDGE_CURVE ( 'NONE', #6624, #7942, #7306, .T. ) ;
#7554 = CARTESIAN_POINT ( 'NONE',  ( 0.6630338722260507023, 0.6470349561190323895, 0.7500000000000000000 ) ) ;
#7555 = PLANE ( 'NONE',  #2036 ) ;
#7556 = PRESENTATION_LAYER_ASSIGNMENT (  '', '', ( #3763 ) ) ;
#7557 = PLANE ( 'NONE',  #2923 ) ;
#7558 = VERTEX_POINT ( 'NONE', #6839 ) ;
#7559 = CARTESIAN_POINT ( 'NONE',  ( 0.6937378416245608692, 0.8817910072409375077, 0.7600000000000000089 ) ) ;
#7560 = FACE_OUTER_BOUND ( 'NONE', #2618, .T. ) ;
#7561 = VERTEX_POINT ( 'NONE', #6789 ) ;
#7562 = VECTOR ( 'NONE', #7527, 1000.000000000000000 ) ;
#7563 = LINE ( 'NONE', #9491, #2674 ) ;
#7564 = CARTESIAN_POINT ( 'NONE',  ( 0.3082953030864020172, 0.8342877602179995522, 0.7600000000000000089 ) ) ;
#7565 = B_SPLINE_CURVE_WITH_KNOTS ( 'NONE', 3,
 ( #5837, #5135, #1041, #6679 ),
 .UNSPECIFIED., .F., .F.,
 ( 4, 4 ),
 ( 4.000000000000000000, 5.000000000000000000 ),
 .UNSPECIFIED. ) ;
#7566 =( NAMED_UNIT ( * ) SI_UNIT ( $, .STERADIAN. ) SOLID_ANGLE_UNIT ( ) );
#7567 = CARTESIAN_POINT ( 'NONE',  ( 0.8206431607854106636, 0.6709968732013317227, 0.7500000000000000000 ) ) ;
#7568 = EDGE_CURVE ( 'NONE', #8098, #5652, #5955, .T. ) ;
#7569 = CARTESIAN_POINT ( 'NONE',  ( 0.6605802072850910367, 0.6411992124754916089, 0.7500000000000000000 ) ) ;
#7570 = LINE ( 'NONE', #6753, #3361 ) ;
#7571 = CARTESIAN_POINT ( 'NONE',  ( 0.6747495696927860998, 0.6733842228739844726, 0.7600000000000000089 ) ) ;
#7572 = VERTEX_POINT ( 'NONE', #2954 ) ;
#7573 = AXIS2_PLACEMENT_3D ( 'NONE', #7966, #4548, #587 ) ;
#7574 = CARTESIAN_POINT ( 'NONE',  ( 0.6928536380420127205, 0.7953158968843083709, 0.7600000000000000089 ) ) ;
#7575 = DIRECTION ( 'NONE',  ( -3.491481338843133355E-15, 1.000000000000000000, 0.000000000000000000 ) ) ;
#7576 =( GEOMETRIC_REPRESENTATION_CONTEXT ( 3 ) GLOBAL_UNCERTAINTY_ASSIGNED_CONTEXT ( ( #7402 ) ) GLOBAL_UNIT_ASSIGNED_CONTEXT ( ( #5596, #5753, #8884 ) ) REPRESENTATION_CONTEXT ( 'NONE', 'WORKASPACE' ) );
#7577 = CARTESIAN_POINT ( 'NONE',  ( 0.5649756949401822936, 0.7938569609732751831, 0.7600000000000000089 ) ) ;
#7578 = CARTESIAN_POINT ( 'NONE',  ( 0.5241696996132929609, 0.8239640929531815150, 0.7500000000000000000 ) ) ;
#7579 = EDGE_CURVE ( 'NONE', #6078, #833, #6136, .T. ) ;
#7580 = DIRECTION ( 'NONE',  ( 0.9409537876827147596, -0.3385350342956437997, 0.000000000000000000 ) ) ;
#7581 = CARTESIAN_POINT ( 'NONE',  ( 0.5428927104703610285, 0.6755505216507020627, 0.7500000000000000000 ) ) ;
#7582 = PRESENTATION_STYLE_ASSIGNMENT (( #8951 ) ) ;
#7583 = VECTOR ( 'NONE', #104, 1000.000000000000000 ) ;
#7584 = CARTESIAN_POINT ( 'NONE',  ( 0.3814599626998216864, 0.6854991148470219731, 0.7500000000000000000 ) ) ;
#7585 = EDGE_CURVE ( 'NONE', #2064, #6163, #4224, .T. ) ;
#7586 = DIRECTION ( 'NONE',  ( -0.000000000000000000, 0.000000000000000000, -1.000000000000000000 ) ) ;
#7587 = B_SPLINE_CURVE_WITH_KNOTS ( 'NONE', 3,
 ( #8666, #1551, #38, #7283 ),
 .UNSPECIFIED., .F., .F.,
 ( 4, 4 ),
 ( 9.000000000000000000, 10.00000000000000000 ),
 .UNSPECIFIED. ) ;
#7588 = EDGE_LOOP ( 'NONE', ( #1481, #3564, #2826, #9291, #4884, #8060 ) ) ;
#7589 = CARTESIAN_POINT ( 'NONE',  ( 0.5825934513190621500, 0.8057494991562864639, 0.7500000000000000000 ) ) ;
#7590 = EDGE_CURVE ( 'NONE', #4280, #1288, #7494, .T. ) ;
#7591 = ORIENTED_EDGE ( 'NONE', *, *, #875, .F. ) ;
#7592 = EDGE_CURVE ( 'NONE', #4958, #94, #555, .T. ) ;
#7593 = DIRECTION ( 'NONE',  ( -0.000000000000000000, -0.000000000000000000, -1.000000000000000000 ) ) ;
#7594 = EDGE_CURVE ( 'NONE', #1372, #6521, #6891, .T. ) ;
#7595 = EDGE_CURVE ( 'NONE', #7382, #9856, #8454, .T. ) ;
#7596 = EDGE_LOOP ( 'NONE', ( #4458, #9835, #9973, #7416, #1509, #4082, #4924, #2076 ) ) ;
#7597 = CARTESIAN_POINT ( 'NONE',  ( 0.5707009131360528675, 0.6781147120396300298, 0.7600000000000000089 ) ) ;
#7598 = CARTESIAN_POINT ( 'NONE',  ( 0.06605261604767731498, 0.7100922941992734438, 0.7600000000000000089 ) ) ;
#7599 = ORIENTED_EDGE ( 'NONE', *, *, #6750, .T. ) ;
#7600 = ORIENTED_EDGE ( 'NONE', *, *, #6811, .T. ) ;
#7601 = EDGE_LOOP ( 'NONE', ( #2747, #1136, #5903, #4241 ) ) ;
#7602 = LINE ( 'NONE', #6144, #262 ) ;
#7603 = FILL_AREA_STYLE_COLOUR ( '', #7808 ) ;
#7604 = CARTESIAN_POINT ( 'NONE',  ( 0.5241696996132929609, 0.8508438818575453366, 0.7500000000000000000 ) ) ;
#7605 = CARTESIAN_POINT ( 'NONE',  ( 0.8097453516326206246, 0.7953158968843052623, 0.7500000000000000000 ) ) ;
#7606 = DIRECTION ( 'NONE',  ( -2.382169989985495663E-14, 1.000000000000000000, 0.000000000000000000 ) ) ;
#7607 = UNCERTAINTY_MEASURE_WITH_UNIT (LENGTH_MEASURE( 1.000000000000000082E-05 ), #4627, 'distance_accuracy_value', 'NONE');
#7608 = EDGE_CURVE ( 'NONE', #384, #6978, #7563, .T. ) ;
#7609 = B_SPLINE_CURVE_WITH_KNOTS ( 'NONE', 3,
 ( #4728, #4532, #617, #10278 ),
 .UNSPECIFIED., .F., .F.,
 ( 4, 4 ),
 ( 10.00000000000000000, 11.00000000000000000 ),
 .UNSPECIFIED. ) ;
#7610 = ORIENTED_EDGE ( 'NONE', *, *, #7950, .F. ) ;
#7611 = CARTESIAN_POINT ( 'NONE',  ( 0.3132139319208068207, 0.7912497168735491693, 0.7500000000000000000 ) ) ;
#7612 = CARTESIAN_POINT ( 'NONE',  ( 0.5319064809591412812, 0.6746663180687393346, 0.7500000000000000000 ) ) ;
#7613 = EDGE_LOOP ( 'NONE', ( #8736, #3941, #2266, #1788 ) ) ;
#7614 = DIRECTION ( 'NONE',  ( -0.000000000000000000, -0.000000000000000000, -1.000000000000000000 ) ) ;
#7615 = CARTESIAN_POINT ( 'NONE',  ( 0.3814599626998216864, 0.6854991148470219731, 0.7600000000000000089 ) ) ;
#7616 = B_SPLINE_SURFACE_WITH_KNOTS ( 'NONE', 3, 1, ( 
 ( #6418, #1653 ),
 ( #7998, #9607 ),
 ( #9549, #8769 ),
 ( #2489, #4826 ) ),
 .UNSPECIFIED., .F., .F., .F.,
 ( 4, 4 ),
 ( 2, 2 ),
 ( 2.000000000000000000, 3.000000000000000000 ),
 ( 0.000000000000000000, 1.000000000000000000 ),
 .UNSPECIFIED. ) ;
#7617 = CARTESIAN_POINT ( 'NONE',  ( 0.5000000000000008882, -0.2809999999999986398, 0.000000000000000000 ) ) ;
#7618 = CARTESIAN_POINT ( 'NONE',  ( 0.6203268391971467066, 0.6931461729400500982, 0.7500000000000000000 ) ) ;
#7619 = DIRECTION ( 'NONE',  ( -0.000000000000000000, -0.000000000000000000, -1.000000000000000000 ) ) ;
#7620 = LINE ( 'NONE', #7733, #9158 ) ;
#7621 = ORIENTED_EDGE ( 'NONE', *, *, #3499, .F. ) ;
#7622 = CARTESIAN_POINT ( 'NONE',  ( 0.7264312690829315411, 0.8074294859626620635, 0.7500000000000000000 ) ) ;
#7623 = EDGE_CURVE ( 'NONE', #7859, #10125, #2373, .T. ) ;
#7624 = DIRECTION ( 'NONE',  ( 1.000000000000000000, 3.491481338843133355E-15, -0.000000000000000000 ) ) ;
#7625 = VECTOR ( 'NONE', #569, 1000.000000000000000 ) ;
#7626 = CARTESIAN_POINT ( 'NONE',  ( 0.6527771106706375948, 0.6290414132174785289, 0.7600000000000000089 ) ) ;
#7627 = SURFACE_STYLE_USAGE ( .BOTH. , #430 ) ;
#7628 = CARTESIAN_POINT ( 'NONE',  ( 0.1638104550136437465, 0.7408337537313613996, 0.7600000000000000089 ) ) ;
#7629 = FILL_AREA_STYLE ('',( #10082 ) ) ;
#7630 = B_SPLINE_CURVE_WITH_KNOTS ( 'NONE', 3,
 ( #1352, #6054, #6548, #3689 ),
 .UNSPECIFIED., .F., .F.,
 ( 4, 4 ),
 ( 16.00000000000000000, 17.00000000000000000 ),
 .UNSPECIFIED. ) ;
#7631 = EDGE_CURVE ( 'NONE', #4999, #4997, #8088, .T. ) ;
#7632 = DIRECTION ( 'NONE',  ( -0.000000000000000000, 0.000000000000000000, -1.000000000000000000 ) ) ;
#7633 = VERTEX_POINT ( 'NONE', #1449 ) ;
#7634 = VECTOR ( 'NONE', #5746, 1000.000000000000000 ) ;
#7635 = CARTESIAN_POINT ( 'NONE',  ( 0.5511600139656240849, 0.7213080570391718904, 0.7600000000000000089 ) ) ;
#7636 = EDGE_CURVE ( 'NONE', #8340, #8447, #3214, .T. ) ;
#7637 = CARTESIAN_POINT ( 'NONE',  ( 0.5319064809591412812, 0.6691400456786809059, 0.7500000000000000000 ) ) ;
#7638 = EDGE_LOOP ( 'NONE', ( #6733, #9841, #9167, #2750 ) ) ;
#7639 = CARTESIAN_POINT ( 'NONE',  ( 0.9303728253586537322, 0.6581317110782219926, 0.7600000000000000089 ) ) ;
#7640 = ORIENTED_EDGE ( 'NONE', *, *, #3609, .F. ) ;
#7641 =( GEOMETRIC_REPRESENTATION_CONTEXT ( 3 ) GLOBAL_UNCERTAINTY_ASSIGNED_CONTEXT ( ( #4513 ) ) GLOBAL_UNIT_ASSIGNED_CONTEXT ( ( #4386, #9155, #1365 ) ) REPRESENTATION_CONTEXT ( 'NONE', 'WORKASPACE' ) );
#7642 = EDGE_CURVE ( 'NONE', #794, #1855, #9334, .T. ) ;
#7643 = FILL_AREA_STYLE ('',( #8602 ) ) ;
#7644 = ORIENTED_EDGE ( 'NONE', *, *, #1644, .F. ) ;
#7645 = EDGE_CURVE ( 'NONE', #9008, #2372, #3785, .T. ) ;
#7646 = VECTOR ( 'NONE', #1045, 1000.000000000000000 ) ;
#7647 = ORIENTED_EDGE ( 'NONE', *, *, #7011, .F. ) ;
#7648 = CARTESIAN_POINT ( 'NONE',  ( 0.1500000000000017986, -0.4999999999999992784, -0.02000000000000000042 ) ) ;
#7649 = CARTESIAN_POINT ( 'NONE',  ( 0.6349604084856546038, 0.7185670259333802878, 0.7500000000000000000 ) ) ;
#7650 = VERTEX_POINT ( 'NONE', #6361 ) ;
#7651 = FACE_OUTER_BOUND ( 'NONE', #5542, .T. ) ;
#7652 = ORIENTED_EDGE ( 'NONE', *, *, #2198, .F. ) ;
#7653 = ADVANCED_FACE ( 'NONE', ( #8715 ), #4774, .F. ) ;
#7654 = CARTESIAN_POINT ( 'NONE',  ( 0.5440421751273264439, 0.7099902511846394315, 0.7600000000000000089 ) ) ;
#7655 = CARTESIAN_POINT ( 'NONE',  ( 0.6062237920583464224, 0.7953158968843062615, 0.7600000000000000089 ) ) ;
#7656 = CARTESIAN_POINT ( 'NONE',  ( 0.2068484866314539150, 0.6449203976461206356, 0.7600000000000000089 ) ) ;
#7657 = DIRECTION ( 'NONE',  ( -2.709813608826153565E-14, 1.000000000000000000, 0.000000000000000000 ) ) ;
#7658 = CARTESIAN_POINT ( 'NONE',  ( 0.5352664545721839140, 0.8056610787981490773, 0.7600000000000000089 ) ) ;
#7659 = ORIENTED_EDGE ( 'NONE', *, *, #5035, .F. ) ;
#7660 = ORIENTED_EDGE ( 'NONE', *, *, #1332, .T. ) ;
#7661 = CARTESIAN_POINT ( 'NONE',  ( 0.7590583812727024204, 0.7446068214348511294, 0.7600000000000000089 ) ) ;
#7662 = DIRECTION ( 'NONE',  ( -0.000000000000000000, -0.000000000000000000, -1.000000000000000000 ) ) ;
#7663 = ORIENTED_EDGE ( 'NONE', *, *, #4094, .F. ) ;
#7664 = VERTEX_POINT ( 'NONE', #5382 ) ;
#7665 = CARTESIAN_POINT ( 'NONE',  ( 0.5665893664779527716, 0.8038042512749101753, 0.7600000000000000089 ) ) ;
#7666 = CARTESIAN_POINT ( 'NONE',  ( 0.6173868622858413868, 0.8441681448105246011, 0.7500000000000000000 ) ) ;
#7667 = CARTESIAN_POINT ( 'NONE',  ( 0.5889155069332399073, 0.8095957847399702922, 0.7600000000000000089 ) ) ;
#7668 = LINE ( 'NONE', #9395, #2687 ) ;
#7669 = CARTESIAN_POINT ( 'NONE',  ( 0.1447507477583269697, 0.8090797962370152030, 0.7600000000000000089 ) ) ;
#7670 = CARTESIAN_POINT ( 'NONE',  ( 0.1527435225458242118, 0.8810147781199886285, 0.7500000000000000000 ) ) ;
#7671 = CARTESIAN_POINT ( 'NONE',  ( 0.4861931557500361323, 0.8817910072409375077, 0.7600000000000000089 ) ) ;
#7672 = AXIS2_PLACEMENT_3D ( 'NONE', #1701, #5584, #3371 ) ;
#7673 = VERTEX_POINT ( 'NONE', #7724 ) ;
#7674 = EDGE_CURVE ( 'NONE', #7421, #6624, #4569, .T. ) ;
#7675 = B_SPLINE_CURVE_WITH_KNOTS ( 'NONE', 3,
 ( #8576, #6107, #4526, #4624 ),
 .UNSPECIFIED., .F., .F.,
 ( 4, 4 ),
 ( 2.000000000000000000, 3.000000000000000000 ),
 .UNSPECIFIED. ) ;
#7676 = LINE ( 'NONE', #9501, #7746 ) ;
#7677 = EDGE_LOOP ( 'NONE', ( #6534, #3713, #3342, #8566 ) ) ;
#7678 =( NAMED_UNIT ( * ) PLANE_ANGLE_UNIT ( ) SI_UNIT ( $, .RADIAN. ) );
#7679 = VECTOR ( 'NONE', #5457, 1000.000000000000000 ) ;
#7680 = CARTESIAN_POINT ( 'NONE',  ( 0.1318393206828460673, 0.6541427885982323831, 0.7500000000000000000 ) ) ;
#7681 = CARTESIAN_POINT ( 'NONE',  ( 0.5278612495696457518, 0.8135304906812018677, 0.7500000000000000000 ) ) ;
#7682 = FACE_OUTER_BOUND ( 'NONE', #2168, .T. ) ;
#7683 = DIRECTION ( 'NONE',  ( 1.000000000000000000, -0.000000000000000000, -0.000000000000000000 ) ) ;
#7684 = EDGE_CURVE ( 'NONE', #77, #9281, #8571, .T. ) ;
#7685 = ORIENTED_EDGE ( 'NONE', *, *, #7465, .T. ) ;
#7686 = CARTESIAN_POINT ( 'NONE',  ( 0.8015885735850307725, 0.7346595311332154710, 0.7500000000000000000 ) ) ;
#7687 = MECHANICAL_DESIGN_GEOMETRIC_PRESENTATION_REPRESENTATION (  '', ( #3600 ), #2398 ) ;
#7688 = VECTOR ( 'NONE', #4904, 1000.000000000000000 ) ;
#7689 = SURFACE_STYLE_FILL_AREA ( #8596 ) ;
#7690 = ORIENTED_EDGE ( 'NONE', *, *, #9588, .F. ) ;
#7691 = CARTESIAN_POINT ( 'NONE',  ( 0.6527329004912759691, 0.8051747668278049774, 0.7600000000000000089 ) ) ;
#7692 = VERTEX_POINT ( 'NONE', #3995 ) ;
#7693 =( LENGTH_UNIT ( ) NAMED_UNIT ( * ) SI_UNIT ( .MILLI., .METRE. ) );
#7694 = EDGE_CURVE ( 'NONE', #7572, #2593, #5334, .T. ) ;
#7695 = SURFACE_STYLE_FILL_AREA ( #7643 ) ;
#7696 = AXIS2_PLACEMENT_3D ( 'NONE', #3896, #7045, #3111 ) ;
#7697 = ORIENTED_EDGE ( 'NONE', *, *, #305, .T. ) ;
#7698 = B_SPLINE_CURVE_WITH_KNOTS ( 'NONE', 3,
 ( #8971, #9704, #4357, #1861 ),
 .UNSPECIFIED., .F., .F.,
 ( 4, 4 ),
 ( 1.000000000000000000, 2.000000000000000000 ),
 .UNSPECIFIED. ) ;
#7699 = B_SPLINE_SURFACE_WITH_KNOTS ( 'NONE', 3, 1, ( 
 ( #1384, #2891 ),
 ( #7709, #9176 ),
 ( #10101, #1293 ),
 ( #5279, #10155 ) ),
 .UNSPECIFIED., .F., .F., .F.,
 ( 4, 4 ),
 ( 2, 2 ),
 ( 9.000000000000000000, 10.00000000000000000 ),
 ( 0.000000000000000000, 1.000000000000000000 ),
 .UNSPECIFIED. ) ;
#7700 = ORIENTED_EDGE ( 'NONE', *, *, #10027, .F. ) ;
#7701 = DIRECTION ( 'NONE',  ( -0.3385350342956437997, -0.9409537876827147596, 0.000000000000000000 ) ) ;
#7702 = EDGE_CURVE ( 'NONE', #8455, #705, #6256, .T. ) ;
#7703 = DIRECTION ( 'NONE',  ( -1.000000000000000000, -3.491481338843133355E-15, 0.000000000000000000 ) ) ;
#7704 = STYLED_ITEM ( 'NONE', ( #8141 ), #3408 ) ;
#7705 = ORIENTED_EDGE ( 'NONE', *, *, #8011, .F. ) ;
#7706 = VECTOR ( 'NONE', #2609, 1000.000000000000000 ) ;
#7707 = FILL_AREA_STYLE_COLOUR ( '', #400 ) ;
#7708 = EDGE_LOOP ( 'NONE', ( #3188, #9426, #5033, #5202 ) ) ;
#7709 = CARTESIAN_POINT ( 'NONE',  ( 0.09494956924428082923, 0.6344682967144802399, 0.7600000000000000089 ) ) ;
#7710 = CARTESIAN_POINT ( 'NONE',  ( 0.6074395719839118524, 0.7041987177201679549, 0.7600000000000000089 ) ) ;
#7711 = EDGE_CURVE ( 'NONE', #9327, #5716, #10112, .T. ) ;
#7712 = CARTESIAN_POINT ( 'NONE',  ( 0.1115499738093310850, 0.8551919503543360390, 0.7600000000000000089 ) ) ;
#7713 = CARTESIAN_POINT ( 'NONE',  ( 0.8347241028346763514, 0.6702453001565782387, 0.7600000000000000089 ) ) ;
#7714 = CARTESIAN_POINT ( 'NONE',  ( 0.3962158726569152689, 0.7014846644220150695, 0.7600000000000000089 ) ) ;
#7715 = PRESENTATION_LAYER_ASSIGNMENT (  '', '', ( #8555 ) ) ;
#7716 = PRESENTATION_LAYER_ASSIGNMENT (  '', '', ( #9383 ) ) ;
#7717 = VERTEX_POINT ( 'NONE', #3834 ) ;
#7718 = DIRECTION ( 'NONE',  ( -0.000000000000000000, -0.000000000000000000, -1.000000000000000000 ) ) ;
#7719 = EDGE_CURVE ( 'NONE', #1138, #2022, #10166, .T. ) ;
#7720 = LINE ( 'NONE', #8713, #5029 ) ;
#7721 = ORIENTED_EDGE ( 'NONE', *, *, #7964, .F. ) ;
#7722 = B_SPLINE_CURVE_WITH_KNOTS ( 'NONE', 3,
 ( #8730, #7155, #5451, #9507 ),
 .UNSPECIFIED., .F., .F.,
 ( 4, 4 ),
 ( 3.000000000000000000, 4.000000000000000000 ),
 .UNSPECIFIED. ) ;
#7723 = ORIENTED_EDGE ( 'NONE', *, *, #3966, .T. ) ;
#7724 = CARTESIAN_POINT ( 'NONE',  ( 0.1500000000000026867, -0.7509999999999997788, -0.02000000000000000042 ) ) ;
#7725 = CARTESIAN_POINT ( 'NONE',  ( 0.5707009131360528675, 0.6891230466406785826, 0.7600000000000000089 ) ) ;
#7726 = VERTEX_POINT ( 'NONE', #8665 ) ;
#7727 = STYLED_ITEM ( 'NONE', ( #777 ), #3770 ) ;
#7728 =( LENGTH_UNIT ( ) NAMED_UNIT ( * ) SI_UNIT ( .MILLI., .METRE. ) );
#7729 =( LENGTH_UNIT ( ) NAMED_UNIT ( * ) SI_UNIT ( .MILLI., .METRE. ) );
#7730 = B_SPLINE_CURVE_WITH_KNOTS ( 'NONE', 3,
 ( #1369, #6075, #2872, #4538 ),
 .UNSPECIFIED., .F., .F.,
 ( 4, 4 ),
 ( 24.00000000000000000, 25.00000000000000000 ),
 .UNSPECIFIED. ) ;
#7731 = CARTESIAN_POINT ( 'NONE',  ( 0.1564324883081601447, 0.8435101980778596520, 0.7500000000000000000 ) ) ;
#7732 = EDGE_CURVE ( 'NONE', #3496, #3766, #9070, .T. ) ;
#7733 = CARTESIAN_POINT ( 'NONE',  ( 0.7566047163314477686, 0.6970808788818703139, 0.7500000000000000000 ) ) ;
#7734 = CARTESIAN_POINT ( 'NONE',  ( 0.08695678859331436306, 0.6590614643403862605, 0.7600000000000000089 ) ) ;
#7735 = ORIENTED_EDGE ( 'NONE', *, *, #5871, .T. ) ;
#7736 = LINE ( 'NONE', #6162, #7396 ) ;
#7737 =( GEOMETRIC_REPRESENTATION_CONTEXT ( 3 ) GLOBAL_UNCERTAINTY_ASSIGNED_CONTEXT ( ( #3683 ) ) GLOBAL_UNIT_ASSIGNED_CONTEXT ( ( #5828, #5171, #5123 ) ) REPRESENTATION_CONTEXT ( 'NONE', 'WORKASPACE' ) );
#7738 = EDGE_CURVE ( 'NONE', #3072, #5333, #7840, .T. ) ;
#7739 = EDGE_CURVE ( 'NONE', #6232, #1670, #3052, .T. ) ;
#7740 = ORIENTED_EDGE ( 'NONE', *, *, #1957, .F. ) ;
#7741 = PRESENTATION_STYLE_ASSIGNMENT (( #6947 ) ) ;
#7742 = VERTEX_POINT ( 'NONE', #3104 ) ;
#7743 = LINE ( 'NONE', #5348, #6032 ) ;
#7744 = CARTESIAN_POINT ( 'NONE',  ( 0.6129216341946075453, 0.7117586583491514185, 0.7500000000000000000 ) ) ;
#7745 =( NAMED_UNIT ( * ) PLANE_ANGLE_UNIT ( ) SI_UNIT ( $, .RADIAN. ) );
#7746 = VECTOR ( 'NONE', #3846, 1000.000000000000000 ) ;
#7747 = CARTESIAN_POINT ( 'NONE',  ( 0.2941542129388484694, 0.6953363725158325792, 0.7600000000000000089 ) ) ;
#7748 = CARTESIAN_POINT ( 'NONE',  ( 0.6085448264621005077, 0.7087081559898809058, 0.7500000000000000000 ) ) ;
#7749 = VECTOR ( 'NONE', #5901, 1000.000000000000000 ) ;
#7750 = EDGE_LOOP ( 'NONE', ( #1230, #6242, #4725, #4791 ) ) ;
#7751 = CARTESIAN_POINT ( 'NONE',  ( -0.5000000000000034417, 1.000999999999998558, 0.1800000000000000211 ) ) ;
#7752 = VERTEX_POINT ( 'NONE', #3160 ) ;
#7753 = CARTESIAN_POINT ( 'NONE',  ( 0.5387148485433690404, 0.8190125528921947673, 0.7500000000000000000 ) ) ;
#7754 = ORIENTED_EDGE ( 'NONE', *, *, #6462, .F. ) ;
#7755 = DIRECTION ( 'NONE',  ( 0.000000000000000000, -1.000000000000000000, 0.000000000000000000 ) ) ;
#7756 = CARTESIAN_POINT ( 'NONE',  ( 0.9092182546501600404, 0.6817841569064504448, 0.7500000000000000000 ) ) ;
#7757 = VECTOR ( 'NONE', #797, 1000.000000000000114 ) ;
#7758 = CARTESIAN_POINT ( 'NONE',  ( 0.5195718409848524288, 0.7346595311332124734, 0.7600000000000000089 ) ) ;
#7759 = ORIENTED_EDGE ( 'NONE', *, *, #9237, .T. ) ;
#7760 = EDGE_CURVE ( 'NONE', #7189, #5421, #8923, .T. ) ;
#7761 = CARTESIAN_POINT ( 'NONE',  ( 0.1447507360313918801, 0.6541427885982323831, 0.7600000000000000089 ) ) ;
#7762 = VECTOR ( 'NONE', #8886, 1000.000000000000000 ) ;
#7763 = ORIENTED_EDGE ( 'NONE', *, *, #6073, .F. ) ;
#7764 = LINE ( 'NONE', #3039, #3402 ) ;
#7765 = CARTESIAN_POINT ( 'NONE',  ( 0.5358853970800290245, 0.8375808281222277829, 0.7600000000000000089 ) ) ;
#7766 = PLANE ( 'NONE',  #1683 ) ;
#7767 = CARTESIAN_POINT ( 'NONE',  ( 0.1453655675675734060, 0.6172530840677115105, 0.7600000000000000089 ) ) ;
#7768 = CARTESIAN_POINT ( 'NONE',  ( 0.02117006636774033945, 0.7070181130653697688, 0.7600000000000000089 ) ) ;
#7769 = CARTESIAN_POINT ( 'NONE',  ( 0.4999999999999964473, 1.001000000000002110, 0.1800000000000000211 ) ) ;
#7770 = ORIENTED_EDGE ( 'NONE', *, *, #6386, .F. ) ;
#7771 = DIRECTION ( 'NONE',  ( 1.000000000000000000, 3.491481338843133355E-15, 0.000000000000000000 ) ) ;
#7772 = EDGE_LOOP ( 'NONE', ( #6151, #3047, #4056, #3643 ) ) ;
#7773 = ADVANCED_FACE ( 'NONE', ( #4099 ), #8818, .T. ) ;
#7774 = CARTESIAN_POINT ( 'NONE',  ( 0.7256796960381769468, 0.6970808788818703139, 0.7600000000000000089 ) ) ;
#7775 = ORIENTED_EDGE ( 'NONE', *, *, #5237, .T. ) ;
#7776 = CARTESIAN_POINT ( 'NONE',  ( 0.6078595686856549385, 0.7196722804118629302, 0.7500000000000000000 ) ) ;
#7777 = CARTESIAN_POINT ( 'NONE',  ( 0.3667040761971913643, 0.6695135652720252128, 0.7600000000000000089 ) ) ;
#7778 = CARTESIAN_POINT ( 'NONE',  ( 0.6928536380420127205, 0.7953158968843083709, 0.7600000000000000089 ) ) ;
#7779 = DIRECTION ( 'NONE',  ( -1.000000000000000000, -3.491481338843133355E-15, 0.000000000000000000 ) ) ;
#7780 = PLANE ( 'NONE',  #5369 ) ;
#7781 = LINE ( 'NONE', #9497, #4186 ) ;
#7782 = EDGE_CURVE ( 'NONE', #1381, #10223, #9753, .T. ) ;
#7783 = VERTEX_POINT ( 'NONE', #8870 ) ;
#7784 = LINE ( 'NONE', #1560, #4928 ) ;
#7785 = ORIENTED_EDGE ( 'NONE', *, *, #2161, .F. ) ;
#7786 = EDGE_CURVE ( 'NONE', #996, #2963, #935, .T. ) ;
#7787 = CARTESIAN_POINT ( 'NONE',  ( 0.1453655792945113823, 0.7408337537313613996, 0.7600000000000000089 ) ) ;
#7788 = ORIENTED_EDGE ( 'NONE', *, *, #4416, .T. ) ;
#7789 = CARTESIAN_POINT ( 'NONE',  ( 0.5000000000000034417, -1.000999999999998558, 0.1800000000000000211 ) ) ;
#7790 = CARTESIAN_POINT ( 'NONE',  ( 0.9999999999999965583, 1.000000000000003997, 0.7500000000000000000 ) ) ;
#7791 = LINE ( 'NONE', #4737, #6189 ) ;
#7792 = VECTOR ( 'NONE', #4705, 999.9999999999998863 ) ;
#7793 = CARTESIAN_POINT ( 'NONE',  ( 0.3814599626998216864, 0.6854991148470219731, 0.7600000000000000089 ) ) ;
#7794 = EDGE_CURVE ( 'NONE', #6667, #3197, #9199, .T. ) ;
#7795 = SURFACE_STYLE_USAGE ( .BOTH. , #4637 ) ;
#7796 = ORIENTED_EDGE ( 'NONE', *, *, #9369, .F. ) ;
#7797 = ORIENTED_EDGE ( 'NONE', *, *, #6255, .F. ) ;
#7798 = CARTESIAN_POINT ( 'NONE',  ( 0.6107332303283555808, 0.7102113020799839527, 0.7500000000000000000 ) ) ;
#7799 = VECTOR ( 'NONE', #4075, 1000.000000000000000 ) ;
#7800 = EDGE_LOOP ( 'NONE', ( #5098, #1282, #8407, #2511 ) ) ;
#7801 = PRESENTATION_STYLE_ASSIGNMENT (( #578 ) ) ;
#7802 = EDGE_LOOP ( 'NONE', ( #3868, #9620, #9322, #1860, #7104, #8879, #4289, #1274, #125, #8778, #5126, #3620 ) ) ;
#7803 = LINE ( 'NONE', #683, #4163 ) ;
#7804 = ORIENTED_EDGE ( 'NONE', *, *, #2889, .T. ) ;
#7805 = EDGE_CURVE ( 'NONE', #9837, #7859, #6471, .T. ) ;
#7806 = CARTESIAN_POINT ( 'NONE',  ( 0.5000000000000034417, -1.000999999999998558, 0.1800000000000000211 ) ) ;
#7807 = CARTESIAN_POINT ( 'NONE',  ( 0.7566047163314419954, 0.7953158968843083709, 0.7600000000000000089 ) ) ;
#7808 = COLOUR_RGB ( '',0.6666666666666666297, 0.6666666666666666297, 0.6666666666666666297 ) ;
#7809 = ORIENTED_EDGE ( 'NONE', *, *, #5063, .F. ) ;
#7810 = PLANE ( 'NONE',  #5904 ) ;
#7811 = ORIENTED_EDGE ( 'NONE', *, *, #3623, .F. ) ;
#7812 = CARTESIAN_POINT ( 'NONE',  ( 0.2714055516484271124, 0.6873435742744616883, 0.7500000000000000000 ) ) ;
#7813 = VECTOR ( 'NONE', #1116, 1000.000000000000000 ) ;
#7814 = ORIENTED_EDGE ( 'NONE', *, *, #3015, .F. ) ;
#7815 =( NAMED_UNIT ( * ) PLANE_ANGLE_UNIT ( ) SI_UNIT ( $, .RADIAN. ) );
#7816 = CARTESIAN_POINT ( 'NONE',  ( -0.7081802701769347452, -0.6148992480723534104, 0.7299999999999999822 ) ) ;
#7817 = ORIENTED_EDGE ( 'NONE', *, *, #6784, .T. ) ;
#7818 = CARTESIAN_POINT ( 'NONE',  ( 0.5440421751273264439, 0.7099902511846394315, 0.7500000000000000000 ) ) ;
#7819 = CARTESIAN_POINT ( 'NONE',  ( 0.7184955419312778480, 0.8141936433678232943, 0.7600000000000000089 ) ) ;
#7820 = LINE ( 'NONE', #700, #2237 ) ;
#7821 = FACE_OUTER_BOUND ( 'NONE', #7227, .T. ) ;
#7822 = LINE ( 'NONE', #6097, #9217 ) ;
#7823 = EDGE_CURVE ( 'NONE', #5641, #5117, #280, .T. ) ;
#7824 = AXIS2_PLACEMENT_3D ( 'NONE', #249, #2654, #8105 ) ;
#7825 = ORIENTED_EDGE ( 'NONE', *, *, #9887, .F. ) ;
#7826 = CARTESIAN_POINT ( 'NONE',  ( 0.8347241028346763514, 0.6702453001565782387, 0.7500000000000000000 ) ) ;
#7827 = CARTESIAN_POINT ( 'NONE',  ( 0.6736443152143070101, 0.6695379372908891735, 0.7500000000000000000 ) ) ;
#7828 = ORIENTED_EDGE ( 'NONE', *, *, #525, .F. ) ;
#7829 = VERTEX_POINT ( 'NONE', #1038 ) ;
#7830 = CARTESIAN_POINT ( 'NONE',  ( 0.5707009131360528675, 0.6831988826384144398, 0.7600000000000000089 ) ) ;
#7831 = CARTESIAN_POINT ( 'NONE',  ( 0.1189279170609406494, 0.7408337537313613996, 0.7600000000000000089 ) ) ;
#7832 = ORIENTED_EDGE ( 'NONE', *, *, #8776, .F. ) ;
#7833 = AXIS2_PLACEMENT_3D ( 'NONE', #871, #7181, #2480 ) ;
#7834 = CARTESIAN_POINT ( 'NONE',  ( 2.622102485471194207E-15, -0.7510000000000003340, 0.000000000000000000 ) ) ;
#7835 = FACE_OUTER_BOUND ( 'NONE', #9999, .T. ) ;
#7836 = LINE ( 'NONE', #3004, #8703 ) ;
#7837 = CARTESIAN_POINT ( 'NONE',  ( 0.1453655675675734060, 0.6172530840677115105, 0.7500000000000000000 ) ) ;
#7838 = EDGE_CURVE ( 'NONE', #1019, #1235, #8047, .T. ) ;
#7839 = ORIENTED_EDGE ( 'NONE', *, *, #7631, .T. ) ;
#7840 = B_SPLINE_CURVE_WITH_KNOTS ( 'NONE', 3,
 ( #1550, #4670, #10270, #3890 ),
 .UNSPECIFIED., .F., .F.,
 ( 4, 4 ),
 ( 5.000000000000000000, 6.000000000000000000 ),
 .UNSPECIFIED. ) ;
#7841 = LINE ( 'NONE', #6993, #6748 ) ;
#7842 = CARTESIAN_POINT ( 'NONE',  ( 0.1638104550136437465, 0.7408337537313613996, 0.7600000000000000089 ) ) ;
#7843 = ADVANCED_FACE ( 'NONE', ( #3430 ), #2562, .F. ) ;
#7844 = DIRECTION ( 'NONE',  ( 0.000000000000000000, 0.000000000000000000, -1.000000000000000000 ) ) ;
#7845 = CARTESIAN_POINT ( 'NONE',  ( 0.4861931557500361323, 0.7346595311332124734, 0.7600000000000000089 ) ) ;
#7846 = CARTESIAN_POINT ( 'NONE',  ( 0.8477661056752422430, 0.7024745207341381859, 0.7500000000000000000 ) ) ;
#7847 = B_SPLINE_CURVE_WITH_KNOTS ( 'NONE', 3,
 ( #2587, #819, #5734, #1808 ),
 .UNSPECIFIED., .F., .F.,
 ( 4, 4 ),
 ( 6.000000000000000000, 7.000000000000000000 ),
 .UNSPECIFIED. ) ;
#7848 = AXIS2_PLACEMENT_3D ( 'NONE', #4144, #34, #3212 ) ;
#7849 = DIRECTION ( 'NONE',  ( -0.000000000000000000, -1.000000000000000000, -0.000000000000000000 ) ) ;
#7850 = LINE ( 'NONE', #54, #686 ) ;
#7851 = DIRECTION ( 'NONE',  ( 3.491481338843133355E-15, -1.000000000000000000, -0.000000000000000000 ) ) ;
#7852 = ADVANCED_FACE ( 'NONE', ( #4925 ), #3983, .T. ) ;
#7853 = ORIENTED_EDGE ( 'NONE', *, *, #5130, .F. ) ;
#7854 = FACE_OUTER_BOUND ( 'NONE', #2184, .T. ) ;
#7855 = STYLED_ITEM ( 'NONE', ( #8699 ), #7148 ) ;
#7856 = EDGE_CURVE ( 'NONE', #8051, #1211, #9532, .T. ) ;
#7857 = ORIENTED_EDGE ( 'NONE', *, *, #7409, .T. ) ;
#7858 = CARTESIAN_POINT ( 'NONE',  ( 0.7264312690829315411, 0.8074294859626620635, 0.7600000000000000089 ) ) ;
#7859 = VERTEX_POINT ( 'NONE', #6241 ) ;
#7860 = DIRECTION ( 'NONE',  ( -1.000000000000000000, 0.000000000000000000, 0.000000000000000000 ) ) ;
#7861 = ORIENTED_EDGE ( 'NONE', *, *, #8776, .T. ) ;
#7862 = CARTESIAN_POINT ( 'NONE',  ( 0.6318656959473176737, 0.6878851616249908041, 0.7600000000000000089 ) ) ;
#7863 = B_SPLINE_CURVE_WITH_KNOTS ( 'NONE', 3,
 ( #437, #5976, #3563, #7584 ),
 .UNSPECIFIED., .F., .F.,
 ( 4, 4 ),
 ( 33.00000000000000000, 34.00000000000000000 ),
 .UNSPECIFIED. ) ;
#7864 = LINE ( 'NONE', #5566, #9213 ) ;
#7865 = CARTESIAN_POINT ( 'NONE',  ( 0.8267883756830199937, 0.6770094575617373600, 0.7600000000000000089 ) ) ;
#7866 = PRESENTATION_LAYER_ASSIGNMENT (  '', '', ( #2067 ) ) ;
#7867 = ORIENTED_EDGE ( 'NONE', *, *, #8952, .F. ) ;
#7868 = ADVANCED_FACE ( 'NONE', ( #8702 ), #4860, .F. ) ;
#7869 = EDGE_CURVE ( 'NONE', #4139, #6188, #7129, .T. ) ;
#7870 = FILL_AREA_STYLE ('',( #3722 ) ) ;
#7871 = ORIENTED_EDGE ( 'NONE', *, *, #7388, .T. ) ;
#7872 =( NAMED_UNIT ( * ) SI_UNIT ( $, .STERADIAN. ) SOLID_ANGLE_UNIT ( ) );
#7873 = EDGE_CURVE ( 'NONE', #697, #9998, #6456, .T. ) ;
#7874 = COLOUR_RGB ( '',0.6666666666666666297, 0.6666666666666666297, 0.6666666666666666297 ) ;
#7875 = CARTESIAN_POINT ( 'NONE',  ( 0.9092182546501599294, 0.6817841569064504448, 0.7600000000000000089 ) ) ;
#7876 = FACE_OUTER_BOUND ( 'NONE', #9694, .T. ) ;
#7877 = VECTOR ( 'NONE', #2722, 1000.000000000000000 ) ;
#7878 = CARTESIAN_POINT ( 'NONE',  ( 0.2271378452316094032, 0.8681033657031786976, 0.7500000000000000000 ) ) ;
#7879 = CARTESIAN_POINT ( 'NONE',  ( 0.7813845217276892408, 0.8646816679219360147, 0.7600000000000000089 ) ) ;
#7880 = PLANE ( 'NONE',  #9494 ) ;
#7881 = ORIENTED_EDGE ( 'NONE', *, *, #2978, .F. ) ;
#7882 = CARTESIAN_POINT ( 'NONE',  ( 0.3814599626998216864, 0.6854991148470219731, 0.7500000000000000000 ) ) ;
#7883 = EDGE_LOOP ( 'NONE', ( #9520, #750, #2939, #9333 ) ) ;
#7884 = CARTESIAN_POINT ( 'NONE',  ( 0.5379411704087839752, 0.7050387111230599357, 0.7500000000000000000 ) ) ;
#7885 = COLOUR_RGB ( '',0.6666666666666666297, 0.6666666666666666297, 0.6666666666666666297 ) ;
#7886 = VECTOR ( 'NONE', #1256, 1000.000000000000114 ) ;
#7887 = FACE_OUTER_BOUND ( 'NONE', #3323, .T. ) ;
#7888 = ORIENTED_EDGE ( 'NONE', *, *, #5853, .T. ) ;
#7889 = CARTESIAN_POINT ( 'NONE',  ( 0.6032174998781467679, 0.7164007271566605883, 0.7500000000000000000 ) ) ;
#7890 = CARTESIAN_POINT ( 'NONE',  ( 0.1164686026437385113, 0.8551919503543360390, 0.7500000000000000000 ) ) ;
#7891 = EDGE_CURVE ( 'NONE', #5769, #7483, #3382, .T. ) ;
#7892 = CARTESIAN_POINT ( 'NONE',  ( 0.7264312690829315411, 0.8703405708492010229, 0.7600000000000000089 ) ) ;
#7893 =( NAMED_UNIT ( * ) PLANE_ANGLE_UNIT ( ) SI_UNIT ( $, .RADIAN. ) );
#7894 = CARTESIAN_POINT ( 'NONE',  ( 0.5707009131360528675, 0.6831988826384144398, 0.7500000000000000000 ) ) ;
#7895 = CARTESIAN_POINT ( 'NONE',  ( 0.01194762850846879318, 0.7820272790136842955, 0.7600000000000000089 ) ) ;
#7896 = VECTOR ( 'NONE', #8411, 1000.000000000000000 ) ;
#7897 = DIRECTION ( 'NONE',  ( -1.000000000000000000, -0.000000000000000000, -0.000000000000000000 ) ) ;
#7898 = VERTEX_POINT ( 'NONE', #5468 ) ;
#7899 = DIRECTION ( 'NONE',  ( 0.9306703226357408987, 0.3658589216693860502, -0.000000000000000000 ) ) ;
#7900 = FACE_OUTER_BOUND ( 'NONE', #8245, .T. ) ;
#7901 = ORIENTED_EDGE ( 'NONE', *, *, #5863, .T. ) ;
#7902 = VECTOR ( 'NONE', #5949, 1000.000000000000000 ) ;
#7903 = CARTESIAN_POINT ( 'NONE',  ( 0.1576621513802323737, 0.7020994842309644657, 0.7600000000000000089 ) ) ;
#7904 = ADVANCED_FACE ( 'NONE', ( #10206 ), #695, .T. ) ;
#7905 = CARTESIAN_POINT ( 'NONE',  ( 0.1207723999419626909, 0.6645948895298708914, 0.7500000000000000000 ) ) ;
#7906 = CARTESIAN_POINT ( 'NONE',  ( 0.6107332303283555808, 0.7102113020799839527, 0.7500000000000000000 ) ) ;
#7907 = CARTESIAN_POINT ( 'NONE',  ( 0.01194762850846879318, 0.7555896285076423302, 0.7500000000000000000 ) ) ;
#7908 = CARTESIAN_POINT ( 'NONE',  ( 0.5962101864878148749, 0.6602980098549425803, 0.7600000000000000089 ) ) ;
#7909 =( LENGTH_UNIT ( ) NAMED_UNIT ( * ) SI_UNIT ( .MILLI., .METRE. ) );
#7910 = ORIENTED_EDGE ( 'NONE', *, *, #3843, .T. ) ;
#7911 = VECTOR ( 'NONE', #4764, 1000.000000000000000 ) ;
#7912 = CARTESIAN_POINT ( 'NONE',  ( 0.5206328852839724464, 0.8051747668278049774, 0.7600000000000000089 ) ) ;
#7913 = FACE_OUTER_BOUND ( 'NONE', #10091, .T. ) ;
#7914 = ORIENTED_EDGE ( 'NONE', *, *, #305, .F. ) ;
#7916 = ADVANCED_FACE ( 'NONE', ( #8804 ), #7341, .F. ) ;
#7915 = CARTESIAN_POINT ( 'NONE',  ( 0.1453655675675734060, 0.6172530840677115105, 0.7500000000000000000 ) ) ;
#7917 = VECTOR ( 'NONE', #1727, 1000.000000000000000 ) ;
#7918 = EDGE_LOOP ( 'NONE', ( #1848, #5141, #6716, #3432 ) ) ;
#7919 = DIRECTION ( 'NONE',  ( -0.000000000000000000, 1.000000000000000000, -0.000000000000000000 ) ) ;
#7920 = ORIENTED_EDGE ( 'NONE', *, *, #1484, .F. ) ;
#7921 = CARTESIAN_POINT ( 'NONE',  ( 0.6349604084856546038, 0.7080450033032648083, 0.7600000000000000089 ) ) ;
#7922 = CARTESIAN_POINT ( 'NONE',  ( 0.3962158726569152689, 0.7014846644220150695, 0.7500000000000000000 ) ) ;
#7923 = ADVANCED_FACE ( 'NONE', ( #4653 ), #7024, .F. ) ;
#7924 = VECTOR ( 'NONE', #7718, 1000.000000000000000 ) ;
#7925 = CARTESIAN_POINT ( 'NONE',  ( -0.8000000000000025979, 0.7509999999999975584, -0.02000000000000000042 ) ) ;
#7926 = EDGE_LOOP ( 'NONE', ( #3477, #5821, #4407, #7599 ) ) ;
#7927 = DIRECTION ( 'NONE',  ( -0.000000000000000000, -1.000000000000000000, -0.000000000000000000 ) ) ;
#7928 = ORIENTED_EDGE ( 'NONE', *, *, #5111, .T. ) ;
#7929 = CARTESIAN_POINT ( 'NONE',  ( 0.6718095927811911228, 0.6734726432321217482, 0.7600000000000000089 ) ) ;
#7930 = CARTESIAN_POINT ( 'NONE',  ( 0.4861931557500361323, 0.7346595311332124734, 0.7600000000000000089 ) ) ;
#7931 = CARTESIAN_POINT ( 'NONE',  ( 0.9303728253586537322, 0.6581317110782219926, 0.7600000000000000089 ) ) ;
#7932 = FACE_OUTER_BOUND ( 'NONE', #9895, .T. ) ;
#7933 =( NAMED_UNIT ( * ) SI_UNIT ( $, .STERADIAN. ) SOLID_ANGLE_UNIT ( ) );
#7934 = EDGE_CURVE ( 'NONE', #5559, #4821, #5224, .T. ) ;
#7935 = EDGE_CURVE ( 'NONE', #7533, #3213, #227, .T. ) ;
#7936 = LINE ( 'NONE', #6410, #771 ) ;
#7937 = VERTEX_POINT ( 'NONE', #7383 ) ;
#7938 = DIRECTION ( 'NONE',  ( 1.000000000000000000, -0.000000000000000000, -0.000000000000000000 ) ) ;
#7939 = VECTOR ( 'NONE', #6985, 1000.000000000000000 ) ;
#7940 = LINE ( 'NONE', #2484, #1889 ) ;
#7941 = ORIENTED_EDGE ( 'NONE', *, *, #9556, .F. ) ;
#7942 = VERTEX_POINT ( 'NONE', #8240 ) ;
#7943 = ORIENTED_EDGE ( 'NONE', *, *, #1263, .F. ) ;
#7944 = DIRECTION ( 'NONE',  ( 0.000000000000000000, -1.000000000000000000, 0.000000000000000000 ) ) ;
#7945 = CARTESIAN_POINT ( 'NONE',  ( 0.5592062665652461906, 0.7213080570391718904, 0.7500000000000000000 ) ) ;
#7946 = LINE ( 'NONE', #828, #5049 ) ;
#7947 = CARTESIAN_POINT ( 'NONE',  ( 0.1564324883081601447, 0.8435101980778596520, 0.7600000000000000089 ) ) ;
#7948 = CARTESIAN_POINT ( 'NONE',  ( 0.5581894324454893530, 0.7125102313944980947, 0.7600000000000000089 ) ) ;
#7949 = CARTESIAN_POINT ( 'NONE',  ( 0.6225373481532305853, 0.6655148109909306831, 0.7500000000000000000 ) ) ;
#7950 = EDGE_CURVE ( 'NONE', #7040, #47, #1803, .T. ) ;
#7951 = B_SPLINE_SURFACE_WITH_KNOTS ( 'NONE', 3, 1, ( 
 ( #9149, #2716 ),
 ( #9773, #1207 ),
 ( #9094, #2669 ),
 ( #5856, #1106 ) ),
 .UNSPECIFIED., .F., .F., .F.,
 ( 4, 4 ),
 ( 2, 2 ),
 ( 5.000000000000000000, 6.000000000000000000 ),
 ( 0.000000000000000000, 1.000000000000000000 ),
 .UNSPECIFIED. ) ;
#7952 = FACE_OUTER_BOUND ( 'NONE', #6385, .T. ) ;
#7953 = ORIENTED_EDGE ( 'NONE', *, *, #2367, .F. ) ;
#7954 = FACE_OUTER_BOUND ( 'NONE', #9026, .T. ) ;
#7955 = B_SPLINE_CURVE_WITH_KNOTS ( 'NONE', 3,
 ( #4129, #7267, #8180, #756 ),
 .UNSPECIFIED., .F., .F.,
 ( 4, 4 ),
 ( 16.00000000000000000, 17.00000000000000000 ),
 .UNSPECIFIED. ) ;
#7956 = CARTESIAN_POINT ( 'NONE',  ( 0.1804108478514654668, 0.7328409789438632416, 0.7500000000000000000 ) ) ;
#7957 = DIRECTION ( 'NONE',  ( 0.000000000000000000, 0.000000000000000000, 1.000000000000000000 ) ) ;
#7958 = CARTESIAN_POINT ( 'NONE',  ( -0.7081802701769344122, -0.7148992480723534992, 0.7299999999999999822 ) ) ;
#7959 = CARTESIAN_POINT ( 'NONE',  ( 0.5523978989807216688, 0.6948261597470143380, 0.7500000000000000000 ) ) ;
#7960 = B_SPLINE_CURVE_WITH_KNOTS ( 'NONE', 3,
 ( #7571, #472, #3649, #6010 ),
 .UNSPECIFIED., .F., .F.,
 ( 4, 4 ),
 ( 12.00000000000000000, 13.00000000000000000 ),
 .UNSPECIFIED. ) ;
#7961 = CARTESIAN_POINT ( 'NONE',  ( 0.6065553684016581348, 0.6566727751671871394, 0.7600000000000000089 ) ) ;
#7962 = DIRECTION ( 'NONE',  ( 1.000000000000000000, 0.000000000000000000, 0.000000000000000000 ) ) ;
#7963 = ORIENTED_EDGE ( 'NONE', *, *, #5803, .T. ) ;
#7964 = EDGE_CURVE ( 'NONE', #3969, #3480, #176, .T. ) ;
#7965 = LINE ( 'NONE', #735, #2104 ) ;
#7966 = CARTESIAN_POINT ( 'NONE',  ( 0.7830645085340638412, 0.8707384624614092905, 0.7600000000000000089 ) ) ;
#7967 = VERTEX_POINT ( 'NONE', #9688 ) ;
#7968 = DIRECTION ( 'NONE',  ( 0.000000000000000000, 0.000000000000000000, 1.000000000000000000 ) ) ;
#7969 = AXIS2_PLACEMENT_3D ( 'NONE', #7691, #9311, #9117 ) ;
#7970 = ORIENTED_EDGE ( 'NONE', *, *, #6316, .F. ) ;
#7971 = CARTESIAN_POINT ( 'NONE',  ( 0.5366590752143179932, 0.8705174115654762401, 0.7600000000000000089 ) ) ;
#7972 = CARTESIAN_POINT ( 'NONE',  ( 0.5379411704087839752, 0.7050387111230599357, 0.7600000000000000089 ) ) ;
#7973 = CARTESIAN_POINT ( 'NONE',  ( -0.1499999999999964695, -1.001000000000000778, -0.02000000000000000042 ) ) ;
#7974 = FACE_OUTER_BOUND ( 'NONE', #5999, .T. ) ;
#7975 = ORIENTED_EDGE ( 'NONE', *, *, #2247, .F. ) ;
#7976 = EDGE_CURVE ( 'NONE', #2142, #1580, #1745, .T. ) ;
#7977 = B_SPLINE_CURVE_WITH_KNOTS ( 'NONE', 3,
 ( #4777, #7947, #829, #6106 ),
 .UNSPECIFIED., .F., .F.,
 ( 4, 4 ),
 ( 20.00000000000000000, 21.00000000000000000 ),
 .UNSPECIFIED. ) ;
#7978 = CARTESIAN_POINT ( 'NONE',  ( -0.1500000000000000777, -5.237222008264702005E-16, 0.000000000000000000 ) ) ;
#7979 = ORIENTED_EDGE ( 'NONE', *, *, #4208, .T. ) ;
#7980 = EDGE_CURVE ( 'NONE', #918, #6099, #6469, .T. ) ;
#7981 = VERTEX_POINT ( 'NONE', #2582 ) ;
#7982 = CARTESIAN_POINT ( 'NONE',  ( 0.6192657948983233407, 0.7125102313944980947, 0.7500000000000000000 ) ) ;
#7983 = ORIENTED_EDGE ( 'NONE', *, *, #1002, .T. ) ;
#7984 = MECHANICAL_DESIGN_GEOMETRIC_PRESENTATION_REPRESENTATION (  '', ( #6642 ), #3503 ) ;
#7985 = DIRECTION ( 'NONE',  ( 0.000000000000000000, 0.000000000000000000, 1.000000000000000000 ) ) ;
#7986 = CARTESIAN_POINT ( 'NONE',  ( 0.3218215265175511375, 0.6953363725158325792, 0.7600000000000000089 ) ) ;
#7987 = CARTESIAN_POINT ( 'NONE',  ( 0.3101397859677155755, 0.8730219974690239804, 0.7500000000000000000 ) ) ;
#7988 = CARTESIAN_POINT ( 'NONE',  ( 0.6457919023698426297, 0.6395634358481884219, 0.7600000000000000089 ) ) ;
#7989 = EDGE_CURVE ( 'NONE', #6958, #2393, #4346, .T. ) ;
#7990 = VECTOR ( 'NONE', #1709, 1000.000000000000000 ) ;
#7991 = EDGE_LOOP ( 'NONE', ( #6199, #5607, #9557, #9439 ) ) ;
#7992 = CARTESIAN_POINT ( 'NONE',  ( 0.1499999999999984679, 0.5000000000000007772, -0.02000000000000000042 ) ) ;
#7993 = DIRECTION ( 'NONE',  ( -0.3897582650654846659, -0.9209172030172655399, -0.000000000000000000 ) ) ;
#7994 = ADVANCED_FACE ( 'NONE', ( #1125 ), #2656, .F. ) ;
#7995 = ORIENTED_EDGE ( 'NONE', *, *, #2024, .F. ) ;
#7996 = CARTESIAN_POINT ( 'NONE',  ( 0.01194762850846879318, 0.7555896285076423302, 0.7600000000000000089 ) ) ;
#7997 = VERTEX_POINT ( 'NONE', #1076 ) ;
#7998 = CARTESIAN_POINT ( 'NONE',  ( 0.5428927104703610285, 0.6725884396501585760, 0.7600000000000000089 ) ) ;
#7999 = CARTESIAN_POINT ( 'NONE',  ( 0.6013827774447363383, 0.6907588232679849893, 0.7500000000000000000 ) ) ;
#8000 = DIRECTION ( 'NONE',  ( -0.000000000000000000, -0.000000000000000000, -1.000000000000000000 ) ) ;
#8001 = VECTOR ( 'NONE', #8038, 1000.000000000000000 ) ;
#8002 = CARTESIAN_POINT ( 'NONE',  ( 0.2714055516484255581, 0.8681033657031786976, 0.7600000000000000089 ) ) ;
#8003 = DIRECTION ( 'NONE',  ( 1.000000000000000000, -0.000000000000000000, -0.000000000000000000 ) ) ;
#8004 = ORIENTED_EDGE ( 'NONE', *, *, #9561, .T. ) ;
#8005 = CARTESIAN_POINT ( 'NONE',  ( 0.1914777685923488570, 0.7199295635950248018, 0.7500000000000000000 ) ) ;
#8006 = CARTESIAN_POINT ( 'NONE',  ( 0.6032174998781467679, 0.7164007271566605883, 0.7600000000000000089 ) ) ;
#8007 = EDGE_LOOP ( 'NONE', ( #8004, #5696, #6327, #732 ) ) ;
#8008 =( GEOMETRIC_REPRESENTATION_CONTEXT ( 3 ) GLOBAL_UNCERTAINTY_ASSIGNED_CONTEXT ( ( #5235 ) ) GLOBAL_UNIT_ASSIGNED_CONTEXT ( ( #4049, #8826, #8928 ) ) REPRESENTATION_CONTEXT ( 'NONE', 'WORKASPACE' ) );
#8009 = CARTESIAN_POINT ( 'NONE',  ( 0.4861931557500361323, 0.8051747668278049774, 0.7600000000000000089 ) ) ;
#8010 = CARTESIAN_POINT ( 'NONE',  ( 0.5241696996132929609, 0.8239640929531815150, 0.7500000000000000000 ) ) ;
#8011 = EDGE_CURVE ( 'NONE', #9304, #2936, #1028, .T. ) ;
#8012 =( LENGTH_UNIT ( ) NAMED_UNIT ( * ) SI_UNIT ( .MILLI., .METRE. ) );
#8013 = LINE ( 'NONE', #7207, #30 ) ;
#8014 = DIRECTION ( 'NONE',  ( -0.000000000000000000, -0.000000000000000000, -1.000000000000000000 ) ) ;
#8015 = EDGE_LOOP ( 'NONE', ( #9468, #8677, #7083, #5627 ) ) ;
#8016 = VECTOR ( 'NONE', #2271, 1000.000000000000000 ) ;
#8017 = ORIENTED_EDGE ( 'NONE', *, *, #942, .F. ) ;
#8018 = CARTESIAN_POINT ( 'NONE',  ( 0.4861931557500361323, 0.7346595311332124734, 0.7500000000000000000 ) ) ;
#8019 = CARTESIAN_POINT ( 'NONE',  ( 0.5171181760438913200, 0.7069839590044362243, 0.7600000000000000089 ) ) ;
#8020 = ORIENTED_EDGE ( 'NONE', *, *, #3905, .T. ) ;
#8021 =( GEOMETRIC_REPRESENTATION_CONTEXT ( 3 ) GLOBAL_UNCERTAINTY_ASSIGNED_CONTEXT ( ( #8261 ) ) GLOBAL_UNIT_ASSIGNED_CONTEXT ( ( #2008, #9950, #9169 ) ) REPRESENTATION_CONTEXT ( 'NONE', 'WORKASPACE' ) );
#8022 = CARTESIAN_POINT ( 'NONE',  ( 0.5206328852839724464, 0.8051747668278049774, 0.7500000000000000000 ) ) ;
#8023 = VERTEX_POINT ( 'NONE', #339 ) ;
#8024 = DIRECTION ( 'NONE',  ( -0.000000000000000000, -0.000000000000000000, -1.000000000000000000 ) ) ;
#8025 = DIRECTION ( 'NONE',  ( -1.000000000000000000, 0.000000000000000000, 0.000000000000000000 ) ) ;
#8026 = EDGE_CURVE ( 'NONE', #3135, #47, #8586, .T. ) ;
#8027 = DIRECTION ( 'NONE',  ( 1.253773678939720285E-14, -1.000000000000000000, -0.000000000000000000 ) ) ;
#8028 = DIRECTION ( 'NONE',  ( -0.000000000000000000, -0.000000000000000000, -1.000000000000000000 ) ) ;
#8029 = ORIENTED_EDGE ( 'NONE', *, *, #7388, .F. ) ;
#8030 = UNCERTAINTY_MEASURE_WITH_UNIT (LENGTH_MEASURE( 1.000000000000000082E-05 ), #9272, 'distance_accuracy_value', 'NONE');
#8031 = CARTESIAN_POINT ( 'NONE',  ( 0.7999999999999964917, 1.001000000000003221, 0.1800000000000000211 ) ) ;
#8032 = ORIENTED_EDGE ( 'NONE', *, *, #3952, .F. ) ;
#8033 = FILL_AREA_STYLE ('',( #4858 ) ) ;
#8034 = ORIENTED_EDGE ( 'NONE', *, *, #9135, .T. ) ;
#8035 = DIRECTION ( 'NONE',  ( 0.000000000000000000, -0.000000000000000000, -1.000000000000000000 ) ) ;
#8036 = EDGE_CURVE ( 'NONE', #5829, #2963, #4374, .T. ) ;
#8037 = ORIENTED_EDGE ( 'NONE', *, *, #6536, .T. ) ;
#8038 = DIRECTION ( 'NONE',  ( 0.000000000000000000, 0.000000000000000000, -1.000000000000000000 ) ) ;
#8039 = CARTESIAN_POINT ( 'NONE',  ( 0.6630338722260507023, 0.6470349561190323895, 0.7600000000000000089 ) ) ;
#8040 = SHAPE_DEFINITION_REPRESENTATION ( #5948, #6328 ) ;
#8041 = DIRECTION ( 'NONE',  ( 3.491481338843133355E-15, -1.000000000000000000, 0.000000000000000000 ) ) ;
#8042 = EDGE_CURVE ( 'NONE', #9435, #8528, #1175, .T. ) ;
#8043 = ORIENTED_EDGE ( 'NONE', *, *, #6841, .T. ) ;
#8044 = DIRECTION ( 'NONE',  ( -0.000000000000000000, -0.000000000000000000, -1.000000000000000000 ) ) ;
#8045 = CARTESIAN_POINT ( 'NONE',  ( -0.7999999999999973799, -0.7510000000000032205, 0.1800000000000000211 ) ) ;
#8046 = ORIENTED_EDGE ( 'NONE', *, *, #8821, .T. ) ;
#8047 = LINE ( 'NONE', #9702, #1172 ) ;
#8048 = VECTOR ( 'NONE', #5403, 1000.000000000000000 ) ;
#8049 = CARTESIAN_POINT ( 'NONE',  ( -0.7999999999999987121, -0.3000000000000026534, -0.02000000000000000042 ) ) ;
#8050 = EDGE_CURVE ( 'NONE', #4001, #5911, #4240, .T. ) ;
#8051 = VERTEX_POINT ( 'NONE', #1901 ) ;
#8052 =( NAMED_UNIT ( * ) SI_UNIT ( $, .STERADIAN. ) SOLID_ANGLE_UNIT ( ) );
#8053 = FILL_AREA_STYLE ('',( #6419 ) ) ;
#8054 = DIRECTION ( 'NONE',  ( -0.000000000000000000, -0.000000000000000000, -1.000000000000000000 ) ) ;
#8055 = CARTESIAN_POINT ( 'NONE',  ( 0.6113963830152694401, 0.6970366687028025643, 0.7600000000000000089 ) ) ;
#8056 = VERTEX_POINT ( 'NONE', #6614 ) ;
#8057 = PRESENTATION_LAYER_ASSIGNMENT (  '', '', ( #1419 ) ) ;
#8058 = EDGE_CURVE ( 'NONE', #8197, #7752, #9836, .T. ) ;
#8059 = CARTESIAN_POINT ( 'NONE',  ( 0.6140268886727978659, 0.6655148109909306831, 0.7600000000000000089 ) ) ;
#8060 = ORIENTED_EDGE ( 'NONE', *, *, #8929, .T. ) ;
#8061 = CARTESIAN_POINT ( 'NONE',  ( 0.8220799916069069235, 0.7953158968843083709, 0.7600000000000000089 ) ) ;
#8062 = CARTESIAN_POINT ( 'NONE',  ( 0.5319064809591412812, 0.6691400456786809059, 0.7600000000000000089 ) ) ;
#8063 = CARTESIAN_POINT ( 'NONE',  ( 0.1355283098990540114, 0.8146132566079012927, 0.7600000000000000089 ) ) ;
#8064 = PRESENTATION_LAYER_ASSIGNMENT (  '', '', ( #3418 ) ) ;
#8065 = CARTESIAN_POINT ( 'NONE',  ( 0.3660892329340721951, 0.7180850455328957604, 0.7600000000000000089 ) ) ;
#8066 = LINE ( 'NONE', #1724, #10144 ) ;
#8067 = CARTESIAN_POINT ( 'NONE',  ( 0.7256796960381769468, 0.6679905810217212636, 0.7500000000000000000 ) ) ;
#8068 = VERTEX_POINT ( 'NONE', #5065 ) ;
#8069 = ADVANCED_FACE ( 'NONE', ( #1373 ), #1244, .F. ) ;
#8070 = DIRECTION ( 'NONE',  ( -0.000000000000000000, -0.000000000000000000, -1.000000000000000000 ) ) ;
#8071 =( GEOMETRIC_REPRESENTATION_CONTEXT ( 3 ) GLOBAL_UNCERTAINTY_ASSIGNED_CONTEXT ( ( #9681 ) ) GLOBAL_UNIT_ASSIGNED_CONTEXT ( ( #3216, #5534, #8052 ) ) REPRESENTATION_CONTEXT ( 'NONE', 'WORKASPACE' ) );
#8072 = EDGE_LOOP ( 'NONE', ( #2578, #5836, #5189, #423, #8803, #6872, #8046 ) ) ;
#8073 = CARTESIAN_POINT ( 'NONE',  ( 0.5372117024535616459, 0.6615358948700397201, 0.7600000000000000089 ) ) ;
#8074 = ORIENTED_EDGE ( 'NONE', *, *, #3893, .T. ) ;
#8075 = LINE ( 'NONE', #67, #9226 ) ;
#8076 =( LENGTH_UNIT ( ) NAMED_UNIT ( * ) SI_UNIT ( .MILLI., .METRE. ) );
#8077 = PLANE ( 'NONE',  #4087 ) ;
#8078 = VECTOR ( 'NONE', #333, 1000.000000000000000 ) ;
#8079 = LINE ( 'NONE', #7973, #9353 ) ;
#8080 = CARTESIAN_POINT ( 'NONE',  ( 0.1447507477583269697, 0.8090797962370152030, 0.7600000000000000089 ) ) ;
#8081 = DIRECTION ( 'NONE',  ( 1.000000000000000000, 3.491481338843133355E-15, -0.000000000000000000 ) ) ;
#8082 = EDGE_LOOP ( 'NONE', ( #2462, #2005, #9254, #824 ) ) ;
#8083 = VECTOR ( 'NONE', #3748, 1000.000000000000000 ) ;
#8084 = CARTESIAN_POINT ( 'NONE',  ( 0.6203268391971467066, 0.6931461729400500982, 0.7600000000000000089 ) ) ;
#8085 = ORIENTED_EDGE ( 'NONE', *, *, #7636, .T. ) ;
#8086 = DIRECTION ( 'NONE',  ( 0.3559357243643189728, -0.9345104387438630811, 0.000000000000000000 ) ) ;
#8087 = ORIENTED_EDGE ( 'NONE', *, *, #24, .F. ) ;
#8088 = B_SPLINE_CURVE_WITH_KNOTS ( 'NONE', 3,
 ( #6306, #769, #1601, #6152 ),
 .UNSPECIFIED., .F., .F.,
 ( 4, 4 ),
 ( 13.00000000000000000, 14.00000000000000000 ),
 .UNSPECIFIED. ) ;
#8089 = LINE ( 'NONE', #977, #7361 ) ;
#8090 = DIRECTION ( 'NONE',  ( -0.000000000000000000, -0.000000000000000000, -1.000000000000000000 ) ) ;
#8091 = VECTOR ( 'NONE', #9949, 1000.000000000000000 ) ;
#8092 = DIRECTION ( 'NONE',  ( -0.000000000000000000, 1.000000000000000000, -0.000000000000000000 ) ) ;
#8093 = ADVANCED_FACE ( 'NONE', ( #5928 ), #8345, .F. ) ;
#8094 = VERTEX_POINT ( 'NONE', #5979 ) ;
#8095 = CARTESIAN_POINT ( 'NONE',  ( 0.8648975500831892482, 0.6581317110782221036, 0.7500000000000000000 ) ) ;
#8096 = CARTESIAN_POINT ( 'NONE',  ( 1.000000000000003553, -0.9999999999999961142, 0.7500000000000000000 ) ) ;
#8097 = AXIS2_PLACEMENT_3D ( 'NONE', #3576, #5885, #6570 ) ;
#8098 = VERTEX_POINT ( 'NONE', #6132 ) ;
#8099 = FILL_AREA_STYLE_COLOUR ( '', #1009 ) ;
#8100 = DIRECTION ( 'NONE',  ( -0.000000000000000000, -0.000000000000000000, -1.000000000000000000 ) ) ;
#8101 = ORIENTED_EDGE ( 'NONE', *, *, #2049, .F. ) ;
#8102 = DIRECTION ( 'NONE',  ( -0.000000000000000000, -0.000000000000000000, -1.000000000000000000 ) ) ;
#8103 = CARTESIAN_POINT ( 'NONE',  ( 0.8010801565251544076, 0.6679905810217222628, 0.7500000000000000000 ) ) ;
#8104 = CARTESIAN_POINT ( 'NONE',  ( 0.5457663721130647794, 0.6833757233546897680, 0.7600000000000000089 ) ) ;
#8105 = DIRECTION ( 'NONE',  ( 3.491481338843133355E-15, -1.000000000000000000, 0.000000000000000000 ) ) ;
#8106 = DIRECTION ( 'NONE',  ( 0.000000000000000000, 0.000000000000000000, 1.000000000000000000 ) ) ;
#8107 = VECTOR ( 'NONE', #8503, 1000.000000000000000 ) ;
#8108 = ADVANCED_FACE ( 'NONE', ( #483 ), #9259, .F. ) ;
#8109 = CARTESIAN_POINT ( 'NONE',  ( 0.6140268886727978659, 0.6655148109909306831, 0.7500000000000000000 ) ) ;
#8110 = FILL_AREA_STYLE_COLOUR ( '', #4122 ) ;
#8111 = ORIENTED_EDGE ( 'NONE', *, *, #6515, .F. ) ;
#8112 = CARTESIAN_POINT ( 'NONE',  ( 0.5704135469718113471, 0.6676811097676482731, 0.7600000000000000089 ) ) ;
#8113 = ADVANCED_FACE ( 'NONE', ( #9162 ), #6028, .F. ) ;
#8114 = CARTESIAN_POINT ( 'NONE',  ( 0.3660892329340721951, 0.7432930446946898195, 0.7600000000000000089 ) ) ;
#8115 = CARTESIAN_POINT ( 'NONE',  ( 0.8000000000000025979, -0.7509999999999975584, 0.000000000000000000 ) ) ;
#8116 = CARTESIAN_POINT ( 'NONE',  ( 0.6098048165667382392, 0.6984513944347666703, 0.7500000000000000000 ) ) ;
#8117 = ORIENTED_EDGE ( 'NONE', *, *, #9714, .T. ) ;
#8118 = ADVANCED_FACE ( 'NONE', ( #1424 ), #4396, .F. ) ;
#8119 = CARTESIAN_POINT ( 'NONE',  ( -0.5000000000000034417, 1.000999999999998558, -0.02000000000000000042 ) ) ;
#8120 = B_SPLINE_SURFACE_WITH_KNOTS ( 'NONE', 3, 1, ( 
 ( #4674, #5389 ),
 ( #3951, #8721 ),
 ( #7895, #7102 ),
 ( #3167, #2378 ) ),
 .UNSPECIFIED., .F., .F., .F.,
 ( 4, 4 ),
 ( 2, 2 ),
 ( 6.000000000000000000, 7.000000000000000000 ),
 ( 0.000000000000000000, 1.000000000000000000 ),
 .UNSPECIFIED. ) ;
#8121 = CARTESIAN_POINT ( 'NONE',  ( 0.6268036304380679713, 0.6738705348443274623, 0.7600000000000000089 ) ) ;
#8122 = EDGE_LOOP ( 'NONE', ( #7436, #6661, #7953, #778 ) ) ;
#8123 = LINE ( 'NONE', #1252, #10020 ) ;
#8124 = EDGE_CURVE ( 'NONE', #1337, #2651, #631, .T. ) ;
#8125 = ORIENTED_EDGE ( 'NONE', *, *, #1209, .T. ) ;
#8126 = LINE ( 'NONE', #6394, #5406 ) ;
#8127 = DIRECTION ( 'NONE',  ( -0.000000000000000000, -0.000000000000000000, -1.000000000000000000 ) ) ;
#8128 = CARTESIAN_POINT ( 'NONE',  ( 0.8347241028346763514, 0.6702453001565782387, 0.7600000000000000089 ) ) ;
#8129 = CARTESIAN_POINT ( 'NONE',  ( 0.6229905024890518561, 0.6578996076376679714, 0.7600000000000000089 ) ) ;
#8130 =( LENGTH_UNIT ( ) NAMED_UNIT ( * ) SI_UNIT ( .MILLI., .METRE. ) );
#8131 = ORIENTED_EDGE ( 'NONE', *, *, #3938, .F. ) ;
#8132 = B_SPLINE_CURVE_WITH_KNOTS ( 'NONE', 3,
 ( #2023, #8366, #1248, #4422 ),
 .UNSPECIFIED., .F., .F.,
 ( 4, 4 ),
 ( 1.000000000000000000, 2.000000000000000000 ),
 .UNSPECIFIED. ) ;
#8133 = UNCERTAINTY_MEASURE_WITH_UNIT (LENGTH_MEASURE( 1.000000000000000082E-05 ), #5133, 'distance_accuracy_value', 'NONE');
#8134 = CARTESIAN_POINT ( 'NONE',  ( 0.6203268391971467066, 0.7213080570391718904, 0.7600000000000000089 ) ) ;
#8135 = ORIENTED_EDGE ( 'NONE', *, *, #3367, .T. ) ;
#8136 = EDGE_CURVE ( 'NONE', #9862, #5641, #7077, .T. ) ;
#8137 = ORIENTED_EDGE ( 'NONE', *, *, #592, .T. ) ;
#8138 = CARTESIAN_POINT ( 'NONE',  ( 0.6379224904864937429, 0.6692726762158859311, 0.7500000000000000000 ) ) ;
#8139 = ORIENTED_EDGE ( 'NONE', *, *, #6728, .F. ) ;
#8140 = EDGE_CURVE ( 'NONE', #2022, #6918, #4134, .T. ) ;
#8141 = PRESENTATION_STYLE_ASSIGNMENT (( #5170 ) ) ;
#8142 = CARTESIAN_POINT ( 'NONE',  ( 0.3248956959245164478, 0.8594957535163255669, 0.7600000000000000089 ) ) ;
#8143 = ORIENTED_EDGE ( 'NONE', *, *, #7532, .T. ) ;
#8144 = CARTESIAN_POINT ( 'NONE',  ( 0.4861931557500361323, 0.7069839590044362243, 0.7500000000000000000 ) ) ;
#8145 = LINE ( 'NONE', #2539, #3866 ) ;
#8146 = ORIENTED_EDGE ( 'NONE', *, *, #931, .F. ) ;
#8147 = AXIS2_PLACEMENT_3D ( 'NONE', #8745, #3921, #3080 ) ;
#8148 = ORIENTED_EDGE ( 'NONE', *, *, #535, .T. ) ;
#8149 = DIRECTION ( 'NONE',  ( 1.000000000000000000, 3.491481338843133355E-15, -0.000000000000000000 ) ) ;
#8150 = ORIENTED_EDGE ( 'NONE', *, *, #6523, .T. ) ;
#8151 = CARTESIAN_POINT ( 'NONE',  ( 0.8477661056752422430, 0.6890788364610238581, 0.7500000000000000000 ) ) ;
#8152 = CARTESIAN_POINT ( 'NONE',  ( 0.5707009131360528675, 0.6676811097676482731, 0.7600000000000000089 ) ) ;
#8153 = EDGE_CURVE ( 'NONE', #3496, #8900, #4540, .T. ) ;
#8154 = FACE_OUTER_BOUND ( 'NONE', #5151, .T. ) ;
#8155 = PRESENTATION_STYLE_ASSIGNMENT (( #3378 ) ) ;
#8156 = CARTESIAN_POINT ( 'NONE',  ( 0.6148889871655207617, 0.6952682615377004938, 0.7500000000000000000 ) ) ;
#8157 = ORIENTED_EDGE ( 'NONE', *, *, #2689, .F. ) ;
#8158 = MECHANICAL_DESIGN_GEOMETRIC_PRESENTATION_REPRESENTATION (  '', ( #359 ), #6479 ) ;
#8159 = CARTESIAN_POINT ( 'NONE',  ( 0.3255105157337611632, 0.6578318012680252069, 0.7500000000000000000 ) ) ;
#8160 = FACE_BOUND ( 'NONE', #4515, .T. ) ;
#8161 = EDGE_LOOP ( 'NONE', ( #309, #298, #9761, #4843, #7137, #9568, #1672, #2371, #3182, #6859, #4664, #2853 ) ) ;
#8162 = LINE ( 'NONE', #4268, #10086 ) ;
#8163 =( GEOMETRIC_REPRESENTATION_CONTEXT ( 3 ) GLOBAL_UNCERTAINTY_ASSIGNED_CONTEXT ( ( #6783 ) ) GLOBAL_UNIT_ASSIGNED_CONTEXT ( ( #6879, #6093, #644 ) ) REPRESENTATION_CONTEXT ( 'NONE', 'WORKASPACE' ) );
#8164 = CARTESIAN_POINT ( 'NONE',  ( 0.5962765017564184422, 0.7032260937794797551, 0.7500000000000000000 ) ) ;
#8165 = LINE ( 'NONE', #4271, #850 ) ;
#8166 = EDGE_CURVE ( 'NONE', #7289, #3640, #3765, .T. ) ;
#8167 = CARTESIAN_POINT ( 'NONE',  ( 0.4750300855225385588, 0.8817910072409375077, 0.7600000000000000089 ) ) ;
#8168 = CARTESIAN_POINT ( 'NONE',  ( 0.7999999999999964917, 1.000000000000003331, 0.7500000000000000000 ) ) ;
#8169 = SURFACE_STYLE_FILL_AREA ( #4990 ) ;
#8170 = ORIENTED_EDGE ( 'NONE', *, *, #4208, .F. ) ;
#8171 = CARTESIAN_POINT ( 'NONE',  ( 0.1453655792945113823, 0.7408337537313613996, 0.7600000000000000089 ) ) ;
#8172 = ADVANCED_FACE ( 'NONE', ( #3861 ), #8693, .F. ) ;
#8173 = DIRECTION ( 'NONE',  ( -0.000000000000000000, -0.000000000000000000, -1.000000000000000000 ) ) ;
#8174 = EDGE_LOOP ( 'NONE', ( #8617, #6920 ) ) ;
#8175 = DIRECTION ( 'NONE',  ( -0.8863488427958606808, -0.4630180653866959872, 0.000000000000000000 ) ) ;
#8176 = ORIENTED_EDGE ( 'NONE', *, *, #9938, .F. ) ;
#8177 = LINE ( 'NONE', #1628, #8413 ) ;
#8178 = CARTESIAN_POINT ( 'NONE',  ( 0.1447507360313918801, 0.6541427885982323831, 0.7500000000000000000 ) ) ;
#8179 = EDGE_CURVE ( 'NONE', #7224, #3019, #7218, .T. ) ;
#8180 = CARTESIAN_POINT ( 'NONE',  ( 0.6367067105606337707, 0.6824030994145913187, 0.7500000000000000000 ) ) ;
#8181 = CARTESIAN_POINT ( 'NONE',  ( 0.5592062665652461906, 0.7213080570391718904, 0.7600000000000000089 ) ) ;
#8182 = ORIENTED_EDGE ( 'NONE', *, *, #2837, .F. ) ;
#8183 = FILL_AREA_STYLE_COLOUR ( '', #10044 ) ;
#8184 = CARTESIAN_POINT ( 'NONE',  ( -0.1499999999999964695, -1.001000000000000778, -0.02000000000000000042 ) ) ;
#8185 = ORIENTED_EDGE ( 'NONE', *, *, #9344, .F. ) ;
#8186 = CARTESIAN_POINT ( 'NONE',  ( 0.5460316331877688167, 0.6683442624542664801, 0.7500000000000000000 ) ) ;
#8187 = ORIENTED_EDGE ( 'NONE', *, *, #6750, .F. ) ;
#8188 = CARTESIAN_POINT ( 'NONE',  ( 0.5449926939784760505, 0.8790057659566666848, 0.7600000000000000089 ) ) ;
#8189 = VERTEX_POINT ( 'NONE', #5563 ) ;
#8190 = VECTOR ( 'NONE', #3157, 1000.000000000000000 ) ;
#8191 = CARTESIAN_POINT ( 'NONE',  ( 0.5171181760438913200, 0.7069839590044362243, 0.7500000000000000000 ) ) ;
#8192 = CARTESIAN_POINT ( 'NONE',  ( -0.7999999999999964917, -1.001000000000003221, 0.1800000000000000211 ) ) ;
#8193 = EDGE_CURVE ( 'NONE', #9610, #5134, #6282, .T. ) ;
#8194 = VERTEX_POINT ( 'NONE', #908 ) ;
#8195 = CARTESIAN_POINT ( 'NONE',  ( 0.7819150438771039768, 0.8660963936539011199, 0.7500000000000000000 ) ) ;
#8196 = AXIS2_PLACEMENT_3D ( 'NONE', #10040, #5409, #2145 ) ;
#8197 = VERTEX_POINT ( 'NONE', #10194 ) ;
#8198 = VERTEX_POINT ( 'NONE', #742 ) ;
#8199 = SURFACE_STYLE_USAGE ( .BOTH. , #4972 ) ;
#8200 = VERTEX_POINT ( 'NONE', #3028 ) ;
#8201 = CARTESIAN_POINT ( 'NONE',  ( 0.6507655475206604034, 0.8817910072409375077, 0.7600000000000000089 ) ) ;
#8202 = FACE_OUTER_BOUND ( 'NONE', #4859, .T. ) ;
#8203 = FACE_OUTER_BOUND ( 'NONE', #3087, .T. ) ;
#8204 = CARTESIAN_POINT ( 'NONE',  ( 0.6507655475206604034, 0.8817910072409375077, 0.7600000000000000089 ) ) ;
#8205 = ORIENTED_EDGE ( 'NONE', *, *, #4930, .F. ) ;
#8206 = CARTESIAN_POINT ( 'NONE',  ( 0.8910920812113980460, 0.7335542766547332727, 0.7600000000000000089 ) ) ;
#8207 = ADVANCED_FACE ( 'NONE', ( #9417 ), #8647, .F. ) ;
#8208 = FACE_OUTER_BOUND ( 'NONE', #862, .T. ) ;
#8209 = ORIENTED_EDGE ( 'NONE', *, *, #3989, .T. ) ;
#8210 = CARTESIAN_POINT ( 'NONE',  ( 0.5000000000000032196, -0.9999999999999978906, 0.1800000000000000488 ) ) ;
#8211 = LINE ( 'NONE', #9144, #5228 ) ;
#8212 = DIRECTION ( 'NONE',  ( 0.000000000000000000, 0.000000000000000000, 1.000000000000000000 ) ) ;
#8213 = LINE ( 'NONE', #3695, #8868 ) ;
#8214 = CARTESIAN_POINT ( 'NONE',  ( 0.8648975500831893592, 0.6581317110782219926, 0.7600000000000000089 ) ) ;
#8215 = STYLED_ITEM ( 'NONE', ( #5548 ), #2605 ) ;
#8216 = LINE ( 'NONE', #5041, #1088 ) ;
#8217 = MECHANICAL_DESIGN_GEOMETRIC_PRESENTATION_REPRESENTATION (  '', ( #4898 ), #3901 ) ;
#8218 = EDGE_LOOP ( 'NONE', ( #10191, #4275, #7276, #9119, #6814, #1578 ) ) ;
#8219 = FACE_OUTER_BOUND ( 'NONE', #4292, .T. ) ;
#8220 = EDGE_CURVE ( 'NONE', #2100, #2303, #9698, .T. ) ;
#8221 = CARTESIAN_POINT ( 'NONE',  ( 0.8913573422864004003, 0.7335542766547332727, 0.7500000000000000000 ) ) ;
#8222 = AXIS2_PLACEMENT_3D ( 'NONE', #3588, #1141, #9909 ) ;
#8223 = PRESENTATION_LAYER_ASSIGNMENT (  '', '', ( #3252 ) ) ;
#8224 = ORIENTED_EDGE ( 'NONE', *, *, #1852, .F. ) ;
#8225 = CARTESIAN_POINT ( 'NONE',  ( 0.7773613954283218330, 0.7446068214348521286, 0.7600000000000000089 ) ) ;
#8226 = SURFACE_SIDE_STYLE ('',( #6605 ) ) ;
#8227 = DIRECTION ( 'NONE',  ( 0.000000000000000000, 1.000000000000000000, -0.000000000000000000 ) ) ;
#8228 = CARTESIAN_POINT ( 'NONE',  ( 0.5707009131360528675, 0.6831988826384144398, 0.7600000000000000089 ) ) ;
#8229 = FACE_OUTER_BOUND ( 'NONE', #4715, .T. ) ;
#8230 = ORIENTED_EDGE ( 'NONE', *, *, #3124, .T. ) ;
#8231 = PLANE ( 'NONE',  #929 ) ;
#8232 = MECHANICAL_DESIGN_GEOMETRIC_PRESENTATION_REPRESENTATION (  '', ( #7047 ), #9372 ) ;
#8233 = EDGE_CURVE ( 'NONE', #4020, #3688, #7314, .T. ) ;
#8234 = ORIENTED_EDGE ( 'NONE', *, *, #7113, .F. ) ;
#8235 = B_SPLINE_CURVE_WITH_KNOTS ( 'NONE', 3,
 ( #1721, #8010, #5705, #4160 ),
 .UNSPECIFIED., .F., .F.,
 ( 4, 4 ),
 ( 2.000000000000000000, 3.000000000000000000 ),
 .UNSPECIFIED. ) ;
#8236 = CARTESIAN_POINT ( 'NONE',  ( -0.1499999999999973299, -0.7510000000000008891, 0.1800000000000000211 ) ) ;
#8237 = VECTOR ( 'NONE', #10007, 1000.000000000000000 ) ;
#8238 = ORIENTED_EDGE ( 'NONE', *, *, #1528, .T. ) ;
#8239 = B_SPLINE_CURVE_WITH_KNOTS ( 'NONE', 3,
 ( #2412, #6288, #808, #7865 ),
 .UNSPECIFIED., .F., .F.,
 ( 4, 4 ),
 ( 2.000000000000000000, 3.000000000000000000 ),
 .UNSPECIFIED. ) ;
#8240 = CARTESIAN_POINT ( 'NONE',  ( 0.4861931557500361323, 0.8817910072409375077, 0.7500000000000000000 ) ) ;
#8241 = ORIENTED_EDGE ( 'NONE', *, *, #5280, .F. ) ;
#8242 =( NAMED_UNIT ( * ) SI_UNIT ( $, .STERADIAN. ) SOLID_ANGLE_UNIT ( ) );
#8243 = DIRECTION ( 'NONE',  ( 0.000000000000000000, -0.000000000000000000, 1.000000000000000000 ) ) ;
#8244 = EDGE_CURVE ( 'NONE', #8420, #1693, #1525, .T. ) ;
#8245 = EDGE_LOOP ( 'NONE', ( #5890, #288, #7284, #8869 ) ) ;
#8246 = CARTESIAN_POINT ( 'NONE',  ( 0.5665230512093533122, 0.7125102313944980947, 0.7600000000000000089 ) ) ;
#8247 = CARTESIAN_POINT ( 'NONE',  ( 0.05068188628163305953, 0.7316113158714996345, 0.7600000000000000089 ) ) ;
#8248 = EDGE_LOOP ( 'NONE', ( #5359, #6994, #9660, #8726 ) ) ;
#8249 = VERTEX_POINT ( 'NONE', #9578 ) ;
#8250 = ORIENTED_EDGE ( 'NONE', *, *, #6316, .T. ) ;
#8251 = FACE_OUTER_BOUND ( 'NONE', #4630, .T. ) ;
#8252 = EDGE_LOOP ( 'NONE', ( #8633, #7943, #4600, #7064 ) ) ;
#8253 = VECTOR ( 'NONE', #9937, 1000.000000000000000 ) ;
#8254 = EDGE_CURVE ( 'NONE', #5360, #6078, #4800, .T. ) ;
#8255 = DIRECTION ( 'NONE',  ( -0.000000000000000000, -0.000000000000000000, -1.000000000000000000 ) ) ;
#8256 = PLANE ( 'NONE',  #1854 ) ;
#8257 = DIRECTION ( 'NONE',  ( 0.3658589216693859947, -0.9306703226357408987, -0.000000000000000000 ) ) ;
#8258 = FILL_AREA_STYLE ('',( #5085 ) ) ;
#8259 = CARTESIAN_POINT ( 'NONE',  ( 0.1207724116688995986, 0.8545771246819166000, 0.7600000000000000089 ) ) ;
#8260 = VERTEX_POINT ( 'NONE', #4694 ) ;
#8261 = UNCERTAINTY_MEASURE_WITH_UNIT (LENGTH_MEASURE( 1.000000000000000082E-05 ), #2008, 'distance_accuracy_value', 'NONE');
#8262 = B_SPLINE_CURVE_WITH_KNOTS ( 'NONE', 3,
 ( #8263, #7454, #6634, #6688 ),
 .UNSPECIFIED., .F., .F.,
 ( 4, 4 ),
 ( 3.000000000000000000, 4.000000000000000000 ),
 .UNSPECIFIED. ) ;
#8263 = CARTESIAN_POINT ( 'NONE',  ( 0.8910920812113980460, 0.7335542766547332727, 0.7500000000000000000 ) ) ;
#8264 = VECTOR ( 'NONE', #9599, 1000.000000000000000 ) ;
#8265 = PLANE ( 'NONE',  #5350 ) ;
#8266 = ORIENTED_EDGE ( 'NONE', *, *, #1383, .F. ) ;
#8267 = LINE ( 'NONE', #9089, #3118 ) ;
#8268 = EDGE_CURVE ( 'NONE', #1814, #5829, #10249, .T. ) ;
#8269 = CARTESIAN_POINT ( 'NONE',  ( 0.6342972557987428539, 0.6851441305197928378, 0.7600000000000000089 ) ) ;
#8270 = CARTESIAN_POINT ( 'NONE',  ( 0.8120663860360796127, 0.6679905810217222628, 0.7500000000000000000 ) ) ;
#8271 = LINE ( 'NONE', #2861, #3060 ) ;
#8272 = CARTESIAN_POINT ( 'NONE',  ( 0.5514915903089311344, 0.6566727751671871394, 0.7600000000000000089 ) ) ;
#8273 = COLOUR_RGB ( '',0.6666666666666666297, 0.6666666666666666297, 0.6666666666666666297 ) ;
#8274 = LINE ( 'NONE', #9722, #3061 ) ;
#8275 = ORIENTED_EDGE ( 'NONE', *, *, #5782, .F. ) ;
#8276 =( LENGTH_UNIT ( ) NAMED_UNIT ( * ) SI_UNIT ( .MILLI., .METRE. ) );
#8277 = CARTESIAN_POINT ( 'NONE',  ( -0.000000000000000000, 0.000000000000000000, -0.02000000000000000042 ) ) ;
#8278 = VECTOR ( 'NONE', #6269, 1000.000000000000000 ) ;
#8279 = ORIENTED_EDGE ( 'NONE', *, *, #1229, .T. ) ;
#8280 = CARTESIAN_POINT ( 'NONE',  ( -0.7081802701769340791, -0.8148992480723536991, 0.7299999999999999822 ) ) ;
#8281 = CARTESIAN_POINT ( 'NONE',  ( 0.3660892329340721951, 0.7697306952013218684, 0.7500000000000000000 ) ) ;
#8282 = PLANE ( 'NONE',  #6729 ) ;
#8283 = CARTESIAN_POINT ( 'NONE',  ( 0.5649756949401822936, 0.7938569609732751831, 0.7600000000000000089 ) ) ;
#8284 = FILL_AREA_STYLE_COLOUR ( '', #6362 ) ;
#8285 = EDGE_CURVE ( 'NONE', #6909, #1224, #2351, .T. ) ;
#8286 = FILL_AREA_STYLE ('',( #9734 ) ) ;
#8287 = CARTESIAN_POINT ( 'NONE',  ( 0.6268036304380679713, 0.6738705348443274623, 0.7600000000000000089 ) ) ;
#8288 = ORIENTED_EDGE ( 'NONE', *, *, #8512, .F. ) ;
#8289 = DIRECTION ( 'NONE',  ( -1.000000000000000000, -3.347305518033890778E-15, 0.000000000000000000 ) ) ;
#8290 = EDGE_LOOP ( 'NONE', ( #2111, #8185, #4816, #7485 ) ) ;
#8291 = CARTESIAN_POINT ( 'NONE',  ( 0.5366590752143179932, 0.8705174115654762401, 0.7600000000000000089 ) ) ;
#8292 = ORIENTED_EDGE ( 'NONE', *, *, #277, .T. ) ;
#8293 = EDGE_CURVE ( 'NONE', #7453, #8094, #2253, .T. ) ;
#8294 = CARTESIAN_POINT ( 'NONE',  ( 0.000000000000000000, 0.000000000000000000, 0.7500000000000000000 ) ) ;
#8295 = FACE_OUTER_BOUND ( 'NONE', #8015, .T. ) ;
#8296 = B_SPLINE_SURFACE_WITH_KNOTS ( 'NONE', 3, 1, ( 
 ( #3910, #7907 ),
 ( #790, #6324 ),
 ( #2667, #4060 ),
 ( #4940, #3290 ) ),
 .UNSPECIFIED., .F., .F., .F.,
 ( 4, 4 ),
 ( 2, 2 ),
 ( 7.000000000000000000, 8.000000000000000000 ),
 ( 0.000000000000000000, 1.000000000000000000 ),
 .UNSPECIFIED. ) ;
#8297 = VERTEX_POINT ( 'NONE', #10 ) ;
#8298 = CARTESIAN_POINT ( 'NONE',  ( 0.7999999999999964917, 1.001000000000003221, 0.1800000000000000211 ) ) ;
#8299 = ADVANCED_FACE ( 'NONE', ( #6334 ), #9521, .F. ) ;
#8300 = CARTESIAN_POINT ( 'NONE',  ( 0.6748158849613913324, 0.6488033632841339049, 0.7600000000000000089 ) ) ;
#8301 = ORIENTED_EDGE ( 'NONE', *, *, #1144, .F. ) ;
#8302 = EDGE_LOOP ( 'NONE', ( #8396, #1262, #10088, #6463 ) ) ;
#8303 = ORIENTED_EDGE ( 'NONE', *, *, #1197, .T. ) ;
#8304 = CARTESIAN_POINT ( 'NONE',  ( 0.6203268391971467066, 0.7213080570391718904, 0.7600000000000000089 ) ) ;
#8305 = VERTEX_POINT ( 'NONE', #8795 ) ;
#8306 = VECTOR ( 'NONE', #7190, 1000.000000000000000 ) ;
#8307 = LINE ( 'NONE', #4974, #8890 ) ;
#8308 = CARTESIAN_POINT ( 'NONE',  ( 0.8267883756830199937, 0.6770094575617373600, 0.7500000000000000000 ) ) ;
#8309 = EDGE_CURVE ( 'NONE', #3766, #3200, #1680, .T. ) ;
#8310 = CARTESIAN_POINT ( 'NONE',  ( 0.6747495696927860998, 0.6733842228739844726, 0.7600000000000000089 ) ) ;
#8311 = FACE_OUTER_BOUND ( 'NONE', #6632, .T. ) ;
#8312 = DIRECTION ( 'NONE',  ( -3.491481338843133355E-15, 1.000000000000000000, 0.000000000000000000 ) ) ;
#8313 = ORIENTED_EDGE ( 'NONE', *, *, #5465, .F. ) ;
#8314 = VECTOR ( 'NONE', #1163, 1000.000000000000000 ) ;
#8315 = ORIENTED_EDGE ( 'NONE', *, *, #4546, .T. ) ;
#8316 = CARTESIAN_POINT ( 'NONE',  ( 0.6173868622858413868, 0.8441681448105246011, 0.7600000000000000089 ) ) ;
#8317 = CARTESIAN_POINT ( 'NONE',  ( 0.7256796960381769468, 0.6970808788818703139, 0.7600000000000000089 ) ) ;
#8318 = VERTEX_POINT ( 'NONE', #6180 ) ;
#8319 = CARTESIAN_POINT ( 'NONE',  ( 0.6240183891535026062, 0.6797504886669357704, 0.7500000000000000000 ) ) ;
#8320 = SURFACE_SIDE_STYLE ('',( #5850 ) ) ;
#8321 = CARTESIAN_POINT ( 'NONE',  ( 0.8267883756830199937, 0.6770094575617373600, 0.7500000000000000000 ) ) ;
#8322 = DIRECTION ( 'NONE',  ( -0.000000000000000000, -0.000000000000000000, -1.000000000000000000 ) ) ;
#8323 = AXIS2_PLACEMENT_3D ( 'NONE', #8718, #9443, #10171 ) ;
#8324 = CARTESIAN_POINT ( 'NONE',  ( 0.5649756949401822936, 0.7938569609732751831, 0.7600000000000000089 ) ) ;
#8325 = CARTESIAN_POINT ( 'NONE',  ( 0.5358853970800290245, 0.8375808281222277829, 0.7500000000000000000 ) ) ;
#8326 = ORIENTED_EDGE ( 'NONE', *, *, #7823, .T. ) ;
#8327 =( NAMED_UNIT ( * ) SI_UNIT ( $, .STERADIAN. ) SOLID_ANGLE_UNIT ( ) );
#8328 = EDGE_CURVE ( 'NONE', #4433, #1597, #4002, .T. ) ;
#8329 = CARTESIAN_POINT ( 'NONE',  ( 1.000000000000003553, -0.9999999999999961142, 0.000000000000000000 ) ) ;
#8330 = VECTOR ( 'NONE', #134, 1000.000000000000000 ) ;
#8331 = EDGE_CURVE ( 'NONE', #5058, #7357, #7803, .T. ) ;
#8332 = CARTESIAN_POINT ( 'NONE',  ( 0.6356014560827401016, 0.6648074481252426171, 0.7600000000000000089 ) ) ;
#8333 = DIRECTION ( 'NONE',  ( -3.491481338843133355E-15, 1.000000000000000000, 0.000000000000000000 ) ) ;
#8334 = CARTESIAN_POINT ( 'NONE',  ( 1.300000000000000044, 4.538925740496073362E-15, 0.1800000000000000211 ) ) ;
#8335 = DIRECTION ( 'NONE',  ( 1.000000000000000000, 3.491481338843133355E-15, 0.000000000000000000 ) ) ;
#8336 = CARTESIAN_POINT ( 'NONE',  ( 0.4042086474444112065, 0.7439078879575150571, 0.7600000000000000089 ) ) ;
#8337 = SURFACE_STYLE_FILL_AREA ( #8286 ) ;
#8338 = VECTOR ( 'NONE', #6845, 1000.000000000000000 ) ;
#8339 = LINE ( 'NONE', #1218, #9076 ) ;
#8340 = VERTEX_POINT ( 'NONE', #9730 ) ;
#8341 = EDGE_CURVE ( 'NONE', #801, #8354, #1012, .T. ) ;
#8342 =( NAMED_UNIT ( * ) SI_UNIT ( $, .STERADIAN. ) SOLID_ANGLE_UNIT ( ) );
#8343 = ORIENTED_EDGE ( 'NONE', *, *, #5701, .T. ) ;
#8344 = VERTEX_POINT ( 'NONE', #3351 ) ;
#8345 = PLANE ( 'NONE',  #7969 ) ;
#8346 = VERTEX_POINT ( 'NONE', #4176 ) ;
#8347 = PLANE ( 'NONE',  #921 ) ;
#8348 = EDGE_LOOP ( 'NONE', ( #7867, #3175, #3407, #6080 ) ) ;
#8349 = ORIENTED_EDGE ( 'NONE', *, *, #4735, .F. ) ;
#8350 = DIRECTION ( 'NONE',  ( -0.000000000000000000, -0.000000000000000000, -1.000000000000000000 ) ) ;
#8351 = EDGE_CURVE ( 'NONE', #5667, #3945, #1734, .T. ) ;
#8352 = ORIENTED_EDGE ( 'NONE', *, *, #9109, .F. ) ;
#8353 = VERTEX_POINT ( 'NONE', #5861 ) ;
#8354 = VERTEX_POINT ( 'NONE', #7310 ) ;
#8355 = CARTESIAN_POINT ( 'NONE',  ( 0.05990432414119993554, 0.8447398552867569910, 0.7600000000000000089 ) ) ;
#8356 = VECTOR ( 'NONE', #9962, 1000.000000000000000 ) ;
#8357 = VERTEX_POINT ( 'NONE', #167 ) ;
#8358 = CARTESIAN_POINT ( 'NONE',  ( 0.5358853970800290245, 0.8375808281222277829, 0.7600000000000000089 ) ) ;
#8359 = SURFACE_STYLE_FILL_AREA ( #9131 ) ;
#8360 = CARTESIAN_POINT ( 'NONE',  ( 0.5562441845641136196, 0.6871777987593001846, 0.7600000000000000089 ) ) ;
#8361 = CARTESIAN_POINT ( 'NONE',  ( 0.1527435225458242118, 0.8810147781199886285, 0.7500000000000000000 ) ) ;
#8362 = CARTESIAN_POINT ( 'NONE',  ( 0.5707009131360528675, 0.6891230466406785826, 0.7600000000000000089 ) ) ;
#8363 = UNCERTAINTY_MEASURE_WITH_UNIT (LENGTH_MEASURE( 1.000000000000000082E-05 ), #8076, 'distance_accuracy_value', 'NONE');
#8364 = PRESENTATION_LAYER_ASSIGNMENT (  '', '', ( #9516 ) ) ;
#8365 = ORIENTED_EDGE ( 'NONE', *, *, #5538, .F. ) ;
#8366 = CARTESIAN_POINT ( 'NONE',  ( 0.2867762814141744943, 0.8933113626660968976, 0.7500000000000000000 ) ) ;
#8367 = ADVANCED_FACE ( 'NONE', ( #6653 ), #2569, .F. ) ;
#8368 = CARTESIAN_POINT ( 'NONE',  ( 0.3181325607552124013, 0.7912497168735491693, 0.7500000000000000000 ) ) ;
#8369 = ORIENTED_EDGE ( 'NONE', *, *, #8193, .T. ) ;
#8370 = DIRECTION ( 'NONE',  ( 0.000000000000000000, 0.000000000000000000, 1.000000000000000000 ) ) ;
#8371 = FACE_OUTER_BOUND ( 'NONE', #5786, .T. ) ;
#8372 =( LENGTH_UNIT ( ) NAMED_UNIT ( * ) SI_UNIT ( .MILLI., .METRE. ) );
#8373 = CARTESIAN_POINT ( 'NONE',  ( 0.000000000000000000, 0.000000000000000000, 0.7600000000000000089 ) ) ;
#8374 = B_SPLINE_CURVE_WITH_KNOTS ( 'NONE', 3,
 ( #3023, #6174, #1522, #3967 ),
 .UNSPECIFIED., .F., .F.,
 ( 4, 4 ),
 ( 4.000000000000000000, 5.000000000000000000 ),
 .UNSPECIFIED. ) ;
#8375 = CARTESIAN_POINT ( 'NONE',  ( 0.7264312690829315411, 0.8703405708492010229, 0.7500000000000000000 ) ) ;
#8376 = CARTESIAN_POINT ( 'NONE',  ( 0.6065553684016581348, 0.6566727751671871394, 0.7600000000000000089 ) ) ;
#8377 = EDGE_CURVE ( 'NONE', #9281, #3438, #121, .T. ) ;
#8378 = CARTESIAN_POINT ( 'NONE',  ( 0.03777045334268263471, 0.6885732608001106092, 0.7500000000000000000 ) ) ;
#8379 = VERTEX_POINT ( 'NONE', #2723 ) ;
#8380 =( GEOMETRIC_REPRESENTATION_CONTEXT ( 3 ) GLOBAL_UNCERTAINTY_ASSIGNED_CONTEXT ( ( #8133 ) ) GLOBAL_UNIT_ASSIGNED_CONTEXT ( ( #5133, #191, #6734 ) ) REPRESENTATION_CONTEXT ( 'NONE', 'WORKASPACE' ) );
#8381 = PLANE ( 'NONE',  #9234 ) ;
#8382 = CARTESIAN_POINT ( 'NONE',  ( 0.3181325607552124013, 0.7912497168735491693, 0.7500000000000000000 ) ) ;
#8383 = EDGE_CURVE ( 'NONE', #1526, #6301, #3249, .T. ) ;
#8384 = AXIS2_PLACEMENT_3D ( 'NONE', #1615, #107, #1830 ) ;
#8385 = CARTESIAN_POINT ( 'NONE',  ( 0.5745693038089718652, 0.7938569609732751831, 0.7500000000000000000 ) ) ;
#8386 = LINE ( 'NONE', #9153, #7130 ) ;
#8387 = VECTOR ( 'NONE', #7075, 1000.000000000000000 ) ;
#8388 = SURFACE_SIDE_STYLE ('',( #5864 ) ) ;
#8389 = CARTESIAN_POINT ( 'NONE',  ( -0.7999999999999973799, -0.7510000000000032205, -0.02000000000000000042 ) ) ;
#8390 = EDGE_CURVE ( 'NONE', #3255, #5081, #4952, .T. ) ;
#8391 =( LENGTH_UNIT ( ) NAMED_UNIT ( * ) SI_UNIT ( .MILLI., .METRE. ) );
#8392 = ADVANCED_FACE ( 'NONE', ( #5771 ), #1728, .F. ) ;
#8393 = B_SPLINE_SURFACE_WITH_KNOTS ( 'NONE', 3, 1, ( 
 ( #5087, #7498 ),
 ( #8259, #9134 ),
 ( #2803, #1143 ),
 ( #6832, #4315 ) ),
 .UNSPECIFIED., .F., .F., .F.,
 ( 4, 4 ),
 ( 2, 2 ),
 ( 4.000000000000000000, 5.000000000000000000 ),
 ( 0.000000000000000000, 1.000000000000000000 ),
 .UNSPECIFIED. ) ;
#8394 = LINE ( 'NONE', #8642, #4276 ) ;
#8395 =( GEOMETRIC_REPRESENTATION_CONTEXT ( 3 ) GLOBAL_UNCERTAINTY_ASSIGNED_CONTEXT ( ( #3356 ) ) GLOBAL_UNIT_ASSIGNED_CONTEXT ( ( #7728, #9285, #6896 ) ) REPRESENTATION_CONTEXT ( 'NONE', 'WORKASPACE' ) );
#8396 = ORIENTED_EDGE ( 'NONE', *, *, #6571, .T. ) ;
#8397 = CARTESIAN_POINT ( 'NONE',  ( 0.5358853970800290245, 0.8272356462083849671, 0.7500000000000000000 ) ) ;
#8398 = ORIENTED_EDGE ( 'NONE', *, *, #9580, .F. ) ;
#8399 = PRESENTATION_LAYER_ASSIGNMENT (  '', '', ( #1755 ) ) ;
#8400 = ADVANCED_FACE ( 'NONE', ( #5107 ), #3304, .F. ) ;
#8401 = VECTOR ( 'NONE', #8925, 1000.000000000000000 ) ;
#8402 = FACE_OUTER_BOUND ( 'NONE', #5467, .T. ) ;
#8403 = ORIENTED_EDGE ( 'NONE', *, *, #4801, .T. ) ;
#8404 = DIRECTION ( 'NONE',  ( -0.3315284183504416116, -0.9434452330824798505, 0.000000000000000000 ) ) ;
#8405 = VECTOR ( 'NONE', #1345, 1000.000000000000000 ) ;
#8406 = CARTESIAN_POINT ( 'NONE',  ( 0.6173868622858413868, 0.8441681448105246011, 0.7600000000000000089 ) ) ;
#8407 = ORIENTED_EDGE ( 'NONE', *, *, #992, .F. ) ;
#8408 = VERTEX_POINT ( 'NONE', #7471 ) ;
#8409 = PRESENTATION_STYLE_ASSIGNMENT (( #1434 ) ) ;
#8410 = ORIENTED_EDGE ( 'NONE', *, *, #5057, .T. ) ;
#8411 = DIRECTION ( 'NONE',  ( -0.000000000000000000, 1.000000000000000000, -0.000000000000000000 ) ) ;
#8412 = CARTESIAN_POINT ( 'NONE',  ( 1.000000000000003553, -0.9999999999999961142, 0.7500000000000000000 ) ) ;
#8413 = VECTOR ( 'NONE', #273, 1000.000000000000000 ) ;
#8414 = DIRECTION ( 'NONE',  ( 1.000000000000000000, 3.491481338843133355E-15, -0.000000000000000000 ) ) ;
#8415 = EDGE_CURVE ( 'NONE', #9856, #8921, #5103, .T. ) ;
#8416 = ORIENTED_EDGE ( 'NONE', *, *, #3792, .T. ) ;
#8417 = ORIENTED_EDGE ( 'NONE', *, *, #992, .T. ) ;
#8418 = DIRECTION ( 'NONE',  ( 0.3315284183576361898, 0.9434452330799515396, -0.000000000000000000 ) ) ;
#8419 = CARTESIAN_POINT ( 'NONE',  ( 0.9057698606792714546, 0.6915546064918139946, 0.7600000000000000089 ) ) ;
#8420 = VERTEX_POINT ( 'NONE', #8533 ) ;
#8421 = VECTOR ( 'NONE', #7258, 1000.000000000000000 ) ;
#8422 = PLANE ( 'NONE',  #5695 ) ;
#8423 = CARTESIAN_POINT ( 'NONE',  ( 0.8648975500831893592, 0.6581317110782219926, 0.7600000000000000089 ) ) ;
#8424 = CARTESIAN_POINT ( 'NONE',  ( 0.1500000000000035749, -1.000999999999999890, 0.1800000000000000211 ) ) ;
#8425 = CARTESIAN_POINT ( 'NONE',  ( 0.6349604084856546038, 0.7080450033032648083, 0.7600000000000000089 ) ) ;
#8426 = CARTESIAN_POINT ( 'NONE',  ( 0.4750300855225406127, 0.6581317110782198831, 0.7500000000000000000 ) ) ;
#8427 = DIRECTION ( 'NONE',  ( 0.000000000000000000, 1.000000000000000000, -0.000000000000000000 ) ) ;
#8428 = DIRECTION ( 'NONE',  ( 0.000000000000000000, -1.000000000000000000, 0.000000000000000000 ) ) ;
#8429 = EDGE_CURVE ( 'NONE', #1888, #5079, #6018, .T. ) ;
#8430 = ORIENTED_EDGE ( 'NONE', *, *, #8796, .T. ) ;
#8431 = AXIS2_PLACEMENT_3D ( 'NONE', #10012, #7502, #3594 ) ;
#8432 = CARTESIAN_POINT ( 'NONE',  ( 0.08695678859331436306, 0.6590614643403862605, 0.7500000000000000000 ) ) ;
#8433 = EDGE_CURVE ( 'NONE', #6521, #5227, #8386, .T. ) ;
#8434 = B_SPLINE_CURVE_WITH_KNOTS ( 'NONE', 3,
 ( #401, #6582, #1192, #9079 ),
 .UNSPECIFIED., .F., .F.,
 ( 4, 4 ),
 ( 27.00000000000000000, 28.00000000000000000 ),
 .UNSPECIFIED. ) ;
#8435 = VECTOR ( 'NONE', #668, 1000.000000000000000 ) ;
#8436 = LINE ( 'NONE', #4481, #9202 ) ;
#8437 = LINE ( 'NONE', #10031, #9297 ) ;
#8438 = DIRECTION ( 'NONE',  ( -0.000000000000000000, 1.000000000000000000, -0.000000000000000000 ) ) ;
#8439 = CARTESIAN_POINT ( 'NONE',  ( 0.7351185692799332427, 0.8155199487416484594, 0.7600000000000000089 ) ) ;
#8440 = LINE ( 'NONE', #6172, #6024 ) ;
#8441 = EDGE_CURVE ( 'NONE', #9845, #1888, #1986, .T. ) ;
#8442 = EDGE_LOOP ( 'NONE', ( #2886, #488, #1463, #10015 ) ) ;
#8443 = VECTOR ( 'NONE', #2905, 1000.000000000000000 ) ;
#8444 = LINE ( 'NONE', #9986, #2781 ) ;
#8445 = VERTEX_POINT ( 'NONE', #5918 ) ;
#8446 = SURFACE_STYLE_FILL_AREA ( #1999 ) ;
#8447 = VERTEX_POINT ( 'NONE', #3755 ) ;
#8448 = CARTESIAN_POINT ( 'NONE',  ( -0.5000000000000034417, 1.000999999999998558, 0.1800000000000000211 ) ) ;
#8449 = B_SPLINE_CURVE_WITH_KNOTS ( 'NONE', 3,
 ( #10002, #1342, #8508, #594 ),
 .UNSPECIFIED., .F., .F.,
 ( 4, 4 ),
 ( 3.000000000000000000, 4.000000000000000000 ),
 .UNSPECIFIED. ) ;
#8450 = ORIENTED_EDGE ( 'NONE', *, *, #2136, .T. ) ;
#8451 = FACE_OUTER_BOUND ( 'NONE', #4696, .T. ) ;
#8452 = ADVANCED_FACE ( 'NONE', ( #3559 ), #403, .F. ) ;
#8453 = DIRECTION ( 'NONE',  ( 0.000000000000000000, 0.000000000000000000, 1.000000000000000000 ) ) ;
#8454 = B_SPLINE_CURVE_WITH_KNOTS ( 'NONE', 3,
 ( #2855, #8519, #7776, #7889 ),
 .UNSPECIFIED., .F., .F.,
 ( 4, 4 ),
 ( 7.000000000000000000, 8.000000000000000000 ),
 .UNSPECIFIED. ) ;
#8455 = VERTEX_POINT ( 'NONE', #4482 ) ;
#8456 = VERTEX_POINT ( 'NONE', #6803 ) ;
#8457 = ADVANCED_FACE ( 'NONE', ( #9879 ), #2189, .F. ) ;
#8458 = ORIENTED_EDGE ( 'NONE', *, *, #8285, .T. ) ;
#8459 = CARTESIAN_POINT ( 'NONE',  ( 0.8118895453198080592, 0.7346595311332154710, 0.7600000000000000089 ) ) ;
#8460 = CARTESIAN_POINT ( 'NONE',  ( 0.8360283031183790570, 0.7021650494806563891, 0.7600000000000000089 ) ) ;
#8461 = DIRECTION ( 'NONE',  ( -0.000000000000000000, -0.000000000000000000, -1.000000000000000000 ) ) ;
#8462 = CARTESIAN_POINT ( 'NONE',  ( 0.1256910405033054012, 0.8539622931460290056, 0.7500000000000000000 ) ) ;
#8463 = LINE ( 'NONE', #4558, #8405 ) ;
#8464 = UNCERTAINTY_MEASURE_WITH_UNIT (LENGTH_MEASURE( 1.000000000000000082E-05 ), #6194, 'distance_accuracy_value', 'NONE');
#8465 = ORIENTED_EDGE ( 'NONE', *, *, #9834, .F. ) ;
#8466 = LINE ( 'NONE', #1546, #2454 ) ;
#8467 = CARTESIAN_POINT ( 'NONE',  ( 0.7145166258103864410, 0.7446068214348511294, 0.7600000000000000089 ) ) ;
#8468 = EDGE_LOOP ( 'NONE', ( #5788, #6600, #1897, #6125 ) ) ;
#8469 = DIRECTION ( 'NONE',  ( -1.000000000000000000, 0.000000000000000000, 0.000000000000000000 ) ) ;
#8470 = CARTESIAN_POINT ( 'NONE',  ( 0.5460316331877688167, 0.6683442624542664801, 0.7500000000000000000 ) ) ;
#8471 = B_SPLINE_SURFACE_WITH_KNOTS ( 'NONE', 3, 1, ( 
 ( #849, #5557 ),
 ( #3187, #5318 ),
 ( #9996, #6821 ),
 ( #7116, #6389 ) ),
 .UNSPECIFIED., .F., .F., .F.,
 ( 4, 4 ),
 ( 2, 2 ),
 ( 4.000000000000000000, 5.000000000000000000 ),
 ( 0.000000000000000000, 1.000000000000000000 ),
 .UNSPECIFIED. ) ;
#8472 = EDGE_CURVE ( 'NONE', #3332, #9187, #9979, .T. ) ;
#8473 = DIRECTION ( 'NONE',  ( 3.491481338843133355E-15, -1.000000000000000000, 0.000000000000000000 ) ) ;
#8474 = CARTESIAN_POINT ( 'NONE',  ( 0.6225373481532305853, 0.6655148109909306831, 0.7600000000000000089 ) ) ;
#8475 = CARTESIAN_POINT ( 'NONE',  ( 0.7442700763577460021, 0.7953158968843083709, 0.7600000000000000089 ) ) ;
#8476 = B_SPLINE_CURVE_WITH_KNOTS ( 'NONE', 3,
 ( #1240, #6680, #2798, #2700 ),
 .UNSPECIFIED., .F., .F.,
 ( 4, 4 ),
 ( 1.000000000000000000, 2.000000000000000000 ),
 .UNSPECIFIED. ) ;
#8477 = CARTESIAN_POINT ( 'NONE',  ( 0.6309593872752314869, 0.6615801050491079138, 0.7600000000000000089 ) ) ;
#8478 = ORIENTED_EDGE ( 'NONE', *, *, #4353, .T. ) ;
#8479 = VECTOR ( 'NONE', #8149, 1000.000000000000000 ) ;
#8480 = B_SPLINE_CURVE_WITH_KNOTS ( 'NONE', 3,
 ( #315, #5802, #2663, #8319 ),
 .UNSPECIFIED., .F., .F.,
 ( 4, 4 ),
 ( 3.000000000000000000, 4.000000000000000000 ),
 .UNSPECIFIED. ) ;
#8481 = CARTESIAN_POINT ( 'NONE',  ( 0.6928536380420127205, 0.7953158968843083709, 0.7500000000000000000 ) ) ;
#8482 = CARTESIAN_POINT ( 'NONE',  ( 0.6309593872752314869, 0.6615801050491079138, 0.7600000000000000089 ) ) ;
#8483 = EDGE_CURVE ( 'NONE', #7942, #2780, #8437, .T. ) ;
#8484 = VECTOR ( 'NONE', #3231, 1000.000000000000000 ) ;
#8485 = DIRECTION ( 'NONE',  ( 1.000000000000000000, 3.491481338843133355E-15, -0.000000000000000000 ) ) ;
#8486 = LINE ( 'NONE', #4535, #7625 ) ;
#8487 = CARTESIAN_POINT ( 'NONE',  ( 0.5366590752143179932, 0.8705174115654762401, 0.7500000000000000000 ) ) ;
#8488 = SURFACE_STYLE_FILL_AREA ( #9302 ) ;
#8489 = CARTESIAN_POINT ( 'NONE',  ( 0.7566047163314477686, 0.7069839590044382227, 0.7600000000000000089 ) ) ;
#8490 = EDGE_LOOP ( 'NONE', ( #491, #5072, #5287, #9849 ) ) ;
#8491 = EDGE_CURVE ( 'NONE', #8604, #8992, #8486, .T. ) ;
#8492 = COLOUR_RGB ( '',0.6666666666666666297, 0.6666666666666666297, 0.6666666666666666297 ) ;
#8493 = CARTESIAN_POINT ( 'NONE',  ( 0.5379411704087839752, 0.7155607337537686075, 0.7600000000000000089 ) ) ;
#8494 = ADVANCED_FACE ( 'NONE', ( #6905 ), #4314, .T. ) ;
#8495 = EDGE_LOOP ( 'NONE', ( #2159, #7660, #13, #5644 ) ) ;
#8496 = DIRECTION ( 'NONE',  ( 1.000000000000000000, -0.000000000000000000, -0.000000000000000000 ) ) ;
#8497 = ORIENTED_EDGE ( 'NONE', *, *, #4613, .T. ) ;
#8498 = COLOUR_RGB ( '',0.6666666666666666297, 0.6666666666666666297, 0.6666666666666666297 ) ;
#8499 = CARTESIAN_POINT ( 'NONE',  ( 0.8910920812113980460, 0.7335542766547332727, 0.7600000000000000089 ) ) ;
#8500 = CARTESIAN_POINT ( 'NONE',  ( 0.7844129189974262673, 0.8646816679219360147, 0.7600000000000000089 ) ) ;
#8501 = EDGE_CURVE ( 'NONE', #1611, #2718, #8635, .T. ) ;
#8502 = ORIENTED_EDGE ( 'NONE', *, *, #4416, .F. ) ;
#8503 = DIRECTION ( 'NONE',  ( -3.491481338843133355E-15, 1.000000000000000000, 0.000000000000000000 ) ) ;
#8504 = APPLICATION_CONTEXT ( 'automotive_design' ) ;
#8505 = CARTESIAN_POINT ( 'NONE',  ( 0.2714055516484271124, 0.6768914967966971341, 0.7500000000000000000 ) ) ;
#8506 = ORIENTED_EDGE ( 'NONE', *, *, #8268, .T. ) ;
#8507 = CARTESIAN_POINT ( 'NONE',  ( 0.5514915903089311344, 0.6566727751671871394, 0.7500000000000000000 ) ) ;
#8508 = CARTESIAN_POINT ( 'NONE',  ( 0.1336838152908021993, 0.8644143882141983593, 0.7600000000000000089 ) ) ;
#8509 = CARTESIAN_POINT ( 'NONE',  ( 0.8000000000000008216, -0.2809999999999975850, -0.02000000000000000042 ) ) ;
#8510 = MECHANICAL_DESIGN_GEOMETRIC_PRESENTATION_REPRESENTATION (  '', ( #6830 ), #9325 ) ;
#8511 = CARTESIAN_POINT ( 'NONE',  ( -0.4999999999999964473, -1.000000000000002220, 0.000000000000000000 ) ) ;
#8512 = EDGE_CURVE ( 'NONE', #3593, #8357, #9349, .T. ) ;
#8513 = CARTESIAN_POINT ( 'NONE',  ( 0.3814599626998216864, 0.6854991148470219731, 0.7600000000000000089 ) ) ;
#8514 = ORIENTED_EDGE ( 'NONE', *, *, #1246, .T. ) ;
#8515 = ORIENTED_EDGE ( 'NONE', *, *, #8050, .T. ) ;
#8516 = CARTESIAN_POINT ( 'NONE',  ( 0.5000000000000008882, -0.2809999999999986398, -0.02000000000000000042 ) ) ;
#8517 =( NAMED_UNIT ( * ) SI_UNIT ( $, .STERADIAN. ) SOLID_ANGLE_UNIT ( ) );
#8518 = ORIENTED_EDGE ( 'NONE', *, *, #3107, .T. ) ;
#8519 = CARTESIAN_POINT ( 'NONE',  ( 0.6135626817919864751, 0.7213080570391718904, 0.7500000000000000000 ) ) ;
#8520 = LINE ( 'NONE', #6892, #3791 ) ;
#8521 = CARTESIAN_POINT ( 'NONE',  ( 0.8360283031183790570, 0.7021650494806563891, 0.7600000000000000089 ) ) ;
#8522 = DIRECTION ( 'NONE',  ( -0.3559357243698855755, 0.9345104387417429992, -0.000000000000000000 ) ) ;
#8523 = PLANE ( 'NONE',  #5709 ) ;
#8524 = DIRECTION ( 'NONE',  ( -0.000000000000000000, -0.000000000000000000, -1.000000000000000000 ) ) ;
#8525 = CARTESIAN_POINT ( 'NONE',  ( 0.6932957398326979881, 0.8718437169393019603, 0.7600000000000000089 ) ) ;
#8526 = ORIENTED_EDGE ( 'NONE', *, *, #1361, .T. ) ;
#8527 = CARTESIAN_POINT ( 'NONE',  ( 0.5962765017564184422, 0.7032260937794797551, 0.7600000000000000089 ) ) ;
#8528 = VERTEX_POINT ( 'NONE', #7959 ) ;
#8529 = CARTESIAN_POINT ( 'NONE',  ( 0.1994705433798436012, 0.9049931171414455910, 0.7500000000000000000 ) ) ;
#8530 = CARTESIAN_POINT ( 'NONE',  ( 0.1447507360313918801, 0.6541427885982323831, 0.7600000000000000089 ) ) ;
#8531 = COLOUR_RGB ( '',0.6666666666666666297, 0.6666666666666666297, 0.6666666666666666297 ) ;
#8532 = DIRECTION ( 'NONE',  ( -0.000000000000000000, -0.000000000000000000, -1.000000000000000000 ) ) ;
#8533 = CARTESIAN_POINT ( 'NONE',  ( 0.6932957398326979881, 0.8718437169393019603, 0.7500000000000000000 ) ) ;
#8534 = FILL_AREA_STYLE_COLOUR ( '', #1249 ) ;
#8535 = SURFACE_SIDE_STYLE ('',( #8488 ) ) ;
#8536 = LINE ( 'NONE', #7112, #9871 ) ;
#8537 = EDGE_LOOP ( 'NONE', ( #4197, #9602, #4966, #9062, #5192, #5268, #10066, #5178, #6665, #9545, #9788, #5064, #7373, #6333, #10231, #2673, #1887, #5823, #536, #3886, #7151, #3844, #5889, #1359, #397, #4923, #9345, #2567, #4459, #3400, #1781, #4587, #3513 ) ) ;
#8538 = ADVANCED_FACE ( 'NONE', ( #4585 ), #3179, .F. ) ;
#8539 = DIRECTION ( 'NONE',  ( -0.000000000000000000, -1.000000000000000000, -0.000000000000000000 ) ) ;
#8540 = PRESENTATION_LAYER_ASSIGNMENT (  '', '', ( #3410 ) ) ;
#8541 =( GEOMETRIC_REPRESENTATION_CONTEXT ( 3 ) GLOBAL_UNCERTAINTY_ASSIGNED_CONTEXT ( ( #8953 ) ) GLOBAL_UNIT_ASSIGNED_CONTEXT ( ( #7003, #9409, #8638 ) ) REPRESENTATION_CONTEXT ( 'NONE', 'WORKASPACE' ) );
#8542 = EDGE_LOOP ( 'NONE', ( #937, #3358, #4043, #9 ) ) ;
#8543 = LINE ( 'NONE', #6228, #7679 ) ;
#8544 = VERTEX_POINT ( 'NONE', #6951 ) ;
#8545 = DIRECTION ( 'NONE',  ( 0.000000000000000000, 0.000000000000000000, 1.000000000000000000 ) ) ;
#8546 = ORIENTED_EDGE ( 'NONE', *, *, #4582, .F. ) ;
#8547 = DIRECTION ( 'NONE',  ( 0.000000000000000000, 0.000000000000000000, -1.000000000000000000 ) ) ;
#8548 = MECHANICAL_DESIGN_GEOMETRIC_PRESENTATION_REPRESENTATION (  '', ( #4732 ), #2409 ) ;
#8549 = VECTOR ( 'NONE', #9619, 1000.000000000000000 ) ;
#8550 = EDGE_CURVE ( 'NONE', #9111, #5677, #9563, .T. ) ;
#8551 = LINE ( 'NONE', #690, #4756 ) ;
#8552 = B_SPLINE_SURFACE_WITH_KNOTS ( 'NONE', 3, 1, ( 
 ( #3042, #9955 ),
 ( #7654, #7818 ),
 ( #2065, #6878 ),
 ( #4554, #5370 ) ),
 .UNSPECIFIED., .F., .F., .F.,
 ( 4, 4 ),
 ( 2, 2 ),
 ( 12.00000000000000000, 13.00000000000000000 ),
 ( 0.000000000000000000, 1.000000000000000000 ),
 .UNSPECIFIED. ) ;
#8553 = ORIENTED_EDGE ( 'NONE', *, *, #8331, .T. ) ;
#8554 = CARTESIAN_POINT ( 'NONE',  ( 0.2800131462448763875, 0.6959511923247825305, 0.7500000000000000000 ) ) ;
#8555 = STYLED_ITEM ( 'NONE', ( #9994 ), #3498 ) ;
#8556 = EDGE_CURVE ( 'NONE', #8094, #6470, #2295, .T. ) ;
#8557 = EDGE_LOOP ( 'NONE', ( #1389, #2878, #1474, #3562 ) ) ;
#8558 = CARTESIAN_POINT ( 'NONE',  ( 0.5455011110383591877, 0.6566727751671871394, 0.7600000000000000089 ) ) ;
#8559 = DIRECTION ( 'NONE',  ( -0.000000000000000000, -0.000000000000000000, -1.000000000000000000 ) ) ;
#8560 = DIRECTION ( 'NONE',  ( -0.3559357243643058166, -0.9345104387438680771, -0.000000000000000000 ) ) ;
#8561 = CARTESIAN_POINT ( 'NONE',  ( 0.7277354693672223318, 0.8393492352867428785, 0.7500000000000000000 ) ) ;
#8562 = CARTESIAN_POINT ( 'NONE',  ( 0.7028451385227174608, 0.7198933313072090057, 0.7600000000000000089 ) ) ;
#8563 = EDGE_CURVE ( 'NONE', #8056, #1224, #5605, .T. ) ;
#8564 = VECTOR ( 'NONE', #98, 1000.000000000000000 ) ;
#8565 = VECTOR ( 'NONE', #3822, 1000.000000000000000 ) ;
#8566 = ORIENTED_EDGE ( 'NONE', *, *, #8807, .T. ) ;
#8567 = DIRECTION ( 'NONE',  ( -0.000000000000000000, -0.000000000000000000, -1.000000000000000000 ) ) ;
#8568 = CARTESIAN_POINT ( 'NONE',  ( 0.5542989366830318732, 0.6655590211699972114, 0.7600000000000000089 ) ) ;
#8569 = ORIENTED_EDGE ( 'NONE', *, *, #1697, .T. ) ;
#8570 = EDGE_CURVE ( 'NONE', #5004, #5520, #7722, .T. ) ;
#8571 = LINE ( 'NONE', #607, #1840 ) ;
#8572 = CARTESIAN_POINT ( 'NONE',  ( 0.2941542129388484694, 0.6953363725158325792, 0.7600000000000000089 ) ) ;
#8573 = VECTOR ( 'NONE', #3777, 1000.000000000000000 ) ;
#8574 = PRESENTATION_STYLE_ASSIGNMENT (( #3788 ) ) ;
#8575 = FILL_AREA_STYLE_COLOUR ( '', #6808 ) ;
#8576 = CARTESIAN_POINT ( 'NONE',  ( 0.6457919023698426297, 0.6299256168000324507, 0.7500000000000000000 ) ) ;
#8577 = SURFACE_SIDE_STYLE ('',( #9339 ) ) ;
#8578 = SURFACE_SIDE_STYLE ('',( #5391 ) ) ;
#8579 = VERTEX_POINT ( 'NONE', #4787 ) ;
#8580 = DIRECTION ( 'NONE',  ( 0.000000000000000000, 1.000000000000000000, -0.000000000000000000 ) ) ;
#8581 = VECTOR ( 'NONE', #6556, 1000.000000000000000 ) ;
#8582 = ORIENTED_EDGE ( 'NONE', *, *, #5883, .T. ) ;
#8583 = DIRECTION ( 'NONE',  ( 1.000000000000000000, 2.549070185074372289E-13, -0.000000000000000000 ) ) ;
#8584 = B_SPLINE_CURVE_WITH_KNOTS ( 'NONE', 3,
 ( #2365, #8658, #6975, #10158 ),
 .UNSPECIFIED., .F., .F.,
 ( 4, 4 ),
 ( 4.000000000000000000, 5.000000000000000000 ),
 .UNSPECIFIED. ) ;
#8585 = VERTEX_POINT ( 'NONE', #7846 ) ;
#8586 = B_SPLINE_CURVE_WITH_KNOTS ( 'NONE', 3,
 ( #388, #6666, #4138, #975 ),
 .UNSPECIFIED., .F., .F.,
 ( 4, 4 ),
 ( 4.000000000000000000, 5.000000000000000000 ),
 .UNSPECIFIED. ) ;
#8587 = CARTESIAN_POINT ( 'NONE',  ( 0.1447507360313918801, 0.6541427885982323831, 0.7500000000000000000 ) ) ;
#8588 = DIRECTION ( 'NONE',  ( 0.000000000000000000, 0.000000000000000000, -1.000000000000000000 ) ) ;
#8589 = B_SPLINE_CURVE_WITH_KNOTS ( 'NONE', 3,
 ( #3963, #9667, #899, #8116 ),
 .UNSPECIFIED., .F., .F.,
 ( 4, 4 ),
 ( 14.00000000000000000, 15.00000000000000000 ),
 .UNSPECIFIED. ) ;
#8590 = AXIS2_PLACEMENT_3D ( 'NONE', #9571, #209, #8940 ) ;
#8591 = FILL_AREA_STYLE_COLOUR ( '', #10025 ) ;
#8592 = ORIENTED_EDGE ( 'NONE', *, *, #8153, .F. ) ;
#8593 = PLANE ( 'NONE',  #4442 ) ;
#8594 = STYLED_ITEM ( 'NONE', ( #5830 ), #6066 ) ;
#8595 = ORIENTED_EDGE ( 'NONE', *, *, #3246, .F. ) ;
#8596 = FILL_AREA_STYLE ('',( #5265 ) ) ;
#8597 = ORIENTED_EDGE ( 'NONE', *, *, #3286, .T. ) ;
#8598 = DIRECTION ( 'NONE',  ( 0.000000000000000000, 0.000000000000000000, 1.000000000000000000 ) ) ;
#8599 = ADVANCED_FACE ( 'NONE', ( #673 ), #3853, .F. ) ;
#8600 = ORIENTED_EDGE ( 'NONE', *, *, #7514, .F. ) ;
#8601 = CARTESIAN_POINT ( 'NONE',  ( -0.4999999999999965583, -1.000000000000001332, 0.1800000000000000488 ) ) ;
#8602 = FILL_AREA_STYLE_COLOUR ( '', #8887 ) ;
#8603 = VECTOR ( 'NONE', #8583, 1000.000000000000000 ) ;
#8604 = VERTEX_POINT ( 'NONE', #10182 ) ;
#8605 = CARTESIAN_POINT ( 'NONE',  ( 0.5510494885176557833, 0.8699868894160619481, 0.7600000000000000089 ) ) ;
#8606 = VERTEX_POINT ( 'NONE', #9456 ) ;
#8607 = LINE ( 'NONE', #1485, #9331 ) ;
#8608 = ORIENTED_EDGE ( 'NONE', *, *, #3226, .F. ) ;
#8609 = CARTESIAN_POINT ( 'NONE',  ( 0.5455011110383591877, 0.6566727751671871394, 0.7500000000000000000 ) ) ;
#8610 = ADVANCED_FACE ( 'NONE', ( #10237 ), #2388, .F. ) ;
#8611 = ORIENTED_EDGE ( 'NONE', *, *, #3938, .T. ) ;
#8612 = DIRECTION ( 'NONE',  ( -1.000000000000000000, 0.000000000000000000, 0.000000000000000000 ) ) ;
#8613 = DIRECTION ( 'NONE',  ( 3.347305518033890778E-15, -1.000000000000000000, 0.000000000000000000 ) ) ;
#8614 = FACE_OUTER_BOUND ( 'NONE', #6966, .T. ) ;
#8615 = DIRECTION ( 'NONE',  ( -5.484558853623112879E-14, 1.000000000000000000, -0.000000000000000000 ) ) ;
#8616 = EDGE_CURVE ( 'NONE', #5575, #8604, #4734, .T. ) ;
#8617 = ORIENTED_EDGE ( 'NONE', *, *, #8328, .T. ) ;
#8618 = DIRECTION ( 'NONE',  ( -0.000000000000000000, 1.000000000000000000, -0.000000000000000000 ) ) ;
#8619 = CARTESIAN_POINT ( 'NONE',  ( 0.1453655675675734060, 0.6172530840677115105, 0.7600000000000000089 ) ) ;
#8620 = ORIENTED_EDGE ( 'NONE', *, *, #5311, .T. ) ;
#8621 = ORIENTED_EDGE ( 'NONE', *, *, #4269, .T. ) ;
#8622 = CARTESIAN_POINT ( 'NONE',  ( 0.7035967115674726102, 0.8718437169393019603, 0.7600000000000000089 ) ) ;
#8623 = LINE ( 'NONE', #5484, #4785 ) ;
#8624 = EDGE_CURVE ( 'NONE', #9187, #5769, #409, .T. ) ;
#8625 = LINE ( 'NONE', #7834, #5547 ) ;
#8626 = CARTESIAN_POINT ( 'NONE',  ( 0.6062237920583464224, 0.8817910072409375077, 0.7500000000000000000 ) ) ;
#8627 = FACE_OUTER_BOUND ( 'NONE', #9082, .T. ) ;
#8628 = DIRECTION ( 'NONE',  ( -1.000000000000000000, -0.000000000000000000, -0.000000000000000000 ) ) ;
#8629 = FILL_AREA_STYLE_COLOUR ( '', #763 ) ;
#8630 = ORIENTED_EDGE ( 'NONE', *, *, #5404, .F. ) ;
#8631 = CARTESIAN_POINT ( 'NONE',  ( 0.2929245733206523039, 0.7303816527997251118, 0.7600000000000000089 ) ) ;
#8632 = LINE ( 'NONE', #6267, #10245 ) ;
#8633 = ORIENTED_EDGE ( 'NONE', *, *, #9246, .T. ) ;
#8634 = DIRECTION ( 'NONE',  ( -0.000000000000000000, -0.000000000000000000, -1.000000000000000000 ) ) ;
#8635 = LINE ( 'NONE', #7790, #3170 ) ;
#8636 = DIRECTION ( 'NONE',  ( -0.000000000000000000, -0.000000000000000000, -1.000000000000000000 ) ) ;
#8637 = VECTOR ( 'NONE', #1692, 1000.000000000000000 ) ;
#8638 =( NAMED_UNIT ( * ) SI_UNIT ( $, .STERADIAN. ) SOLID_ANGLE_UNIT ( ) );
#8639 = ORIENTED_EDGE ( 'NONE', *, *, #4195, .F. ) ;
#8640 = B_SPLINE_CURVE_WITH_KNOTS ( 'NONE', 3,
 ( #4967, #237, #1034, #4194 ),
 .UNSPECIFIED., .F., .F.,
 ( 4, 4 ),
 ( 1.000000000000000000, 2.000000000000000000 ),
 .UNSPECIFIED. ) ;
#8641 = UNCERTAINTY_MEASURE_WITH_UNIT (LENGTH_MEASURE( 1.000000000000000082E-05 ), #3471, 'distance_accuracy_value', 'NONE');
#8642 = CARTESIAN_POINT ( 'NONE',  ( 0.7028451385227174608, 0.7198933313072090057, 0.7600000000000000089 ) ) ;
#8643 = EDGE_CURVE ( 'NONE', #6934, #7357, #3399, .T. ) ;
#8644 = AXIS2_PLACEMENT_3D ( 'NONE', #6813, #8545, #3621 ) ;
#8645 = ORIENTED_EDGE ( 'NONE', *, *, #312, .F. ) ;
#8646 = ORIENTED_EDGE ( 'NONE', *, *, #8026, .T. ) ;
#8647 = PLANE ( 'NONE',  #8147 ) ;
#8648 = EDGE_LOOP ( 'NONE', ( #3719, #6502, #1198, #650 ) ) ;
#8649 = VECTOR ( 'NONE', #2031, 1000.000000000000000 ) ;
#8650 = CARTESIAN_POINT ( 'NONE',  ( 0.5665893664779527716, 0.8038042512749101753, 0.7500000000000000000 ) ) ;
#8651 = ORIENTED_EDGE ( 'NONE', *, *, #4480, .T. ) ;
#8652 = FACE_OUTER_BOUND ( 'NONE', #7588, .T. ) ;
#8653 = AXIS2_PLACEMENT_3D ( 'NONE', #7930, #6347, #7985 ) ;
#8654 = ORIENTED_EDGE ( 'NONE', *, *, #6658, .T. ) ;
#8655 = FILL_AREA_STYLE ('',( #2313 ) ) ;
#8656 = DIRECTION ( 'NONE',  ( -1.000000000000000000, -3.355956067282445301E-15, 0.000000000000000000 ) ) ;
#8657 = LINE ( 'NONE', #8509, #6201 ) ;
#8658 = CARTESIAN_POINT ( 'NONE',  ( 0.7277354693672223318, 0.8501365189918616005, 0.7600000000000000089 ) ) ;
#8659 = PLANE ( 'NONE',  #7054 ) ;
#8660 = VECTOR ( 'NONE', #4890, 1000.000000000000000 ) ;
#8661 = EDGE_CURVE ( 'NONE', #2372, #7444, #726, .T. ) ;
#8662 = ORIENTED_EDGE ( 'NONE', *, *, #6635, .F. ) ;
#8663 = CARTESIAN_POINT ( 'NONE',  ( -0.5999999999999982014, -0.5000000000000018874, -0.02000000000000000042 ) ) ;
#8664 = EDGE_LOOP ( 'NONE', ( #4545, #7539, #7785, #810 ) ) ;
#8665 = CARTESIAN_POINT ( 'NONE',  ( 0.6268036304380679713, 0.6738705348443274623, 0.7500000000000000000 ) ) ;
#8666 = CARTESIAN_POINT ( 'NONE',  ( 0.08695678859331436306, 0.6590614643403862605, 0.7600000000000000089 ) ) ;
#8667 = ORIENTED_EDGE ( 'NONE', *, *, #155, .F. ) ;
#8668 = DIRECTION ( 'NONE',  ( 0.000000000000000000, 0.000000000000000000, 1.000000000000000000 ) ) ;
#8669 = DIRECTION ( 'NONE',  ( 0.000000000000000000, -1.000000000000000000, 0.000000000000000000 ) ) ;
#8670 = CARTESIAN_POINT ( 'NONE',  ( 0.6927873227734080430, 0.8051747668278055325, 0.7500000000000000000 ) ) ;
#8671 = CARTESIAN_POINT ( 'NONE',  ( 0.5460316331877688167, 0.6683442624542664801, 0.7600000000000000089 ) ) ;
#8672 = CARTESIAN_POINT ( 'NONE',  ( 0.6173868622858336153, 0.8051747668278049774, 0.7600000000000000089 ) ) ;
#8673 = EDGE_LOOP ( 'NONE', ( #2646, #85, #9140, #7216 ) ) ;
#8674 = EDGE_CURVE ( 'NONE', #7997, #3192, #10283, .T. ) ;
#8675 = CARTESIAN_POINT ( 'NONE',  ( 0.6677864664815245099, 0.6582643416154285720, 0.7600000000000000089 ) ) ;
#8676 = CARTESIAN_POINT ( 'NONE',  ( 0.1527435225458242118, 0.8810147781199886285, 0.7500000000000000000 ) ) ;
#8677 = ORIENTED_EDGE ( 'NONE', *, *, #2782, .F. ) ;
#8678 = CARTESIAN_POINT ( 'NONE',  ( 0.6435592883242243767, 0.7198933313072078954, 0.7600000000000000089 ) ) ;
#8679 = DIRECTION ( 'NONE',  ( -0.3493954794972936595, 0.9369753459439881249, 0.000000000000000000 ) ) ;
#8680 = VECTOR ( 'NONE', #7993, 1000.000000000000114 ) ;
#8681 = CARTESIAN_POINT ( 'NONE',  ( -0.1500000000000035749, 1.000000000000000000, 0.000000000000000000 ) ) ;
#8682 =( NAMED_UNIT ( * ) SI_UNIT ( $, .STERADIAN. ) SOLID_ANGLE_UNIT ( ) );
#8683 = CARTESIAN_POINT ( 'NONE',  ( 0.7684530443353877471, 0.8287387922984869038, 0.7600000000000000089 ) ) ;
#8684 = VERTEX_POINT ( 'NONE', #3014 ) ;
#8685 = ADVANCED_FACE ( 'NONE', ( #5037 ), #8856, .T. ) ;
#8686 = FACE_OUTER_BOUND ( 'NONE', #5226, .T. ) ;
#8687 = VECTOR ( 'NONE', #5062, 1000.000000000000000 ) ;
#8688 = CARTESIAN_POINT ( 'NONE',  ( 0.5438653344107565735, 0.6815188958320389512, 0.7600000000000000089 ) ) ;
#8689 = VERTEX_POINT ( 'NONE', #1778 ) ;
#8690 = CARTESIAN_POINT ( 'NONE',  ( 0.5542989366830318732, 0.6655590211699972114, 0.7600000000000000089 ) ) ;
#8691 = EDGE_CURVE ( 'NONE', #3778, #251, #3529, .T. ) ;
#8692 = ORIENTED_EDGE ( 'NONE', *, *, #8661, .T. ) ;
#8693 = PLANE ( 'NONE',  #3668 ) ;
#8694 = ADVANCED_FACE ( 'NONE', ( #5656 ), #3289, .F. ) ;
#8695 = ORIENTED_EDGE ( 'NONE', *, *, #1460, .F. ) ;
#8696 = CARTESIAN_POINT ( 'NONE',  ( 0.5500326543979000560, 0.8068547536341806881, 0.7500000000000000000 ) ) ;
#8697 = AXIS2_PLACEMENT_3D ( 'NONE', #5229, #6875, #10053 ) ;
#8698 = ORIENTED_EDGE ( 'NONE', *, *, #3173, .T. ) ;
#8699 = PRESENTATION_STYLE_ASSIGNMENT (( #4083 ) ) ;
#8700 = EDGE_CURVE ( 'NONE', #3200, #1693, #1829, .T. ) ;
#8701 = ORIENTED_EDGE ( 'NONE', *, *, #1096, .T. ) ;
#8702 = FACE_OUTER_BOUND ( 'NONE', #3515, .T. ) ;
#8703 = VECTOR ( 'NONE', #9288, 1000.000000000000000 ) ;
#8704 = PRESENTATION_STYLE_ASSIGNMENT (( #5323 ) ) ;
#8705 = VECTOR ( 'NONE', #8485, 1000.000000000000000 ) ;
#8706 = B_SPLINE_CURVE_WITH_KNOTS ( 'NONE', 3,
 ( #2612, #2769, #9925, #3449 ),
 .UNSPECIFIED., .F., .F.,
 ( 4, 4 ),
 ( 11.00000000000000000, 12.00000000000000000 ),
 .UNSPECIFIED. ) ;
#8707 = CARTESIAN_POINT ( 'NONE',  ( 0.8360283031183790570, 0.6913777657755382222, 0.7600000000000000089 ) ) ;
#8708 = DIRECTION ( 'NONE',  ( -0.000000000000000000, 1.000000000000000000, -0.000000000000000000 ) ) ;
#8709 = DIRECTION ( 'NONE',  ( 1.000000000000000000, 3.491481338843133355E-15, -0.000000000000000000 ) ) ;
#8710 = ORIENTED_EDGE ( 'NONE', *, *, #969, .T. ) ;
#8711 = CARTESIAN_POINT ( 'NONE',  ( 0.1500000000000026867, -0.7509999999999997788, 0.000000000000000000 ) ) ;
#8712 = MECHANICAL_DESIGN_GEOMETRIC_PRESENTATION_REPRESENTATION (  '', ( #3906 ), #747 ) ;
#8713 = CARTESIAN_POINT ( 'NONE',  ( 0.6483118825793947604, 0.8441681448105246011, 0.7600000000000000089 ) ) ;
#8714 = ORIENTED_EDGE ( 'NONE', *, *, #7989, .F. ) ;
#8715 = FACE_OUTER_BOUND ( 'NONE', #9598, .T. ) ;
#8716 = CARTESIAN_POINT ( 'NONE',  ( 0.5319064809591412812, 0.6862051748186153155, 0.7600000000000000089 ) ) ;
#8717 = FILL_AREA_STYLE_COLOUR ( '', #7048 ) ;
#8718 = CARTESIAN_POINT ( 'NONE',  ( 0.9999999999999965583, 1.000000000000003997, 0.7500000000000000000 ) ) ;
#8719 = EDGE_CURVE ( 'NONE', #8189, #8200, #8235, .T. ) ;
#8720 =( NAMED_UNIT ( * ) SI_UNIT ( $, .STERADIAN. ) SOLID_ANGLE_UNIT ( ) );
#8721 = CARTESIAN_POINT ( 'NONE',  ( 0.02239972504235621803, 0.8072352781754773554, 0.7500000000000000000 ) ) ;
#8722 = MECHANICAL_DESIGN_GEOMETRIC_PRESENTATION_REPRESENTATION (  '', ( #2090 ), #4250 ) ;
#8723 = AXIS2_PLACEMENT_3D ( 'NONE', #6190, #5322, #2163 ) ;
#8724 = ORIENTED_EDGE ( 'NONE', *, *, #8124, .T. ) ;
#8725 = DIRECTION ( 'NONE',  ( 0.000000000000000000, 0.000000000000000000, 1.000000000000000000 ) ) ;
#8726 = ORIENTED_EDGE ( 'NONE', *, *, #814, .T. ) ;
#8727 = VECTOR ( 'NONE', #8003, 1000.000000000000000 ) ;
#8728 = B_SPLINE_CURVE_WITH_KNOTS ( 'NONE', 3,
 ( #480, #1946, #5113, #8287 ),
 .UNSPECIFIED., .F., .F.,
 ( 4, 4 ),
 ( 2.000000000000000000, 3.000000000000000000 ),
 .UNSPECIFIED. ) ;
#8729 = CARTESIAN_POINT ( 'NONE',  ( 0.1500000000000026867, -0.7509999999999997788, 0.1800000000000000211 ) ) ;
#8730 = CARTESIAN_POINT ( 'NONE',  ( 0.8477661056752422430, 0.7024745207341381859, 0.7600000000000000089 ) ) ;
#8731 = ADVANCED_FACE ( 'NONE', ( #6486 ), #6439, .F. ) ;
#8732 = FILL_AREA_STYLE_COLOUR ( '', #1912 ) ;
#8733 = DIRECTION ( 'NONE',  ( 0.000000000000000000, 0.000000000000000000, 1.000000000000000000 ) ) ;
#8734 = EDGE_LOOP ( 'NONE', ( #8979, #7009 ) ) ;
#8735 = VECTOR ( 'NONE', #4648, 1000.000000000000000 ) ;
#8736 = ORIENTED_EDGE ( 'NONE', *, *, #1403, .T. ) ;
#8737 = LINE ( 'NONE', #2300, #6229 ) ;
#8738 = ADVANCED_FACE ( 'NONE', ( #4839 ), #4050, .F. ) ;
#8739 = CARTESIAN_POINT ( 'NONE',  ( 0.7999999999999973799, 0.7510000000000032205, -0.02000000000000000042 ) ) ;
#8740 = EDGE_LOOP ( 'NONE', ( #4773, #9726, #604, #9118, #878, #3369 ) ) ;
#8741 = CARTESIAN_POINT ( 'NONE',  ( 0.7264312690829315411, 0.8703405708492010229, 0.7600000000000000089 ) ) ;
#8742 = VECTOR ( 'NONE', #3500, 1000.000000000000000 ) ;
#8743 = EDGE_LOOP ( 'NONE', ( #8020, #9215, #3282, #8135 ) ) ;
#8744 = LINE ( 'NONE', #4902, #6064 ) ;
#8745 = CARTESIAN_POINT ( 'NONE',  ( 0.3132139319208068207, 0.7912497168735491693, 0.7600000000000000089 ) ) ;
#8746 = EDGE_CURVE ( 'NONE', #1562, #9466, #8165, .T. ) ;
#8747 = LINE ( 'NONE', #218, #5051 ) ;
#8748 = CARTESIAN_POINT ( 'NONE',  ( 0.6240183891535026062, 0.6797504886669357704, 0.7500000000000000000 ) ) ;
#8749 = UNCERTAINTY_MEASURE_WITH_UNIT (LENGTH_MEASURE( 1.000000000000000082E-05 ), #1853, 'distance_accuracy_value', 'NONE');
#8750 = VECTOR ( 'NONE', #6200, 1000.000000000000000 ) ;
#8751 = DIRECTION ( 'NONE',  ( -0.000000000000000000, -0.000000000000000000, -1.000000000000000000 ) ) ;
#8752 = ADVANCED_FACE ( 'NONE', ( #4059 ), #4114, .F. ) ;
#8753 = ORIENTED_EDGE ( 'NONE', *, *, #7201, .F. ) ;
#8754 = ORIENTED_EDGE ( 'NONE', *, *, #5480, .F. ) ;
#8755 = CARTESIAN_POINT ( 'NONE',  ( 0.6342972557987428539, 0.6851441305197928378, 0.7500000000000000000 ) ) ;
#8756 = VERTEX_POINT ( 'NONE', #7618 ) ;
#8757 = VECTOR ( 'NONE', #6699, 1000.000000000000000 ) ;
#8758 = LINE ( 'NONE', #9981, #8985 ) ;
#8759 = CARTESIAN_POINT ( 'NONE',  ( 0.6062237920583464224, 0.7953158968843062615, 0.7600000000000000089 ) ) ;
#8760 = CARTESIAN_POINT ( 'NONE',  ( 0.7256796960381816097, 0.7069839590044382227, 0.7600000000000000089 ) ) ;
#8761 = VERTEX_POINT ( 'NONE', #3743 ) ;
#8762 = CARTESIAN_POINT ( 'NONE',  ( 0.6349604084856546038, 0.7185670259333802878, 0.7500000000000000000 ) ) ;
#8763 = EDGE_LOOP ( 'NONE', ( #10100, #8275, #2598, #4467 ) ) ;
#8764 = LINE ( 'NONE', #6516, #3773 ) ;
#8765 = VECTOR ( 'NONE', #4057, 1000.000000000000000 ) ;
#8766 = CARTESIAN_POINT ( 'NONE',  ( 0.5195718409848524288, 0.7446068214348511294, 0.7600000000000000089 ) ) ;
#8767 = ORIENTED_EDGE ( 'NONE', *, *, #9740, .F. ) ;
#8768 = LINE ( 'NONE', #4775, #9600 ) ;
#8769 = CARTESIAN_POINT ( 'NONE',  ( 0.5439316496796552380, 0.6702010899775053820, 0.7500000000000000000 ) ) ;
#8770 = CARTESIAN_POINT ( 'NONE',  ( 0.8918436542561568592, 0.7306806150123267285, 0.7500000000000000000 ) ) ;
#8771 = CARTESIAN_POINT ( 'NONE',  ( 0.8011464717943481695, 0.6581317110782219926, 0.7500000000000000000 ) ) ;
#8772 = CARTESIAN_POINT ( 'NONE',  ( 0.1121648053452185684, 0.8183022340968790775, 0.7600000000000000089 ) ) ;
#8773 = PLANE ( 'NONE',  #3436 ) ;
#8774 = ORIENTED_EDGE ( 'NONE', *, *, #7869, .T. ) ;
#8775 = CARTESIAN_POINT ( 'NONE',  ( 0.6076606228795498055, 0.6655148109909301279, 0.7600000000000000089 ) ) ;
#8776 = EDGE_CURVE ( 'NONE', #4806, #4280, #6603, .T. ) ;
#8777 = CARTESIAN_POINT ( 'NONE',  ( 0.7277354693672234420, 0.8285619515816240455, 0.7500000000000000000 ) ) ;
#8778 = ORIENTED_EDGE ( 'NONE', *, *, #9561, .F. ) ;
#8779 = CARTESIAN_POINT ( 'NONE',  ( 0.6677864664815245099, 0.6582643416154285720, 0.7600000000000000089 ) ) ;
#8780 = CARTESIAN_POINT ( 'NONE',  ( 0.5993491092052226632, 0.6934556441941168714, 0.7500000000000000000 ) ) ;
#8781 = CARTESIAN_POINT ( 'NONE',  ( 0.5815324070202413376, 0.6978766621056951003, 0.7500000000000000000 ) ) ;
#8782 =( NAMED_UNIT ( * ) PLANE_ANGLE_UNIT ( ) SI_UNIT ( $, .RADIAN. ) );
#8783 = DIRECTION ( 'NONE',  ( -0.3559357243698730300, -0.9345104387417476621, -0.000000000000000000 ) ) ;
#8784 = CARTESIAN_POINT ( 'NONE',  ( 0.7123503270336647430, 0.8081810590080072965, 0.7600000000000000089 ) ) ;
#8785 = VERTEX_POINT ( 'NONE', #3694 ) ;
#8786 = VERTEX_POINT ( 'NONE', #6793 ) ;
#8787 = CARTESIAN_POINT ( 'NONE',  ( 0.5889155069332399073, 0.8680416415352748549, 0.7600000000000000089 ) ) ;
#8788 = EDGE_CURVE ( 'NONE', #7650, #2593, #9091, .T. ) ;
#8789 = CARTESIAN_POINT ( 'NONE',  ( 0.5510494885176557833, 0.8699868894160619481, 0.7500000000000000000 ) ) ;
#8790 = ORIENTED_EDGE ( 'NONE', *, *, #1021, .F. ) ;
#8791 = DIRECTION ( 'NONE',  ( 1.000000000000000000, -0.000000000000000000, -0.000000000000000000 ) ) ;
#8792 = AXIS2_PLACEMENT_3D ( 'NONE', #4086, #5628, #8035 ) ;
#8793 = VERTEX_POINT ( 'NONE', #5197 ) ;
#8794 = DIRECTION ( 'NONE',  ( -0.000000000000000000, -0.000000000000000000, -1.000000000000000000 ) ) ;
#8795 = CARTESIAN_POINT ( 'NONE',  ( -0.1500000000000035749, 1.000999999999999890, -0.02000000000000000042 ) ) ;
#8796 = EDGE_CURVE ( 'NONE', #4632, #7363, #5959, .T. ) ;
#8797 = LINE ( 'NONE', #2626, #7688 ) ;
#8798 = VECTOR ( 'NONE', #3120, 1000.000000000000000 ) ;
#8799 = FACE_OUTER_BOUND ( 'NONE', #4266, .T. ) ;
#8800 = ADVANCED_FACE ( 'NONE', ( #5291, #5094 ), #1931, .F. ) ;
#8801 = ORIENTED_EDGE ( 'NONE', *, *, #627, .T. ) ;
#8802 = CARTESIAN_POINT ( 'NONE',  ( 0.2265230254223644657, 0.9049931171414477005, 0.7500000000000000000 ) ) ;
#8803 = ORIENTED_EDGE ( 'NONE', *, *, #5750, .T. ) ;
#8804 = FACE_OUTER_BOUND ( 'NONE', #4355, .T. ) ;
#8805 = ORIENTED_EDGE ( 'NONE', *, *, #1438, .F. ) ;
#8806 = AXIS2_PLACEMENT_3D ( 'NONE', #2545, #5691, #4202 ) ;
#8807 = EDGE_CURVE ( 'NONE', #2014, #5829, #4371, .T. ) ;
#8808 = FACE_OUTER_BOUND ( 'NONE', #8248, .T. ) ;
#8809 = CARTESIAN_POINT ( 'NONE',  ( 0.6527329004912759691, 0.8051747668278049774, 0.7600000000000000089 ) ) ;
#8810 = DIRECTION ( 'NONE',  ( 0.000000000000000000, -0.000000000000000000, -1.000000000000000000 ) ) ;
#8811 = MECHANICAL_DESIGN_GEOMETRIC_PRESENTATION_REPRESENTATION (  '', ( #3005 ), #7641 ) ;
#8812 = ORIENTED_EDGE ( 'NONE', *, *, #7823, .F. ) ;
#8813 = CARTESIAN_POINT ( 'NONE',  ( 0.6129658443739728346, 0.6566727751671871394, 0.7500000000000000000 ) ) ;
#8814 = CARTESIAN_POINT ( 'NONE',  ( 0.9999999999999965583, 1.000000000000003997, 0.000000000000000000 ) ) ;
#8815 = B_SPLINE_CURVE_WITH_KNOTS ( 'NONE', 3,
 ( #3986, #6796, #2132, #9432 ),
 .UNSPECIFIED., .F., .F.,
 ( 4, 4 ),
 ( 0.000000000000000000, 1.000000000000000000 ),
 .UNSPECIFIED. ) ;
#8816 = ORIENTED_EDGE ( 'NONE', *, *, #3552, .T. ) ;
#8817 = VERTEX_POINT ( 'NONE', #468 ) ;
#8818 = PLANE ( 'NONE',  #4647 ) ;
#8819 = CARTESIAN_POINT ( 'NONE',  ( 0.7035967115674726102, 0.8718437169393019603, 0.7500000000000000000 ) ) ;
#8820 = ORIENTED_EDGE ( 'NONE', *, *, #8624, .F. ) ;
#8821 = EDGE_CURVE ( 'NONE', #1580, #7664, #2153, .T. ) ;
#8822 = LINE ( 'NONE', #1552, #4744 ) ;
#8823 = LINE ( 'NONE', #8152, #9970 ) ;
#8824 = EDGE_CURVE ( 'NONE', #2726, #1562, #3646, .T. ) ;
#8825 = MECHANICAL_DESIGN_GEOMETRIC_PRESENTATION_REPRESENTATION (  '', ( #5662 ), #5185 ) ;
#8826 =( NAMED_UNIT ( * ) PLANE_ANGLE_UNIT ( ) SI_UNIT ( $, .RADIAN. ) );
#8827 = CARTESIAN_POINT ( 'NONE',  ( 0.6098048165667382392, 0.6984513944347666703, 0.7500000000000000000 ) ) ;
#8828 = EDGE_LOOP ( 'NONE', ( #5088, #5491, #8465, #586 ) ) ;
#8829 = PLANE ( 'NONE',  #9744 ) ;
#8830 = CARTESIAN_POINT ( 'NONE',  ( 0.7184955419312778480, 0.8141936433678232943, 0.7600000000000000089 ) ) ;
#8831 = VERTEX_POINT ( 'NONE', #1155 ) ;
#8832 = CARTESIAN_POINT ( 'NONE',  ( -0.4999999999999972800, -0.7510000000000021103, 0.000000000000000000 ) ) ;
#8833 = CARTESIAN_POINT ( 'NONE',  ( 0.5379411704087839752, 0.7155607337537686075, 0.7600000000000000089 ) ) ;
#8834 = CARTESIAN_POINT ( 'NONE',  ( 0.6802316319037785552, 0.8718437169393019603, 0.7600000000000000089 ) ) ;
#8835 = LINE ( 'NONE', #9721, #8660 ) ;
#8836 = SURFACE_STYLE_FILL_AREA ( #4739 ) ;
#8837 = VERTEX_POINT ( 'NONE', #9968 ) ;
#8838 = LINE ( 'NONE', #267, #1448 ) ;
#8839 = CARTESIAN_POINT ( 'NONE',  ( 0.6225373481532305853, 0.6655148109909306831, 0.7500000000000000000 ) ) ;
#8840 = ORIENTED_EDGE ( 'NONE', *, *, #7579, .T. ) ;
#8841 = VECTOR ( 'NONE', #4423, 1000.000000000000000 ) ;
#8842 = CARTESIAN_POINT ( 'NONE',  ( 0.08511231743923075577, 0.8551919503543360390, 0.7600000000000000089 ) ) ;
#8843 = ORIENTED_EDGE ( 'NONE', *, *, #9807, .F. ) ;
#8844 = DIRECTION ( 'NONE',  ( -1.000000000000000000, -0.000000000000000000, -0.000000000000000000 ) ) ;
#8845 = DIRECTION ( 'NONE',  ( -1.253773678939720443E-14, 1.000000000000000000, 0.000000000000000000 ) ) ;
#8846 = DIRECTION ( 'NONE',  ( -0.000000000000000000, -0.000000000000000000, -1.000000000000000000 ) ) ;
#8847 = CARTESIAN_POINT ( 'NONE',  ( 0.2904652471765117316, 0.6959511923247825305, 0.7600000000000000089 ) ) ;
#8848 = EDGE_CURVE ( 'NONE', #77, #4960, #4325, .T. ) ;
#8849 = PLANE ( 'NONE',  #5554 ) ;
#8850 = MECHANICAL_DESIGN_GEOMETRIC_PRESENTATION_REPRESENTATION (  '', ( #1557 ), #4214 ) ;
#8851 = UNCERTAINTY_MEASURE_WITH_UNIT (LENGTH_MEASURE( 1.000000000000000082E-05 ), #6183, 'distance_accuracy_value', 'NONE');
#8852 = PLANE ( 'NONE',  #9897 ) ;
#8853 = VERTEX_POINT ( 'NONE', #7508 ) ;
#8854 = DIRECTION ( 'NONE',  ( -0.000000000000000000, 0.000000000000000000, -1.000000000000000000 ) ) ;
#8855 = ORIENTED_EDGE ( 'NONE', *, *, #1255, .F. ) ;
#8856 = B_SPLINE_SURFACE_WITH_KNOTS ( 'NONE', 3, 1, ( 
 ( #3446, #4939 ),
 ( #9617, #998 ),
 ( #261, #1102 ),
 ( #3339, #1877 ) ),
 .UNSPECIFIED., .F., .F., .F.,
 ( 4, 4 ),
 ( 2, 2 ),
 ( 1.000000000000000000, 2.000000000000000000 ),
 ( 0.000000000000000000, 1.000000000000000000 ),
 .UNSPECIFIED. ) ;
#8857 = DIRECTION ( 'NONE',  ( -0.000000000000000000, -0.000000000000000000, -1.000000000000000000 ) ) ;
#8858 = ORIENTED_EDGE ( 'NONE', *, *, #3485, .T. ) ;
#8859 = ADVANCED_FACE ( 'NONE', ( #2860 ), #2128, .F. ) ;
#8860 = DIRECTION ( 'NONE',  ( -1.000000000000000000, -0.000000000000000000, -0.000000000000000000 ) ) ;
#8861 = LINE ( 'NONE', #8809, #9989 ) ;
#8862 = SURFACE_STYLE_USAGE ( .BOTH. , #1029 ) ;
#8863 = VERTEX_POINT ( 'NONE', #2909 ) ;
#8864 = DIRECTION ( 'NONE',  ( -1.000000000000000000, -3.491481338843133355E-15, 0.000000000000000000 ) ) ;
#8865 = EDGE_CURVE ( 'NONE', #8379, #2882, #4519, .T. ) ;
#8866 = FACE_OUTER_BOUND ( 'NONE', #8161, .T. ) ;
#8867 = EDGE_LOOP ( 'NONE', ( #2218, #640, #32, #7293 ) ) ;
#8868 = VECTOR ( 'NONE', #9867, 1000.000000000000000 ) ;
#8869 = ORIENTED_EDGE ( 'NONE', *, *, #4367, .T. ) ;
#8870 = CARTESIAN_POINT ( 'NONE',  ( 0.3132139319208068207, 0.7912497168735491693, 0.7600000000000000089 ) ) ;
#8871 = LINE ( 'NONE', #1761, #3309 ) ;
#8872 = ORIENTED_EDGE ( 'NONE', *, *, #1722, .F. ) ;
#8873 =( LENGTH_UNIT ( ) NAMED_UNIT ( * ) SI_UNIT ( .MILLI., .METRE. ) );
#8874 = LINE ( 'NONE', #1765, #5320 ) ;
#8875 = EDGE_CURVE ( 'NONE', #6588, #9414, #5907, .T. ) ;
#8876 = CARTESIAN_POINT ( 'NONE',  ( 0.5665893664779527716, 0.8038042512749101753, 0.7600000000000000089 ) ) ;
#8877 = CARTESIAN_POINT ( 'NONE',  ( 0.4861931557500361323, 0.7069839590044362243, 0.7600000000000000089 ) ) ;
#8878 = CARTESIAN_POINT ( 'NONE',  ( 0.6695990838254016753, 0.6356287299063639873, 0.7500000000000000000 ) ) ;
#8879 = ORIENTED_EDGE ( 'NONE', *, *, #1123, .F. ) ;
#8880 = MECHANICAL_DESIGN_GEOMETRIC_PRESENTATION_REPRESENTATION (  '', ( #7704 ), #87 ) ;
#8881 = MECHANICAL_DESIGN_GEOMETRIC_PRESENTATION_REPRESENTATION (  '', ( #6212 ), #8071 ) ;
#8882 = DIRECTION ( 'NONE',  ( -1.000000000000000000, 0.000000000000000000, 0.000000000000000000 ) ) ;
#8883 = EDGE_CURVE ( 'NONE', #300, #3050, #9096, .T. ) ;
#8884 =( NAMED_UNIT ( * ) SI_UNIT ( $, .STERADIAN. ) SOLID_ANGLE_UNIT ( ) );
#8885 = ORIENTED_EDGE ( 'NONE', *, *, #10242, .F. ) ;
#8886 = DIRECTION ( 'NONE',  ( -0.000000000000000000, -0.000000000000000000, -1.000000000000000000 ) ) ;
#8887 = COLOUR_RGB ( '',0.6666666666666666297, 0.6666666666666666297, 0.6666666666666666297 ) ;
#8888 = SURFACE_STYLE_FILL_AREA ( #4838 ) ;
#8889 = SURFACE_SIDE_STYLE ('',( #953 ) ) ;
#8890 = VECTOR ( 'NONE', #5023, 1000.000000000000000 ) ;
#8891 =( NAMED_UNIT ( * ) SI_UNIT ( $, .STERADIAN. ) SOLID_ANGLE_UNIT ( ) );
#8892 = CARTESIAN_POINT ( 'NONE',  ( 0.6129216341946075453, 0.7117586583491514185, 0.7500000000000000000 ) ) ;
#8893 = CARTESIAN_POINT ( 'NONE',  ( 0.6058480055356751937, 0.6880177921621973836, 0.7600000000000000089 ) ) ;
#8894 = ORIENTED_EDGE ( 'NONE', *, *, #5814, .F. ) ;
#8895 = CARTESIAN_POINT ( 'NONE',  ( 0.5449705888889437855, 0.8635764134440407913, 0.7500000000000000000 ) ) ;
#8896 = DIRECTION ( 'NONE',  ( -1.000000000000000000, -3.491481338843133355E-15, 0.000000000000000000 ) ) ;
#8897 = VERTEX_POINT ( 'NONE', #4525 ) ;
#8898 = ORIENTED_EDGE ( 'NONE', *, *, #6597, .T. ) ;
#8899 = CARTESIAN_POINT ( 'NONE',  ( 0.7256796960381816097, 0.7346595311332154710, 0.7500000000000000000 ) ) ;
#8900 = VERTEX_POINT ( 'NONE', #10019 ) ;
#8901 = LINE ( 'NONE', #3303, #5735 ) ;
#8902 = CARTESIAN_POINT ( 'NONE',  ( 0.1582769711891826303, 0.6541427885982323831, 0.7500000000000000000 ) ) ;
#8903 = DIRECTION ( 'NONE',  ( -1.000000000000000000, -0.000000000000000000, -0.000000000000000000 ) ) ;
#8904 = DIRECTION ( 'NONE',  ( -3.252606517456508174E-15, 1.000000000000000000, 0.000000000000000000 ) ) ;
#8905 = DIRECTION ( 'NONE',  ( 0.000000000000000000, 0.000000000000000000, 1.000000000000000000 ) ) ;
#8906 = EDGE_LOOP ( 'NONE', ( #9559, #7920, #2051, #6623 ) ) ;
#8907 = CARTESIAN_POINT ( 'NONE',  ( -0.7999999999999964917, -1.001000000000003221, 0.1800000000000000211 ) ) ;
#8908 = EDGE_LOOP ( 'NONE', ( #6915, #3154, #3415, #8710 ) ) ;
#8909 = VECTOR ( 'NONE', #9462, 1000.000000000000000 ) ;
#8910 = EDGE_CURVE ( 'NONE', #4158, #7898, #7668, .T. ) ;
#8911 = ORIENTED_EDGE ( 'NONE', *, *, #3173, .F. ) ;
#8912 = DIRECTION ( 'NONE',  ( -0.000000000000000000, -0.000000000000000000, -1.000000000000000000 ) ) ;
#8913 = VERTEX_POINT ( 'NONE', #3895 ) ;
#8914 = FACE_OUTER_BOUND ( 'NONE', #1927, .T. ) ;
#8915 = AXIS2_PLACEMENT_3D ( 'NONE', #1047, #1822, #4981 ) ;
#8916 = CARTESIAN_POINT ( 'NONE',  ( 0.3660892329340721951, 0.7432930446946898195, 0.7600000000000000089 ) ) ;
#8917 = ORIENTED_EDGE ( 'NONE', *, *, #4735, .T. ) ;
#8918 =( NAMED_UNIT ( * ) SI_UNIT ( $, .STERADIAN. ) SOLID_ANGLE_UNIT ( ) );
#8919 = ADVANCED_FACE ( 'NONE', ( #6312 ), #6261, .F. ) ;
#8920 = CARTESIAN_POINT ( 'NONE',  ( 0.5592062665652461906, 0.7213080570391718904, 0.7600000000000000089 ) ) ;
#8921 = VERTEX_POINT ( 'NONE', #9337 ) ;
#8922 = ORIENTED_EDGE ( 'NONE', *, *, #3076, .F. ) ;
#8923 = LINE ( 'NONE', #986, #654 ) ;
#8924 = EDGE_LOOP ( 'NONE', ( #6912, #8343, #9926, #9587 ) ) ;
#8925 = DIRECTION ( 'NONE',  ( 1.000000000000000000, -0.000000000000000000, -0.000000000000000000 ) ) ;
#8926 = CARTESIAN_POINT ( 'NONE',  ( 0.6173868622858336153, 0.8342650646879571363, 0.7500000000000000000 ) ) ;
#8927 = PRESENTATION_STYLE_ASSIGNMENT (( #939 ) ) ;
#8928 =( NAMED_UNIT ( * ) SI_UNIT ( $, .STERADIAN. ) SOLID_ANGLE_UNIT ( ) );
#8929 = EDGE_CURVE ( 'NONE', #8249, #3320, #2226, .T. ) ;
#8930 = LINE ( 'NONE', #1658, #8727 ) ;
#8931 = AXIS2_PLACEMENT_3D ( 'NONE', #2811, #365, #6691 ) ;
#8932 = PLANE ( 'NONE',  #8915 ) ;
#8933 = EDGE_CURVE ( 'NONE', #300, #7726, #2328, .T. ) ;
#8934 = CARTESIAN_POINT ( 'NONE',  ( 0.7256796960381816097, 0.7346595311332154710, 0.7600000000000000089 ) ) ;
#8935 = ORIENTED_EDGE ( 'NONE', *, *, #9580, .T. ) ;
#8936 = CARTESIAN_POINT ( 'NONE',  ( 0.3132139319208068207, 0.7912497168735491693, 0.7500000000000000000 ) ) ;
#8937 = LINE ( 'NONE', #4273, #6977 ) ;
#8938 = DIRECTION ( 'NONE',  ( -0.000000000000000000, -0.000000000000000000, -1.000000000000000000 ) ) ;
#8939 = EDGE_LOOP ( 'NONE', ( #3012, #9124, #5636, #440 ) ) ;
#8940 = DIRECTION ( 'NONE',  ( -0.3493954794690958265, 0.9369753459545030472, 0.000000000000000000 ) ) ;
#8941 = DIRECTION ( 'NONE',  ( -0.000000000000000000, -0.000000000000000000, -1.000000000000000000 ) ) ;
#8942 = VERTEX_POINT ( 'NONE', #3002 ) ;
#8943 = ORIENTED_EDGE ( 'NONE', *, *, #3850, .T. ) ;
#8944 = CARTESIAN_POINT ( 'NONE',  ( -0.4999999999999964473, -1.001000000000002110, 0.1800000000000000211 ) ) ;
#8945 = B_SPLINE_CURVE_WITH_KNOTS ( 'NONE', 3,
 ( #5835, #3478, #3583, #9019 ),
 .UNSPECIFIED., .F., .F.,
 ( 4, 4 ),
 ( 35.00000000000000000, 36.00000000000000000 ),
 .UNSPECIFIED. ) ;
#8946 = EDGE_LOOP ( 'NONE', ( #6473, #1476, #9917, #3169 ) ) ;
#8947 = CARTESIAN_POINT ( 'NONE',  ( 0.1742625442183440010, 0.8963855086191875321, 0.7600000000000000089 ) ) ;
#8948 = CARTESIAN_POINT ( 'NONE',  ( 0.3181325607552124013, 0.7912497168735491693, 0.7600000000000000089 ) ) ;
#8949 = CARTESIAN_POINT ( 'NONE',  ( 0.4861931557500361323, 0.7069839590044362243, 0.7600000000000000089 ) ) ;
#8950 = EDGE_CURVE ( 'NONE', #6188, #2288, #6209, .T. ) ;
#8951 = SURFACE_STYLE_USAGE ( .BOTH. , #5210 ) ;
#8952 = EDGE_CURVE ( 'NONE', #3159, #8544, #3109, .T. ) ;
#8953 = UNCERTAINTY_MEASURE_WITH_UNIT (LENGTH_MEASURE( 1.000000000000000082E-05 ), #7003, 'distance_accuracy_value', 'NONE');
#8954 = CARTESIAN_POINT ( 'NONE',  ( 0.5352664545721839140, 0.8056610787981490773, 0.7600000000000000089 ) ) ;
#8955 = VERTEX_POINT ( 'NONE', #8626 ) ;
#8956 = ORIENTED_EDGE ( 'NONE', *, *, #9420, .F. ) ;
#8957 = CARTESIAN_POINT ( 'NONE',  ( 0.1804108478514654668, 0.7328409789438632416, 0.7500000000000000000 ) ) ;
#8958 = VERTEX_POINT ( 'NONE', #4672 ) ;
#8959 = B_SPLINE_CURVE_WITH_KNOTS ( 'NONE', 3,
 ( #6761, #8439, #9204, #2093 ),
 .UNSPECIFIED., .F., .F.,
 ( 4, 4 ),
 ( 4.000000000000000000, 5.000000000000000000 ),
 .UNSPECIFIED. ) ;
#8960 = FILL_AREA_STYLE_COLOUR ( '', #3579 ) ;
#8961 = COLOUR_RGB ( '',0.6666666666666666297, 0.6666666666666666297, 0.6666666666666666297 ) ;
#8962 = SURFACE_STYLE_USAGE ( .BOTH. , #9064 ) ;
#8963 = ADVANCED_FACE ( 'NONE', ( #7835 ), #3997, .T. ) ;
#8964 = ORIENTED_EDGE ( 'NONE', *, *, #5988, .T. ) ;
#8965 = PLANE ( 'NONE',  #6235 ) ;
#8966 = CARTESIAN_POINT ( 'NONE',  ( 0.2793983264356283414, 0.6584466210769750472, 0.7600000000000000089 ) ) ;
#8967 = ORIENTED_EDGE ( 'NONE', *, *, #5010, .F. ) ;
#8968 = AXIS2_PLACEMENT_3D ( 'NONE', #4684, #2339, #6998 ) ;
#8969 = EDGE_LOOP ( 'NONE', ( #10121, #8224, #1234, #8410 ) ) ;
#8970 = ORIENTED_EDGE ( 'NONE', *, *, #2837, .T. ) ;
#8971 = CARTESIAN_POINT ( 'NONE',  ( 0.7844129189974262673, 0.8646816679219360147, 0.7600000000000000089 ) ) ;
#8972 = ORIENTED_EDGE ( 'NONE', *, *, #1150, .T. ) ;
#8973 = DIRECTION ( 'NONE',  ( -0.9676172723861904412, -0.2524218971878413043, 0.000000000000000000 ) ) ;
#8974 = DIRECTION ( 'NONE',  ( -0.000000000000000000, -0.000000000000000000, -1.000000000000000000 ) ) ;
#8975 = DIRECTION ( 'NONE',  ( -0.000000000000000000, -0.000000000000000000, -1.000000000000000000 ) ) ;
#8976 = FACE_OUTER_BOUND ( 'NONE', #9576, .T. ) ;
#8977 = DIRECTION ( 'NONE',  ( 0.000000000000000000, -1.000000000000000000, 0.000000000000000000 ) ) ;
#8978 = EDGE_CURVE ( 'NONE', #8913, #2099, #10226, .T. ) ;
#8979 = ORIENTED_EDGE ( 'NONE', *, *, #1722, .T. ) ;
#8980 = STYLED_ITEM ( 'NONE', ( #6044 ), #9182 ) ;
#8981 = CARTESIAN_POINT ( 'NONE',  ( 0.3181325607552124013, 0.7912497168735491693, 0.7500000000000000000 ) ) ;
#8982 = DIRECTION ( 'NONE',  ( -0.000000000000000000, -0.000000000000000000, -1.000000000000000000 ) ) ;
#8983 = EDGE_LOOP ( 'NONE', ( #393, #8450, #8238, #9069 ) ) ;
#8984 = LINE ( 'NONE', #5956, #1146 ) ;
#8985 = VECTOR ( 'NONE', #6907, 1000.000000000000000 ) ;
#8986 = CARTESIAN_POINT ( 'NONE',  ( 0.7442700763577460021, 0.7953158968843083709, 0.7600000000000000089 ) ) ;
#8987 = CARTESIAN_POINT ( 'NONE',  ( 0.8347241028346763514, 0.7331563850431136453, 0.7600000000000000089 ) ) ;
#8988 = CARTESIAN_POINT ( 'NONE',  ( 0.6630338722260507023, 0.6470349561190323895, 0.7500000000000000000 ) ) ;
#8989 = CARTESIAN_POINT ( 'NONE',  ( 0.7813845217276892408, 0.8646816679219360147, 0.7600000000000000089 ) ) ;
#8990 = LINE ( 'NONE', #5097, #5872 ) ;
#8991 = EDGE_CURVE ( 'NONE', #1676, #3688, #1553, .T. ) ;
#8992 = VERTEX_POINT ( 'NONE', #9286 ) ;
#8993 = VECTOR ( 'NONE', #8524, 1000.000000000000000 ) ;
#8994 = LINE ( 'NONE', #8787, #8421 ) ;
#8995 = CARTESIAN_POINT ( 'NONE',  ( 0.6268036304380679713, 0.6683000522752003958, 0.7500000000000000000 ) ) ;
#8996 = EDGE_CURVE ( 'NONE', #9905, #492, #10272, .T. ) ;
#8997 = ORIENTED_EDGE ( 'NONE', *, *, #5883, .F. ) ;
#8998 = ORIENTED_EDGE ( 'NONE', *, *, #1346, .F. ) ;
#8999 = CARTESIAN_POINT ( 'NONE',  ( 0.7394732719229082374, 0.8262630222676983216, 0.7600000000000000089 ) ) ;
#9000 = DIRECTION ( 'NONE',  ( -0.000000000000000000, -0.000000000000000000, -1.000000000000000000 ) ) ;
#9001 = CARTESIAN_POINT ( 'NONE',  ( 0.6183815913160654043, 0.6831546724593453579, 0.7500000000000000000 ) ) ;
#9002 = EDGE_LOOP ( 'NONE', ( #9258, #9108, #1220, #3041 ) ) ;
#9003 = CARTESIAN_POINT ( 'NONE',  ( 0.5319064809591412812, 0.6746663180687393346, 0.7600000000000000089 ) ) ;
#9004 = VERTEX_POINT ( 'NONE', #3163 ) ;
#9005 = EDGE_CURVE ( 'NONE', #6049, #7489, #7977, .T. ) ;
#9006 = EDGE_CURVE ( 'NONE', #1521, #10195, #5535, .T. ) ;
#9007 = LINE ( 'NONE', #385, #2879 ) ;
#9008 = VERTEX_POINT ( 'NONE', #5024 ) ;
#9009 = DIRECTION ( 'NONE',  ( 1.000000000000000000, 3.491481338843133355E-15, -0.000000000000000000 ) ) ;
#9010 = STYLED_ITEM ( 'NONE', ( #5937 ), #6949 ) ;
#9011 = SURFACE_STYLE_FILL_AREA ( #5827 ) ;
#9012 = ORIENTED_EDGE ( 'NONE', *, *, #8700, .T. ) ;
#9013 = CARTESIAN_POINT ( 'NONE',  ( 0.6379224904864937429, 0.6749315791431509393, 0.7500000000000000000 ) ) ;
#9014 = EDGE_CURVE ( 'NONE', #1195, #10048, #1042, .T. ) ;
#9015 = AXIS2_PLACEMENT_3D ( 'NONE', #5674, #4029, #8854 ) ;
#9016 = ORIENTED_EDGE ( 'NONE', *, *, #2720, .F. ) ;
#9017 = ORIENTED_EDGE ( 'NONE', *, *, #8719, .F. ) ;
#9018 = EDGE_LOOP ( 'NONE', ( #9387, #9603, #4847, #256 ) ) ;
#9019 = CARTESIAN_POINT ( 'NONE',  ( 0.3433405716436495614, 0.8244504908228398321, 0.7500000000000000000 ) ) ;
#9020 = ORIENTED_EDGE ( 'NONE', *, *, #145, .F. ) ;
#9021 = FACE_OUTER_BOUND ( 'NONE', #7327, .T. ) ;
#9022 = CARTESIAN_POINT ( 'NONE',  ( 0.5684240889113644224, 0.8832499431519701405, 0.7600000000000000089 ) ) ;
#9023 = LINE ( 'NONE', #8412, #4897 ) ;
#9024 = FILL_AREA_STYLE ('',( #5841 ) ) ;
#9025 = FACE_OUTER_BOUND ( 'NONE', #6560, .T. ) ;
#9026 = EDGE_LOOP ( 'NONE', ( #136, #7814, #9020, #866 ) ) ;
#9027 = DIRECTION ( 'NONE',  ( -1.000000000000000000, -3.491481338843133355E-15, 0.000000000000000000 ) ) ;
#9028 = AXIS2_PLACEMENT_3D ( 'NONE', #966, #7086, #5052 ) ;
#9029 = CARTESIAN_POINT ( 'NONE',  ( 0.3660892329340721951, 0.7697306952013218684, 0.7500000000000000000 ) ) ;
#9030 = VERTEX_POINT ( 'NONE', #193 ) ;
#9031 = CARTESIAN_POINT ( 'NONE',  ( 0.2271378452316094032, 0.8681033657031786976, 0.7600000000000000089 ) ) ;
#9032 = B_SPLINE_SURFACE_WITH_KNOTS ( 'NONE', 3, 1, ( 
 ( #2345, #4741 ),
 ( #6956, #6126 ),
 ( #9412, #7748 ),
 ( #3805, #7798 ) ),
 .UNSPECIFIED., .F., .F., .F.,
 ( 4, 4 ),
 ( 2, 2 ),
 ( 12.00000000000000000, 13.00000000000000000 ),
 ( 0.000000000000000000, 1.000000000000000000 ),
 .UNSPECIFIED. ) ;
#9033 = EDGE_CURVE ( 'NONE', #5296, #5507, #3277, .T. ) ;
#9034 = CARTESIAN_POINT ( 'NONE',  ( 0.1447507360313918801, 0.6541427885982323831, 0.7600000000000000089 ) ) ;
#9035 = CARTESIAN_POINT ( 'NONE',  ( 0.02239972504235621803, 0.8072352781754773554, 0.7500000000000000000 ) ) ;
#9036 = DIRECTION ( 'NONE',  ( -0.000000000000000000, -0.000000000000000000, -1.000000000000000000 ) ) ;
#9037 = CARTESIAN_POINT ( 'NONE',  ( 0.7819150438771039768, 0.8660963936539011199, 0.7600000000000000089 ) ) ;
#9038 = VECTOR ( 'NONE', #4875, 1000.000000000000000 ) ;
#9039 = CARTESIAN_POINT ( 'NONE',  ( -0.4999999999999964473, -1.001000000000002110, -0.02000000000000000042 ) ) ;
#9040 = VECTOR ( 'NONE', #8014, 1000.000000000000000 ) ;
#9041 = VERTEX_POINT ( 'NONE', #9550 ) ;
#9042 = LINE ( 'NONE', #9873, #9906 ) ;
#9043 = FILL_AREA_STYLE ('',( #4533 ) ) ;
#9044 = MECHANICAL_DESIGN_GEOMETRIC_PRESENTATION_REPRESENTATION (  '', ( #3252 ), #10038 ) ;
#9045 = ADVANCED_FACE ( 'NONE', ( #7241 ), #9654, .F. ) ;
#9046 = CARTESIAN_POINT ( 'NONE',  ( 0.7351185692799332427, 0.8155199487416484594, 0.7600000000000000089 ) ) ;
#9047 = CARTESIAN_POINT ( 'NONE',  ( 0.3181325607552124013, 0.7912497168735491693, 0.7500000000000000000 ) ) ;
#9048 = FACE_OUTER_BOUND ( 'NONE', #2494, .T. ) ;
#9049 = CARTESIAN_POINT ( 'NONE',  ( 0.4999999999999964473, 1.001000000000002110, 0.1800000000000000211 ) ) ;
#9050 = FACE_OUTER_BOUND ( 'NONE', #5329, .T. ) ;
#9051 = AXIS2_PLACEMENT_3D ( 'NONE', #2574, #5722, #8905 ) ;
#9052 = EDGE_CURVE ( 'NONE', #2593, #463, #8874, .T. ) ;
#9053 = ORIENTED_EDGE ( 'NONE', *, *, #9364, .F. ) ;
#9054 = MECHANICAL_DESIGN_GEOMETRIC_PRESENTATION_REPRESENTATION (  '', ( #9383 ), #5887 ) ;
#9055 = PLANE ( 'NONE',  #6070 ) ;
#9056 = ORIENTED_EDGE ( 'NONE', *, *, #4954, .T. ) ;
#9058 = ADVANCED_FACE ( 'NONE', ( #5792 ), #990, .T. ) ;
#9057 = CARTESIAN_POINT ( 'NONE',  ( 0.5542989366830318732, 0.6655590211699972114, 0.7500000000000000000 ) ) ;
#9059 = VECTOR ( 'NONE', #7033, 1000.000000000000114 ) ;
#9060 = ORIENTED_EDGE ( 'NONE', *, *, #4125, .F. ) ;
#9061 = CARTESIAN_POINT ( 'NONE',  ( 0.2916948867947078972, 0.6959511923247825305, 0.7500000000000000000 ) ) ;
#9062 = ORIENTED_EDGE ( 'NONE', *, *, #2600, .T. ) ;
#9063 = EDGE_CURVE ( 'NONE', #1611, #119, #9706, .T. ) ;
#9064 = SURFACE_SIDE_STYLE ('',( #9896 ) ) ;
#9065 = AXIS2_PLACEMENT_3D ( 'NONE', #3244, #1733, #1793 ) ;
#9066 = ORIENTED_EDGE ( 'NONE', *, *, #7185, .F. ) ;
#9067 = CARTESIAN_POINT ( 'NONE',  ( 0.7649162300057733566, 0.8189683427131271287, 0.7500000000000000000 ) ) ;
#9068 = FILL_AREA_STYLE ('',( #6622 ) ) ;
#9069 = ORIENTED_EDGE ( 'NONE', *, *, #8950, .F. ) ;
#9070 = B_SPLINE_CURVE_WITH_KNOTS ( 'NONE', 3,
 ( #9389, #2282, #8622, #6206 ),
 .UNSPECIFIED., .F., .F.,
 ( 4, 4 ),
 ( 5.000000000000000000, 6.000000000000000000 ),
 .UNSPECIFIED. ) ;
#9071 = ORIENTED_EDGE ( 'NONE', *, *, #7711, .T. ) ;
#9072 = EDGE_LOOP ( 'NONE', ( #7061, #3809, #7319, #348 ) ) ;
#9073 = FACE_OUTER_BOUND ( 'NONE', #171, .T. ) ;
#9074 = ORIENTED_EDGE ( 'NONE', *, *, #7381, .F. ) ;
#9075 = B_SPLINE_CURVE_WITH_KNOTS ( 'NONE', 3,
 ( #5868, #6555, #2725, #5056 ),
 .UNSPECIFIED., .F., .F.,
 ( 4, 4 ),
 ( 2.000000000000000000, 3.000000000000000000 ),
 .UNSPECIFIED. ) ;
#9076 = VECTOR ( 'NONE', #9208, 1000.000000000000000 ) ;
#9077 = CARTESIAN_POINT ( 'NONE',  ( 0.7277354693672234420, 0.8285619515816240455, 0.7500000000000000000 ) ) ;
#9078 = CARTESIAN_POINT ( 'NONE',  ( 0.5835218650806816010, 0.8820562683159376416, 0.7600000000000000089 ) ) ;
#9079 = CARTESIAN_POINT ( 'NONE',  ( 0.2714055516484271124, 0.6768914967966971341, 0.7600000000000000089 ) ) ;
#9080 = CARTESIAN_POINT ( 'NONE',  ( 0.7184955419312778480, 0.8141936433678232943, 0.7500000000000000000 ) ) ;
#9081 = LINE ( 'NONE', #308, #9725 ) ;
#9082 = EDGE_LOOP ( 'NONE', ( #2483, #5321, #5430, #1873 ) ) ;
#9083 = UNCERTAINTY_MEASURE_WITH_UNIT (LENGTH_MEASURE( 1.000000000000000082E-05 ), #8130, 'distance_accuracy_value', 'NONE');
#9084 = VERTEX_POINT ( 'NONE', #3434 ) ;
#9085 = CARTESIAN_POINT ( 'NONE',  ( 0.6747495696927860998, 0.6733842228739844726, 0.7500000000000000000 ) ) ;
#9086 = MECHANICAL_DESIGN_GEOMETRIC_PRESENTATION_REPRESENTATION (  '', ( #2942 ), #9408 ) ;
#9087 = LINE ( 'NONE', #2852, #9508 ) ;
#9088 = EDGE_LOOP ( 'NONE', ( #1960, #6678, #9376, #9053 ) ) ;
#9089 = CARTESIAN_POINT ( 'NONE',  ( 0.8913573422864004003, 0.7335542766547332727, 0.7500000000000000000 ) ) ;
#9090 = CARTESIAN_POINT ( 'NONE',  ( 0.6203268391971467066, 0.6931461729400500982, 0.7500000000000000000 ) ) ;
#9091 = LINE ( 'NONE', #5148, #8649 ) ;
#9092 = DIRECTION ( 'NONE',  ( -0.000000000000000000, 0.000000000000000000, -1.000000000000000000 ) ) ;
#9093 = CARTESIAN_POINT ( 'NONE',  ( 0.7590583812727024204, 0.7446068214348511294, 0.7600000000000000089 ) ) ;
#9094 = CARTESIAN_POINT ( 'NONE',  ( 0.5972933358761747247, 0.6961524651202503078, 0.7600000000000000089 ) ) ;
#9095 = ORIENTED_EDGE ( 'NONE', *, *, #1849, .T. ) ;
#9096 = B_SPLINE_CURVE_WITH_KNOTS ( 'NONE', 3,
 ( #1306, #9239, #8474, #1355 ),
 .UNSPECIFIED., .F., .F.,
 ( 4, 4 ),
 ( 1.000000000000000000, 2.000000000000000000 ),
 .UNSPECIFIED. ) ;
#9097 = EDGE_CURVE ( 'NONE', #4046, #1611, #7398, .T. ) ;
#9098 = DIRECTION ( 'NONE',  ( 0.9209172030172655399, -0.3897582650654846104, 0.000000000000000000 ) ) ;
#9099 = LINE ( 'NONE', #3606, #2122 ) ;
#9100 = STYLED_ITEM ( 'NONE', ( #2649 ), #749 ) ;
#9101 = CARTESIAN_POINT ( 'NONE',  ( 0.6379224904864937429, 0.6749315791431509393, 0.7600000000000000089 ) ) ;
#9102 = CARTESIAN_POINT ( 'NONE',  ( 0.5985975361601704181, 0.7130849637229785820, 0.7500000000000000000 ) ) ;
#9103 = DIRECTION ( 'NONE',  ( 0.000000000000000000, 1.000000000000000000, 0.000000000000000000 ) ) ;
#9104 = CARTESIAN_POINT ( 'NONE',  ( -0.5000000000000034417, 1.000999999999998558, 0.1800000000000000211 ) ) ;
#9105 = CARTESIAN_POINT ( 'NONE',  ( 0.5336748881239476994, 0.6647632379455854501, 0.7500000000000000000 ) ) ;
#9106 = ORIENTED_EDGE ( 'NONE', *, *, #6071, .F. ) ;
#9107 = CARTESIAN_POINT ( 'NONE',  ( 0.6258752166767415082, 0.6782031323977688597, 0.7600000000000000089 ) ) ;
#9108 = ORIENTED_EDGE ( 'NONE', *, *, #10192, .F. ) ;
#9109 = EDGE_CURVE ( 'NONE', #340, #7650, #8823, .T. ) ;
#9110 = LINE ( 'NONE', #526, #1121 ) ;
#9111 = VERTEX_POINT ( 'NONE', #1864 ) ;
#9112 = CARTESIAN_POINT ( 'NONE',  ( 0.6507655475206604034, 0.8718437169393019603, 0.7500000000000000000 ) ) ;
#9113 = CARTESIAN_POINT ( 'NONE',  ( 0.1582769711891826303, 0.6541427885982323831, 0.7500000000000000000 ) ) ;
#9114 = EDGE_CURVE ( 'NONE', #1850, #8579, #2533, .T. ) ;
#9115 = ORIENTED_EDGE ( 'NONE', *, *, #8268, .F. ) ;
#9116 = B_SPLINE_SURFACE_WITH_KNOTS ( 'NONE', 3, 1, ( 
 ( #2286, #3897 ),
 ( #4625, #613 ),
 ( #7046, #3790 ),
 ( #8772, #1507 ) ),
 .UNSPECIFIED., .F., .F., .F.,
 ( 4, 4 ),
 ( 2, 2 ),
 ( 18.00000000000000000, 19.00000000000000000 ),
 ( 0.000000000000000000, 1.000000000000000000 ),
 .UNSPECIFIED. ) ;
#9117 = DIRECTION ( 'NONE',  ( 0.000000000000000000, 0.000000000000000000, 1.000000000000000000 ) ) ;
#9118 = ORIENTED_EDGE ( 'NONE', *, *, #4854, .T. ) ;
#9119 = ORIENTED_EDGE ( 'NONE', *, *, #1332, .F. ) ;
#9120 = CARTESIAN_POINT ( 'NONE',  ( 0.6457919023698426297, 0.6395634358481884219, 0.7600000000000000089 ) ) ;
#9121 = EDGE_CURVE ( 'NONE', #768, #3913, #3270, .T. ) ;
#9122 = B_SPLINE_SURFACE_WITH_KNOTS ( 'NONE', 3, 1, ( 
 ( #7503, #3487 ),
 ( #5847, #6787 ),
 ( #2123, #7455 ),
 ( #410, #2808 ) ),
 .UNSPECIFIED., .F., .F., .F.,
 ( 4, 4 ),
 ( 2, 2 ),
 ( 6.000000000000000000, 7.000000000000000000 ),
 ( 0.000000000000000000, 1.000000000000000000 ),
 .UNSPECIFIED. ) ;
#9123 = EDGE_LOOP ( 'NONE', ( #9960, #9952, #9071, #9683 ) ) ;
#9124 = ORIENTED_EDGE ( 'NONE', *, *, #2717, .F. ) ;
#9125 = ADVANCED_FACE ( 'NONE', ( #8202 ), #9687, .T. ) ;
#9126 = ORIENTED_EDGE ( 'NONE', *, *, #7782, .F. ) ;
#9127 = VERTEX_POINT ( 'NONE', #9908 ) ;
#9128 = CARTESIAN_POINT ( 'NONE',  ( 0.5993491092052226632, 0.6934556441941168714, 0.7500000000000000000 ) ) ;
#9129 = ORIENTED_EDGE ( 'NONE', *, *, #4319, .F. ) ;
#9130 = CARTESIAN_POINT ( 'NONE',  ( 0.7184955419312778480, 0.8141936433678232943, 0.7500000000000000000 ) ) ;
#9131 = FILL_AREA_STYLE ('',( #7603 ) ) ;
#9132 = B_SPLINE_CURVE_WITH_KNOTS ( 'NONE', 3,
 ( #3595, #1148, #5191, #6746 ),
 .UNSPECIFIED., .F., .F.,
 ( 4, 4 ),
 ( 19.00000000000000000, 20.00000000000000000 ),
 .UNSPECIFIED. ) ;
#9133 = CARTESIAN_POINT ( 'NONE',  ( 0.5389137943494727301, 0.8571217272923619124, 0.7600000000000000089 ) ) ;
#9134 = CARTESIAN_POINT ( 'NONE',  ( 0.1207724116688995986, 0.8545771246819166000, 0.7500000000000000000 ) ) ;
#9135 = EDGE_CURVE ( 'NONE', #2694, #8023, #5122, .T. ) ;
#9136 = VECTOR ( 'NONE', #1412, 1000.000000000000000 ) ;
#9137 = ORIENTED_EDGE ( 'NONE', *, *, #4743, .F. ) ;
#9138 = PLANE ( 'NONE',  #8431 ) ;
#9139 = CARTESIAN_POINT ( 'NONE',  ( 0.3101397859677155755, 0.8730219974690239804, 0.7600000000000000089 ) ) ;
#9140 = ORIENTED_EDGE ( 'NONE', *, *, #736, .T. ) ;
#9141 = EDGE_CURVE ( 'NONE', #8200, #2761, #8476, .T. ) ;
#9142 = CARTESIAN_POINT ( 'NONE',  ( 0.5379411704087839752, 0.7050387111230599357, 0.7600000000000000089 ) ) ;
#9143 = LINE ( 'NONE', #9919, #3959 ) ;
#9144 = CARTESIAN_POINT ( 'NONE',  ( 0.6748158849613913324, 0.6488033632841339049, 0.7600000000000000089 ) ) ;
#9145 = CARTESIAN_POINT ( 'NONE',  ( 0.04084461688617826297, 0.8256801480311426467, 0.7500000000000000000 ) ) ;
#9146 = CARTESIAN_POINT ( 'NONE',  ( 0.6519371172671560855, 0.6383255508324964245, 0.7600000000000000089 ) ) ;
#9147 = VECTOR ( 'NONE', #1204, 1000.000000000000000 ) ;
#9148 = CARTESIAN_POINT ( 'NONE',  ( 0.5962101864878148749, 0.6602980098549425803, 0.7500000000000000000 ) ) ;
#9149 = CARTESIAN_POINT ( 'NONE',  ( 0.5962765017564184422, 0.7032260937794797551, 0.7600000000000000089 ) ) ;
#9150 = ORIENTED_EDGE ( 'NONE', *, *, #2406, .F. ) ;
#9151 =( NAMED_UNIT ( * ) SI_UNIT ( $, .STERADIAN. ) SOLID_ANGLE_UNIT ( ) );
#9152 = DIRECTION ( 'NONE',  ( 3.491481338843133355E-15, -1.000000000000000000, 0.000000000000000000 ) ) ;
#9153 = CARTESIAN_POINT ( 'NONE',  ( -0.7999999999999964917, -1.001000000000003221, -0.02000000000000000042 ) ) ;
#9154 = CARTESIAN_POINT ( 'NONE',  ( 0.5815324070202413376, 0.6581317110782208823, 0.7600000000000000089 ) ) ;
#9155 =( NAMED_UNIT ( * ) PLANE_ANGLE_UNIT ( ) SI_UNIT ( $, .RADIAN. ) );
#9156 = FILL_AREA_STYLE ('',( #8284 ) ) ;
#9157 = VERTEX_POINT ( 'NONE', #5945 ) ;
#9158 = VECTOR ( 'NONE', #5961, 1000.000000000000000 ) ;
#9159 = CARTESIAN_POINT ( 'NONE',  ( 0.5511600139656240849, 0.7213080570391718904, 0.7500000000000000000 ) ) ;
#9160 = SURFACE_SIDE_STYLE ('',( #4293 ) ) ;
#9161 = ORIENTED_EDGE ( 'NONE', *, *, #3485, .F. ) ;
#9162 = FACE_OUTER_BOUND ( 'NONE', #6964, .T. ) ;
#9163 = EDGE_CURVE ( 'NONE', #482, #9435, #2892, .T. ) ;
#9164 = EDGE_LOOP ( 'NONE', ( #211, #326, #7735, #5801, #6687, #1573, #6923 ) ) ;
#9165 = LINE ( 'NONE', #1329, #1266 ) ;
#9166 = ORIENTED_EDGE ( 'NONE', *, *, #8351, .F. ) ;
#9167 = ORIENTED_EDGE ( 'NONE', *, *, #5686, .F. ) ;
#9168 = CARTESIAN_POINT ( 'NONE',  ( 0.7649162300057733566, 0.8189683427131271287, 0.7600000000000000089 ) ) ;
#9169 =( NAMED_UNIT ( * ) SI_UNIT ( $, .STERADIAN. ) SOLID_ANGLE_UNIT ( ) );
#9170 = ORIENTED_EDGE ( 'NONE', *, *, #3367, .F. ) ;
#9171 = ORIENTED_EDGE ( 'NONE', *, *, #9776, .T. ) ;
#9172 = CARTESIAN_POINT ( 'NONE',  ( 0.5407485167828816053, 0.6583085517944956555, 0.7600000000000000089 ) ) ;
#9173 = VECTOR ( 'NONE', #185, 1000.000000000000000 ) ;
#9174 = EDGE_CURVE ( 'NONE', #3197, #2931, #9851, .T. ) ;
#9175 = ORIENTED_EDGE ( 'NONE', *, *, #1375, .T. ) ;
#9176 = CARTESIAN_POINT ( 'NONE',  ( 0.09494956924428082923, 0.6344682967144802399, 0.7500000000000000000 ) ) ;
#9177 = CARTESIAN_POINT ( 'NONE',  ( 0.7830645085340638412, 0.8707384624614092905, 0.7500000000000000000 ) ) ;
#9178 = B_SPLINE_CURVE_WITH_KNOTS ( 'NONE', 3,
 ( #6119, #2296, #2190, #3801 ),
 .UNSPECIFIED., .F., .F.,
 ( 4, 4 ),
 ( 2.000000000000000000, 3.000000000000000000 ),
 .UNSPECIFIED. ) ;
#9179 = DIRECTION ( 'NONE',  ( -0.000000000000000000, -0.000000000000000000, -1.000000000000000000 ) ) ;
#9180 = DIRECTION ( 'NONE',  ( -1.000000000000000000, -3.491481338843133355E-15, 0.000000000000000000 ) ) ;
#9181 = PLANE ( 'NONE',  #436 ) ;
#9182 = ADVANCED_FACE ( 'NONE', ( #7552 ), #3636, .T. ) ;
#9183 =( GEOMETRIC_REPRESENTATION_CONTEXT ( 3 ) GLOBAL_UNCERTAINTY_ASSIGNED_CONTEXT ( ( #4317 ) ) GLOBAL_UNIT_ASSIGNED_CONTEXT ( ( #6454, #6506, #9636 ) ) REPRESENTATION_CONTEXT ( 'NONE', 'WORKASPACE' ) );
#9184 = EDGE_LOOP ( 'NONE', ( #2413, #4983, #4345, #8085 ) ) ;
#9185 = LINE ( 'NONE', #1199, #2621 ) ;
#9186 = CARTESIAN_POINT ( 'NONE',  ( 0.5825492411399950665, 0.7955369477796485622, 0.7600000000000000089 ) ) ;
#9187 = VERTEX_POINT ( 'NONE', #1343 ) ;
#9188 = CARTESIAN_POINT ( 'NONE',  ( 0.5500326543979000560, 0.8068547536341806881, 0.7600000000000000089 ) ) ;
#9189 = CARTESIAN_POINT ( 'NONE',  ( 0.2929245498667782388, 0.6953363725158325792, 0.7600000000000000089 ) ) ;
#9190 = ADVANCED_FACE ( 'NONE', ( #5136 ), #2475, .F. ) ;
#9191 = DIRECTION ( 'NONE',  ( 0.000000000000000000, 0.000000000000000000, 1.000000000000000000 ) ) ;
#9192 = CARTESIAN_POINT ( 'NONE',  ( 0.6605802072850910367, 0.6411992124754916089, 0.7600000000000000089 ) ) ;
#9193 = CARTESIAN_POINT ( 'NONE',  ( 0.5835218650806816010, 0.8820562683159376416, 0.7600000000000000089 ) ) ;
#9194 = FACE_OUTER_BOUND ( 'NONE', #9123, .T. ) ;
#9195 = ORIENTED_EDGE ( 'NONE', *, *, #7738, .F. ) ;
#9196 = MECHANICAL_DESIGN_GEOMETRIC_PRESENTATION_REPRESENTATION (  '', ( #2067 ), #10186 ) ;
#9197 = CARTESIAN_POINT ( 'NONE',  ( 0.7065366884790712509, 0.7953158968843083709, 0.7500000000000000000 ) ) ;
#9198 = PLANE ( 'NONE',  #9924 ) ;
#9199 = B_SPLINE_CURVE_WITH_KNOTS ( 'NONE', 3,
 ( #1703, #190, #3374, #7238 ),
 .UNSPECIFIED., .F., .F.,
 ( 4, 4 ),
 ( 1.000000000000000000, 2.000000000000000000 ),
 .UNSPECIFIED. ) ;
#9200 = VECTOR ( 'NONE', #4429, 1000.000000000000000 ) ;
#9201 = CARTESIAN_POINT ( 'NONE',  ( 0.6500581846546774623, 0.6290414132174785289, 0.7600000000000000089 ) ) ;
#9202 = VECTOR ( 'NONE', #3702, 1000.000000000000000 ) ;
#9203 = CARTESIAN_POINT ( 'NONE',  ( 0.5241696996132929609, 0.8369176754350188263, 0.7600000000000000089 ) ) ;
#9204 = CARTESIAN_POINT ( 'NONE',  ( 0.7394732719229082374, 0.8262630222676983216, 0.7600000000000000089 ) ) ;
#9205 = CARTESIAN_POINT ( 'NONE',  ( 0.1500000000000035749, -1.000999999999999890, 0.1800000000000000211 ) ) ;
#9206 = B_SPLINE_SURFACE_WITH_KNOTS ( 'NONE', 3, 1, ( 
 ( #4165, #4842 ),
 ( #7208, #2341 ),
 ( #1669, #55 ),
 ( #4117, #10288 ) ),
 .UNSPECIFIED., .F., .F., .F.,
 ( 4, 4 ),
 ( 2, 2 ),
 ( 4.000000000000000000, 5.000000000000000000 ),
 ( 0.000000000000000000, 1.000000000000000000 ),
 .UNSPECIFIED. ) ;
#9207 = ADVANCED_FACE ( 'NONE', ( #399 ), #8256, .F. ) ;
#9208 = DIRECTION ( 'NONE',  ( -0.000000000000000000, 1.000000000000000000, -0.000000000000000000 ) ) ;
#9209 = VECTOR ( 'NONE', #8975, 1000.000000000000000 ) ;
#9210 = CARTESIAN_POINT ( 'NONE',  ( 0.5889155069332399073, 0.8797131288223546397, 0.7600000000000000089 ) ) ;
#9211 = ORIENTED_EDGE ( 'NONE', *, *, #1246, .F. ) ;
#9212 = VERTEX_POINT ( 'NONE', #2991 ) ;
#9213 = VECTOR ( 'NONE', #858, 1000.000000000000000 ) ;
#9214 = EDGE_CURVE ( 'NONE', #395, #8544, #9270, .T. ) ;
#9215 = ORIENTED_EDGE ( 'NONE', *, *, #9768, .F. ) ;
#9216 = FACE_OUTER_BOUND ( 'NONE', #5731, .T. ) ;
#9217 = VECTOR ( 'NONE', #3152, 1000.000000000000000 ) ;
#9218 = CARTESIAN_POINT ( 'NONE',  ( 0.8434114030316806065, 0.7255080240554047100, 0.7500000000000000000 ) ) ;
#9219 = ORIENTED_EDGE ( 'NONE', *, *, #3981, .F. ) ;
#9220 = ORIENTED_EDGE ( 'NONE', *, *, #5943, .T. ) ;
#9221 = DIRECTION ( 'NONE',  ( 0.000000000000000000, 1.000000000000000000, 0.000000000000000000 ) ) ;
#9222 = ORIENTED_EDGE ( 'NONE', *, *, #6196, .T. ) ;
#9223 = CARTESIAN_POINT ( 'NONE',  ( 0.07834919986033543615, 0.8183022340968790775, 0.7600000000000000089 ) ) ;
#9224 =( NAMED_UNIT ( * ) PLANE_ANGLE_UNIT ( ) SI_UNIT ( $, .RADIAN. ) );
#9225 = CARTESIAN_POINT ( 'NONE',  ( 0.8009254208984136758, 0.8189683427131280169, 0.7600000000000000089 ) ) ;
#9226 = VECTOR ( 'NONE', #8844, 1000.000000000000000 ) ;
#9227 = CARTESIAN_POINT ( 'NONE',  ( 0.7999999999999973799, 0.7510000000000032205, 0.000000000000000000 ) ) ;
#9228 = ORIENTED_EDGE ( 'NONE', *, *, #4721, .F. ) ;
#9229 = ADVANCED_FACE ( 'NONE', ( #7876 ), #7766, .F. ) ;
#9230 = ORIENTED_EDGE ( 'NONE', *, *, #3338, .T. ) ;
#9231 = CARTESIAN_POINT ( 'NONE',  ( 0.6349604084856546038, 0.7185670259333802878, 0.7600000000000000089 ) ) ;
#9232 = DIRECTION ( 'NONE',  ( -1.000000000000000000, -0.000000000000000000, -0.000000000000000000 ) ) ;
#9233 = ORIENTED_EDGE ( 'NONE', *, *, #160, .T. ) ;
#9234 = AXIS2_PLACEMENT_3D ( 'NONE', #9247, #4678, #5541 ) ;
#9235 = CARTESIAN_POINT ( 'NONE',  ( 0.5581894324454893530, 0.7125102313944980947, 0.7600000000000000089 ) ) ;
#9236 = CARTESIAN_POINT ( 'NONE',  ( 0.2929245498667782388, 0.6953363725158325792, 0.7500000000000000000 ) ) ;
#9237 = EDGE_CURVE ( 'NONE', #9004, #9493, #406, .T. ) ;
#9238 = SURFACE_SIDE_STYLE ('',( #2908 ) ) ;
#9239 = CARTESIAN_POINT ( 'NONE',  ( 0.6268036304380679713, 0.6683000522752003958, 0.7600000000000000089 ) ) ;
#9240 = CARTESIAN_POINT ( 'NONE',  ( 0.7999999999999964917, 1.001000000000003221, -0.02000000000000000042 ) ) ;
#9241 = LINE ( 'NONE', #2130, #9656 ) ;
#9242 = CARTESIAN_POINT ( 'NONE',  ( 0.7177439688859320599, 0.8779889318369115125, 0.7500000000000000000 ) ) ;
#9243 = ORIENTED_EDGE ( 'NONE', *, *, #1322, .F. ) ;
#9244 = VECTOR ( 'NONE', #9858, 1000.000000000000000 ) ;
#9245 = B_SPLINE_CURVE_WITH_KNOTS ( 'NONE', 3,
 ( #4209, #7348, #4935, #7292 ),
 .UNSPECIFIED., .F., .F.,
 ( 4, 4 ),
 ( 20.00000000000000000, 21.00000000000000000 ),
 .UNSPECIFIED. ) ;
#9246 = EDGE_CURVE ( 'NONE', #847, #573, #1539, .T. ) ;
#9247 = CARTESIAN_POINT ( 'NONE',  ( 0.1500000000000017986, -0.4999999999999992784, -0.02000000000000000042 ) ) ;
#9248 = SURFACE_STYLE_USAGE ( .BOTH. , #1210 ) ;
#9249 = VECTOR ( 'NONE', #8982, 1000.000000000000000 ) ;
#9250 = EDGE_CURVE ( 'NONE', #5217, #2784, #757, .T. ) ;
#9251 = DIRECTION ( 'NONE',  ( -0.000000000000000000, 0.000000000000000000, -1.000000000000000000 ) ) ;
#9252 = CARTESIAN_POINT ( 'NONE',  ( 0.5241696996132929609, 0.8508438818575453366, 0.7600000000000000089 ) ) ;
#9253 = CARTESIAN_POINT ( 'NONE',  ( -0.4999999999999998890, -1.745740669421566283E-15, 0.000000000000000000 ) ) ;
#9254 = ORIENTED_EDGE ( 'NONE', *, *, #4353, .F. ) ;
#9255 = VECTOR ( 'NONE', #7505, 1000.000000000000000 ) ;
#9256 = DIRECTION ( 'NONE',  ( -0.000000000000000000, -0.000000000000000000, -1.000000000000000000 ) ) ;
#9257 = ADVANCED_FACE ( 'NONE', ( #10102 ), #6613, .T. ) ;
#9258 = ORIENTED_EDGE ( 'NONE', *, *, #2187, .T. ) ;
#9259 = PLANE ( 'NONE',  #8644 ) ;
#9260 = EDGE_CURVE ( 'NONE', #8793, #590, #5471, .T. ) ;
#9261 = ORIENTED_EDGE ( 'NONE', *, *, #1965, .F. ) ;
#9262 = FACE_OUTER_BOUND ( 'NONE', #2146, .T. ) ;
#9263 = CARTESIAN_POINT ( 'NONE',  ( -1.300000000000000044, -4.538925740496073362E-15, 0.1800000000000000211 ) ) ;
#9264 = ORIENTED_EDGE ( 'NONE', *, *, #4112, .F. ) ;
#9265 = FACE_OUTER_BOUND ( 'NONE', #3860, .T. ) ;
#9266 = CARTESIAN_POINT ( 'NONE',  ( -0.8000000000000034861, 1.000999999999997447, 0.1800000000000000211 ) ) ;
#9267 = VERTEX_POINT ( 'NONE', #9379 ) ;
#9268 = SURFACE_STYLE_FILL_AREA ( #2987 ) ;
#9269 = PLANE ( 'NONE',  #8723 ) ;
#9270 = LINE ( 'NONE', #1490, #1196 ) ;
#9271 = EDGE_CURVE ( 'NONE', #1443, #3332, #5363, .T. ) ;
#9272 =( LENGTH_UNIT ( ) NAMED_UNIT ( * ) SI_UNIT ( .MILLI., .METRE. ) );
#9273 = CARTESIAN_POINT ( 'NONE',  ( 0.5766913924066228159, 0.8832499431519701405, 0.7500000000000000000 ) ) ;
#9274 = DIRECTION ( 'NONE',  ( -1.000000000000000000, 0.000000000000000000, -0.000000000000000000 ) ) ;
#9275 = ORIENTED_EDGE ( 'NONE', *, *, #4444, .T. ) ;
#9276 = CARTESIAN_POINT ( 'NONE',  ( 0.8260368026382639561, 0.6621548373775935081, 0.7500000000000000000 ) ) ;
#9277 = ORIENTED_EDGE ( 'NONE', *, *, #9573, .F. ) ;
#9278 = FACE_OUTER_BOUND ( 'NONE', #5381, .T. ) ;
#9279 = ORIENTED_EDGE ( 'NONE', *, *, #4125, .T. ) ;
#9280 = VECTOR ( 'NONE', #4620, 999.9999999999998863 ) ;
#9281 = VERTEX_POINT ( 'NONE', #5425 ) ;
#9282 = DIRECTION ( 'NONE',  ( -3.491481338843133355E-15, 1.000000000000000000, 0.000000000000000000 ) ) ;
#9283 = CARTESIAN_POINT ( 'NONE',  ( 0.2941542129388484694, 0.6953363725158325792, 0.7500000000000000000 ) ) ;
#9284 = B_SPLINE_SURFACE_WITH_KNOTS ( 'NONE', 3, 1, ( 
 ( #8269, #2030 ),
 ( #1101, #3445 ),
 ( #5906, #366 ),
 ( #3545, #9090 ) ),
 .UNSPECIFIED., .F., .F., .F.,
 ( 4, 4 ),
 ( 2, 2 ),
 ( 15.00000000000000000, 16.00000000000000000 ),
 ( 0.000000000000000000, 1.000000000000000000 ),
 .UNSPECIFIED. ) ;
#9285 =( NAMED_UNIT ( * ) PLANE_ANGLE_UNIT ( ) SI_UNIT ( $, .RADIAN. ) );
#9286 = CARTESIAN_POINT ( 'NONE',  ( 0.4861931557500382972, 0.6679905810217201534, 0.7500000000000000000 ) ) ;
#9287 = EDGE_CURVE ( 'NONE', #2833, #8528, #9481, .T. ) ;
#9288 = DIRECTION ( 'NONE',  ( -0.000000000000000000, -0.000000000000000000, -1.000000000000000000 ) ) ;
#9289 = LINE ( 'NONE', #2180, #9485 ) ;
#9290 = CARTESIAN_POINT ( 'NONE',  ( 0.4750300855225395580, 0.7953158968843062615, 0.7600000000000000089 ) ) ;
#9291 = ORIENTED_EDGE ( 'NONE', *, *, #9214, .F. ) ;
#9292 = AXIS2_PLACEMENT_3D ( 'NONE', #6445, #9628, #8845 ) ;
#9293 = CARTESIAN_POINT ( 'NONE',  ( 0.5962765017564168879, 0.7087081559898809058, 0.7600000000000000089 ) ) ;
#9294 = ORIENTED_EDGE ( 'NONE', *, *, #6081, .T. ) ;
#9295 = CARTESIAN_POINT ( 'NONE',  ( 0.5379411704087839752, 0.7050387111230599357, 0.7500000000000000000 ) ) ;
#9296 = CARTESIAN_POINT ( 'NONE',  ( 0.1687290721208205557, 0.6781211364145969256, 0.7500000000000000000 ) ) ;
#9297 = VECTOR ( 'NONE', #5299, 1000.000000000000000 ) ;
#9298 = CARTESIAN_POINT ( 'NONE',  ( 0.1447507360313918801, 0.6541427885982323831, 0.7600000000000000089 ) ) ;
#9299 =( NAMED_UNIT ( * ) PLANE_ANGLE_UNIT ( ) SI_UNIT ( $, .RADIAN. ) );
#9300 = EDGE_CURVE ( 'NONE', #1521, #7533, #2362, .T. ) ;
#9301 = CARTESIAN_POINT ( 'NONE',  ( 0.5751440361374563492, 0.8038042512749101753, 0.7500000000000000000 ) ) ;
#9302 = FILL_AREA_STYLE ('',( #2870 ) ) ;
#9303 = LINE ( 'NONE', #3803, #2232 ) ;
#9304 = VERTEX_POINT ( 'NONE', #7819 ) ;
#9305 = AXIS2_PLACEMENT_3D ( 'NONE', #415, #6007, #9191 ) ;
#9306 = CARTESIAN_POINT ( 'NONE',  ( 0.8000000000000033751, -0.9999999999999976685, 0.7500000000000000000 ) ) ;
#9307 = EDGE_CURVE ( 'NONE', #705, #6625, #699, .T. ) ;
#9308 = EDGE_LOOP ( 'NONE', ( #2988, #411, #874, #4189 ) ) ;
#9309 = CARTESIAN_POINT ( 'NONE',  ( -0.5999999999999982014, -0.5000000000000018874, -0.02000000000000000042 ) ) ;
#9310 = ORIENTED_EDGE ( 'NONE', *, *, #1657, .T. ) ;
#9311 = DIRECTION ( 'NONE',  ( -1.000000000000000000, 0.000000000000000000, 0.000000000000000000 ) ) ;
#9312 = VERTEX_POINT ( 'NONE', #3317 ) ;
#9313 = VECTOR ( 'NONE', #8560, 1000.000000000000114 ) ;
#9314 = PLANE ( 'NONE',  #6541 ) ;
#9315 = CARTESIAN_POINT ( 'NONE',  ( 0.5206328852839724464, 0.7953158968843062615, 0.7500000000000000000 ) ) ;
#9316 = EDGE_CURVE ( 'NONE', #119, #6955, #329, .T. ) ;
#9317 = VECTOR ( 'NONE', #6682, 1000.000000000000000 ) ;
#9318 = VERTEX_POINT ( 'NONE', #7178 ) ;
#9319 = CARTESIAN_POINT ( 'NONE',  ( 0.6263394235572565805, 0.6583085517944956555, 0.7500000000000000000 ) ) ;
#9320 = ORIENTED_EDGE ( 'NONE', *, *, #9271, .F. ) ;
#9321 = CARTESIAN_POINT ( 'NONE',  ( 0.7773613954283229432, 0.6581317110782219926, 0.7600000000000000089 ) ) ;
#9322 = ORIENTED_EDGE ( 'NONE', *, *, #4331, .F. ) ;
#9323 = CARTESIAN_POINT ( 'NONE',  ( 0.7028451385227174608, 0.7198933313072090057, 0.7500000000000000000 ) ) ;
#9324 = CARTESIAN_POINT ( 'NONE',  ( 0.7182523859458088689, 0.8637090439812484810, 0.7500000000000000000 ) ) ;
#9325 =( GEOMETRIC_REPRESENTATION_CONTEXT ( 3 ) GLOBAL_UNCERTAINTY_ASSIGNED_CONTEXT ( ( #8464 ) ) GLOBAL_UNIT_ASSIGNED_CONTEXT ( ( #6194, #28, #7933 ) ) REPRESENTATION_CONTEXT ( 'NONE', 'WORKASPACE' ) );
#9326 = CARTESIAN_POINT ( 'NONE',  ( 0.4042086474444112065, 0.7223888662852913090, 0.7500000000000000000 ) ) ;
#9327 = VERTEX_POINT ( 'NONE', #8228 ) ;
#9328 = EDGE_CURVE ( 'NONE', #7257, #3135, #4090, .T. ) ;
#9329 = ORIENTED_EDGE ( 'NONE', *, *, #8136, .T. ) ;
#9330 = CARTESIAN_POINT ( 'NONE',  ( 0.1115499738093310850, 0.8551919503543360390, 0.7500000000000000000 ) ) ;
#9331 = VECTOR ( 'NONE', #9425, 1000.000000000000000 ) ;
#9332 = FACE_OUTER_BOUND ( 'NONE', #5342, .T. ) ;
#9333 = ORIENTED_EDGE ( 'NONE', *, *, #2633, .T. ) ;
#9334 = LINE ( 'NONE', #2223, #5152 ) ;
#9335 = CARTESIAN_POINT ( 'NONE',  ( 0.2904652471765117316, 0.6959511923247825305, 0.7500000000000000000 ) ) ;
#9336 = CARTESIAN_POINT ( 'NONE',  ( 0.1447507360313918801, 0.7020994842309644657, 0.7600000000000000089 ) ) ;
#9337 = CARTESIAN_POINT ( 'NONE',  ( 0.5962765017564184422, 0.7032260937794797551, 0.7500000000000000000 ) ) ;
#9338 = CARTESIAN_POINT ( 'NONE',  ( 0.1564324883081601447, 0.8435101980778596520, 0.7600000000000000089 ) ) ;
#9339 = SURFACE_STYLE_FILL_AREA ( #6159 ) ;
#9340 = FILL_AREA_STYLE ('',( #8629 ) ) ;
#9341 = PRESENTATION_LAYER_ASSIGNMENT (  '', '', ( #7855 ) ) ;
#9342 = ORIENTED_EDGE ( 'NONE', *, *, #4375, .F. ) ;
#9343 = DIRECTION ( 'NONE',  ( -0.000000000000000000, -0.000000000000000000, -1.000000000000000000 ) ) ;
#9344 = EDGE_CURVE ( 'NONE', #6289, #4020, #2776, .T. ) ;
#9345 = ORIENTED_EDGE ( 'NONE', *, *, #5571, .T. ) ;
#9346 = LINE ( 'NONE', #5396, #8603 ) ;
#9347 = ORIENTED_EDGE ( 'NONE', *, *, #10004, .F. ) ;
#9348 = CARTESIAN_POINT ( 'NONE',  ( 0.1318393206828460673, 0.7020994842309644657, 0.7500000000000000000 ) ) ;
#9349 = LINE ( 'NONE', #6168, #4819 ) ;
#9350 = CARTESIAN_POINT ( 'NONE',  ( 0.7590583812727024204, 0.7346595311332154710, 0.7600000000000000089 ) ) ;
#9351 = LINE ( 'NONE', #3911, #6485 ) ;
#9352 = CARTESIAN_POINT ( 'NONE',  ( 0.5889155069332399073, 0.7988969213929889568, 0.7500000000000000000 ) ) ;
#9353 = VECTOR ( 'NONE', #9579, 1000.000000000000000 ) ;
#9354 = ORIENTED_EDGE ( 'NONE', *, *, #8483, .T. ) ;
#9355 = DIRECTION ( 'NONE',  ( -1.000000000000000000, 0.000000000000000000, 0.000000000000000000 ) ) ;
#9356 = EDGE_CURVE ( 'NONE', #6230, #9899, #4034, .T. ) ;
#9357 = AXIS2_PLACEMENT_3D ( 'NONE', #6844, #6008, #5960 ) ;
#9358 = PRESENTATION_LAYER_ASSIGNMENT (  '', '', ( #2570 ) ) ;
#9359 = ORIENTED_EDGE ( 'NONE', *, *, #4375, .T. ) ;
#9360 = CARTESIAN_POINT ( 'NONE',  ( 0.5319064809591412812, 0.6746663180687393346, 0.7500000000000000000 ) ) ;
#9361 = EDGE_LOOP ( 'NONE', ( #5304, #5774, #7017, #3251 ) ) ;
#9362 = CARTESIAN_POINT ( 'NONE',  ( -0.7081802701769344122, -0.7148992480723534992, 0.7299999999999999822 ) ) ;
#9363 = ORIENTED_EDGE ( 'NONE', *, *, #8328, .F. ) ;
#9364 = EDGE_CURVE ( 'NONE', #7967, #4142, #922, .T. ) ;
#9365 = CARTESIAN_POINT ( 'NONE',  ( 0.05068188628163305953, 0.7568193150332921393, 0.7500000000000000000 ) ) ;
#9366 = VECTOR ( 'NONE', #8054, 1000.000000000000000 ) ;
#9367 = CARTESIAN_POINT ( 'NONE',  ( 0.5000000000000034417, -0.9999999999999978906, 0.000000000000000000 ) ) ;
#9368 = B_SPLINE_CURVE_WITH_KNOTS ( 'NONE', 3,
 ( #1677, #1790, #2512, #7858 ),
 .UNSPECIFIED., .F., .F.,
 ( 4, 4 ),
 ( 5.000000000000000000, 6.000000000000000000 ),
 .UNSPECIFIED. ) ;
#9369 = EDGE_CURVE ( 'NONE', #2393, #6038, #5920, .T. ) ;
#9370 = VERTEX_POINT ( 'NONE', #3984 ) ;
#9371 = CARTESIAN_POINT ( 'NONE',  ( 0.1687290721208205557, 0.6652097327926949077, 0.7600000000000000089 ) ) ;
#9372 =( GEOMETRIC_REPRESENTATION_CONTEXT ( 3 ) GLOBAL_UNCERTAINTY_ASSIGNED_CONTEXT ( ( #860 ) ) GLOBAL_UNIT_ASSIGNED_CONTEXT ( ( #1530, #5671, #16 ) ) REPRESENTATION_CONTEXT ( 'NONE', 'WORKASPACE' ) );
#9373 = ORIENTED_EDGE ( 'NONE', *, *, #4874, .F. ) ;
#9374 = VECTOR ( 'NONE', #10030, 1000.000000000000000 ) ;
#9375 = CARTESIAN_POINT ( 'NONE',  ( 0.8097453516326206246, 0.7953158968843052623, 0.7600000000000000089 ) ) ;
#9376 = ORIENTED_EDGE ( 'NONE', *, *, #405, .F. ) ;
#9377 = EDGE_CURVE ( 'NONE', #2976, #1288, #9641, .T. ) ;
#9378 = LINE ( 'NONE', #2211, #4420 ) ;
#9379 = CARTESIAN_POINT ( 'NONE',  ( 0.8265452196975536792, 0.7265248581751615475, 0.7500000000000000000 ) ) ;
#9380 = CARTESIAN_POINT ( 'NONE',  ( 0.5283254564504554773, 0.8620290571748723263, 0.7500000000000000000 ) ) ;
#9381 = CARTESIAN_POINT ( 'NONE',  ( 0.04084461688617826297, 0.8256801480311426467, 0.7600000000000000089 ) ) ;
#9382 = VECTOR ( 'NONE', #2425, 1000.000000000000000 ) ;
#9383 = STYLED_ITEM ( 'NONE', ( #2516 ), #2508 ) ;
#9384 = ORIENTED_EDGE ( 'NONE', *, *, #8807, .F. ) ;
#9385 = DIRECTION ( 'NONE',  ( -3.491481338843133355E-15, 1.000000000000000000, 0.000000000000000000 ) ) ;
#9386 = PLANE ( 'NONE',  #5514 ) ;
#9387 = ORIENTED_EDGE ( 'NONE', *, *, #6563, .T. ) ;
#9388 = ORIENTED_EDGE ( 'NONE', *, *, #9498, .F. ) ;
#9389 = CARTESIAN_POINT ( 'NONE',  ( 0.7182523859458088689, 0.8637090439812484810, 0.7600000000000000089 ) ) ;
#9390 = CARTESIAN_POINT ( 'NONE',  ( 0.5815324070202413376, 0.6581317110782208823, 0.7500000000000000000 ) ) ;
#9391 = VERTEX_POINT ( 'NONE', #7228 ) ;
#9392 = VECTOR ( 'NONE', #3264, 1000.000000000000000 ) ;
#9393 = ADVANCED_FACE ( 'NONE', ( #8808 ), #4877, .F. ) ;
#9394 = DIRECTION ( 'NONE',  ( -0.000000000000000000, -0.000000000000000000, -1.000000000000000000 ) ) ;
#9395 = CARTESIAN_POINT ( 'NONE',  ( 0.7891434081630708253, 0.8817910072409395061, 0.7500000000000000000 ) ) ;
#9396 = ADVANCED_FACE ( 'NONE', ( #867 ), #2724, .F. ) ;
#9397 = CARTESIAN_POINT ( 'NONE',  ( 0.6349604084856546038, 0.7080450033032648083, 0.7600000000000000089 ) ) ;
#9398 = FACE_OUTER_BOUND ( 'NONE', #5104, .T. ) ;
#9399 = VERTEX_POINT ( 'NONE', #6655 ) ;
#9400 = FACE_OUTER_BOUND ( 'NONE', #3008, .T. ) ;
#9401 = AXIS2_PLACEMENT_3D ( 'NONE', #2915, #474, #5252 ) ;
#9402 = CARTESIAN_POINT ( 'NONE',  ( 0.1914777685923488570, 0.7199295635950248018, 0.7500000000000000000 ) ) ;
#9403 = DIRECTION ( 'NONE',  ( -0.000000000000000000, -0.000000000000000000, -1.000000000000000000 ) ) ;
#9404 = LINE ( 'NONE', #7845, #6874 ) ;
#9405 = CARTESIAN_POINT ( 'NONE',  ( 0.5215391939557646461, 0.6679905810217201534, 0.7600000000000000089 ) ) ;
#9406 = CARTESIAN_POINT ( 'NONE',  ( 0.7277354693672223318, 0.8393492352867428785, 0.7600000000000000089 ) ) ;
#9407 = FACE_BOUND ( 'NONE', #1112, .T. ) ;
#9408 =( GEOMETRIC_REPRESENTATION_CONTEXT ( 3 ) GLOBAL_UNCERTAINTY_ASSIGNED_CONTEXT ( ( #1671 ) ) GLOBAL_UNIT_ASSIGNED_CONTEXT ( ( #4817, #1032, #8918 ) ) REPRESENTATION_CONTEXT ( 'NONE', 'WORKASPACE' ) );
#9409 =( NAMED_UNIT ( * ) PLANE_ANGLE_UNIT ( ) SI_UNIT ( $, .RADIAN. ) );
#9410 = EDGE_CURVE ( 'NONE', #8689, #1488, #1694, .T. ) ;
#9411 = ORIENTED_EDGE ( 'NONE', *, *, #6849, .T. ) ;
#9412 = CARTESIAN_POINT ( 'NONE',  ( 0.6085448264621005077, 0.7087081559898809058, 0.7600000000000000089 ) ) ;
#9413 = STYLED_ITEM ( 'NONE', ( #7741 ), #6493 ) ;
#9414 = VERTEX_POINT ( 'NONE', #9882 ) ;
#9415 = DIRECTION ( 'NONE',  ( -0.000000000000000000, 1.000000000000000000, -0.000000000000000000 ) ) ;
#9416 = ORIENTED_EDGE ( 'NONE', *, *, #3716, .T. ) ;
#9417 = FACE_OUTER_BOUND ( 'NONE', #3876, .T. ) ;
#9418 = ORIENTED_EDGE ( 'NONE', *, *, #2661, .F. ) ;
#9419 = CARTESIAN_POINT ( 'NONE',  ( 0.8906720845096591788, 0.7309458760867376670, 0.7500000000000000000 ) ) ;
#9420 = EDGE_CURVE ( 'NONE', #1435, #4632, #2421, .T. ) ;
#9421 = DIRECTION ( 'NONE',  ( 0.000000000000000000, -1.000000000000000000, 0.000000000000000000 ) ) ;
#9422 = COLOUR_RGB ( '',0.6666666666666666297, 0.6666666666666666297, 0.6666666666666666297 ) ;
#9423 = CARTESIAN_POINT ( 'NONE',  ( 0.5460316331877688167, 0.6683442624542664801, 0.7500000000000000000 ) ) ;
#9424 = ORIENTED_EDGE ( 'NONE', *, *, #4032, .T. ) ;
#9425 = DIRECTION ( 'NONE',  ( -0.3409177962187311950, -0.9400931103999027316, -0.000000000000000000 ) ) ;
#9426 = ORIENTED_EDGE ( 'NONE', *, *, #1375, .F. ) ;
#9427 = CARTESIAN_POINT ( 'NONE',  ( 0.6379224904864937429, 0.6749315791431509393, 0.7500000000000000000 ) ) ;
#9428 = ORIENTED_EDGE ( 'NONE', *, *, #427, .T. ) ;
#9429 = LINE ( 'NONE', #1115, #1103 ) ;
#9430 = ADVANCED_FACE ( 'NONE', ( #6704 ), #378, .F. ) ;
#9431 = PRESENTATION_STYLE_ASSIGNMENT (( #10057 ) ) ;
#9432 = CARTESIAN_POINT ( 'NONE',  ( 0.5457663721130647794, 0.6833757233546897680, 0.7600000000000000089 ) ) ;
#9433 = CARTESIAN_POINT ( 'NONE',  ( 0.3433405716436495614, 0.8244504908228398321, 0.7500000000000000000 ) ) ;
#9434 = DIRECTION ( 'NONE',  ( -0.000000000000000000, -0.000000000000000000, -1.000000000000000000 ) ) ;
#9435 = VERTEX_POINT ( 'NONE', #5865 ) ;
#9436 = CARTESIAN_POINT ( 'NONE',  ( 0.03777045334268263471, 0.6885732608001106092, 0.7600000000000000089 ) ) ;
#9437 = ADVANCED_FACE ( 'NONE', ( #7131 ), #5109, .F. ) ;
#9438 = DIRECTION ( 'NONE',  ( 0.000000000000000000, 1.000000000000000000, -0.000000000000000000 ) ) ;
#9439 = ORIENTED_EDGE ( 'NONE', *, *, #5934, .F. ) ;
#9440 = CARTESIAN_POINT ( 'NONE',  ( 0.6731358981550157328, 0.6683884726333393367, 0.7600000000000000089 ) ) ;
#9441 = CARTESIAN_POINT ( 'NONE',  ( 0.02239972504235621803, 0.8072352781754773554, 0.7600000000000000089 ) ) ;
#9442 = ORIENTED_EDGE ( 'NONE', *, *, #7739, .F. ) ;
#9443 = DIRECTION ( 'NONE',  ( 3.491481338843133355E-15, -1.000000000000000000, 0.000000000000000000 ) ) ;
#9444 = CARTESIAN_POINT ( 'NONE',  ( 0.7885244656555233655, 0.7346595311332154710, 0.7600000000000000089 ) ) ;
#9445 = EDGE_CURVE ( 'NONE', #8761, #1789, #3560, .T. ) ;
#9446 = CARTESIAN_POINT ( 'NONE',  ( 0.5319064809591412812, 0.6746663180687393346, 0.7500000000000000000 ) ) ;
#9447 = SURFACE_STYLE_USAGE ( .BOTH. , #8578 ) ;
#9448 = ORIENTED_EDGE ( 'NONE', *, *, #4257, .F. ) ;
#9449 = ORIENTED_EDGE ( 'NONE', *, *, #9624, .T. ) ;
#9450 = DIRECTION ( 'NONE',  ( 0.000000000000000000, 0.000000000000000000, 1.000000000000000000 ) ) ;
#9451 = EDGE_CURVE ( 'NONE', #10078, #7117, #2885, .T. ) ;
#9452 = EDGE_CURVE ( 'NONE', #4580, #4145, #8758, .T. ) ;
#9453 = CARTESIAN_POINT ( 'NONE',  ( 0.1742625442183440010, 0.8963855086191875321, 0.7500000000000000000 ) ) ;
#9454 = FACE_OUTER_BOUND ( 'NONE', #7550, .T. ) ;
#9455 = CARTESIAN_POINT ( 'NONE',  ( 0.05068188628163305953, 0.7568193150332921393, 0.7600000000000000089 ) ) ;
#9456 = CARTESIAN_POINT ( 'NONE',  ( 0.08757163771990406076, 0.7002550248041142789, 0.7600000000000000089 ) ) ;
#9457 = CARTESIAN_POINT ( 'NONE',  ( 0.3218215265175511375, 0.6953363725158325792, 0.7600000000000000089 ) ) ;
#9458 = VECTOR ( 'NONE', #4716, 1000.000000000000000 ) ;
#9459 = CARTESIAN_POINT ( 'NONE',  ( 0.7145166258103879953, 0.6581317110782208823, 0.7600000000000000089 ) ) ;
#9460 = EDGE_LOOP ( 'NONE', ( #7861, #8131, #2096, #6674 ) ) ;
#9461 = B_SPLINE_CURVE_WITH_KNOTS ( 'NONE', 3,
 ( #2386, #1564, #6484, #837 ),
 .UNSPECIFIED., .F., .F.,
 ( 4, 4 ),
 ( 2.000000000000000000, 3.000000000000000000 ),
 .UNSPECIFIED. ) ;
#9462 = DIRECTION ( 'NONE',  ( 3.355956067282445301E-15, -1.000000000000000000, 0.000000000000000000 ) ) ;
#9463 = EDGE_CURVE ( 'NONE', #5227, #212, #5209, .T. ) ;
#9464 = CARTESIAN_POINT ( 'NONE',  ( 0.8927057527491721878, 0.7274974821158513016, 0.7600000000000000089 ) ) ;
#9465 = STYLED_ITEM ( 'NONE', ( #2043 ), #8457 ) ;
#9466 = VERTEX_POINT ( 'NONE', #2920 ) ;
#9467 = FACE_OUTER_BOUND ( 'NONE', #4196, .T. ) ;
#9468 = ORIENTED_EDGE ( 'NONE', *, *, #10105, .F. ) ;
#9469 = CARTESIAN_POINT ( 'NONE',  ( 0.5372117024535616459, 0.6615358948700397201, 0.7500000000000000000 ) ) ;
#9470 = ORIENTED_EDGE ( 'NONE', *, *, #8026, .F. ) ;
#9471 = FACE_OUTER_BOUND ( 'NONE', #1423, .T. ) ;
#9472 = AXIS2_PLACEMENT_3D ( 'NONE', #4474, #9921, #9866 ) ;
#9473 = ORIENTED_EDGE ( 'NONE', *, *, #10135, .F. ) ;
#9474 = UNCERTAINTY_MEASURE_WITH_UNIT (LENGTH_MEASURE( 1.000000000000000082E-05 ), #2452, 'distance_accuracy_value', 'NONE');
#9475 = DIRECTION ( 'NONE',  ( 2.382169989985495348E-14, -1.000000000000000000, -0.000000000000000000 ) ) ;
#9476 = ORIENTED_EDGE ( 'NONE', *, *, #2742, .F. ) ;
#9477 = ADVANCED_FACE ( 'NONE', ( #7682 ), #10133, .T. ) ;
#9478 = VECTOR ( 'NONE', #7028, 1000.000000000000000 ) ;
#9479 = ORIENTED_EDGE ( 'NONE', *, *, #2305, .T. ) ;
#9480 = SURFACE_STYLE_FILL_AREA ( #8655 ) ;
#9481 = LINE ( 'NONE', #595, #3184 ) ;
#9482 = CARTESIAN_POINT ( 'NONE',  ( 0.06605261604767731498, 0.7100922941992734438, 0.7600000000000000089 ) ) ;
#9483 = CARTESIAN_POINT ( 'NONE',  ( -0.9999999999999965583, -1.000000000000003109, 0.000000000000000000 ) ) ;
#9484 = CARTESIAN_POINT ( 'NONE',  ( 0.5428927104703610285, 0.6755505216507020627, 0.7500000000000000000 ) ) ;
#9485 = VECTOR ( 'NONE', #9868, 1000.000000000000000 ) ;
#9486 = EDGE_LOOP ( 'NONE', ( #5615, #1593, #3145, #3725 ) ) ;
#9487 = CARTESIAN_POINT ( 'NONE',  ( 0.7351185692799341309, 0.8626922098614905332, 0.7600000000000000089 ) ) ;
#9488 = ADVANCED_FACE ( 'NONE', ( #4441 ), #1900, .T. ) ;
#9489 = ORIENTED_EDGE ( 'NONE', *, *, #967, .F. ) ;
#9490 = ORIENTED_EDGE ( 'NONE', *, *, #4825, .T. ) ;
#9491 = CARTESIAN_POINT ( 'NONE',  ( 0.7974770269269370049, 0.8287387922984869038, 0.7600000000000000089 ) ) ;
#9492 = CARTESIAN_POINT ( 'NONE',  ( 0.7999999999999982681, 0.4710000000000031939, 0.000000000000000000 ) ) ;
#9493 = VERTEX_POINT ( 'NONE', #571 ) ;
#9494 = AXIS2_PLACEMENT_3D ( 'NONE', #3045, #2214, #3205 ) ;
#9495 = LINE ( 'NONE', #883, #5236 ) ;
#9496 = CARTESIAN_POINT ( 'NONE',  ( 0.03777045334268263471, 0.6885732608001106092, 0.7600000000000000089 ) ) ;
#9497 = CARTESIAN_POINT ( 'NONE',  ( -0.1499999999999973299, -0.7510000000000008891, -0.02000000000000000042 ) ) ;
#9498 = EDGE_CURVE ( 'NONE', #7257, #7040, #8959, .T. ) ;
#9499 = CARTESIAN_POINT ( 'NONE',  ( 0.7566047163314419954, 0.7953158968843083709, 0.7600000000000000089 ) ) ;
#9500 = ORIENTED_EDGE ( 'NONE', *, *, #4622, .F. ) ;
#9501 = CARTESIAN_POINT ( 'NONE',  ( 0.7145166258103864410, 0.7446068214348511294, 0.7600000000000000089 ) ) ;
#9502 = B_SPLINE_CURVE_WITH_KNOTS ( 'NONE', 3,
 ( #6238, #2158, #9218, #2262 ),
 .UNSPECIFIED., .F., .F.,
 ( 4, 4 ),
 ( 3.000000000000000000, 4.000000000000000000 ),
 .UNSPECIFIED. ) ;
#9503 = ADVANCED_FACE ( 'NONE', ( #5972 ), #4484, .F. ) ;
#9504 = SURFACE_STYLE_FILL_AREA ( #5494 ) ;
#9505 = ORIENTED_EDGE ( 'NONE', *, *, #4437, .T. ) ;
#9506 = CARTESIAN_POINT ( 'NONE',  ( 0.5685346143593300594, 0.8731700223125384852, 0.7500000000000000000 ) ) ;
#9507 = CARTESIAN_POINT ( 'NONE',  ( 0.8347241028346763514, 0.7331563850431136453, 0.7600000000000000089 ) ) ;
#9508 = VECTOR ( 'NONE', #5240, 1000.000000000000000 ) ;
#9509 = CARTESIAN_POINT ( 'NONE',  ( 0.3470295374056933113, 0.6971808553971488021, 0.7600000000000000089 ) ) ;
#9510 = DIRECTION ( 'NONE',  ( -0.000000000000000000, -0.000000000000000000, -1.000000000000000000 ) ) ;
#9511 = ADVANCED_FACE ( 'NONE', ( #1518, #9407 ), #898, .F. ) ;
#9512 = CARTESIAN_POINT ( 'NONE',  ( 0.5592062665652461906, 0.7213080570391718904, 0.7500000000000000000 ) ) ;
#9513 = ORIENTED_EDGE ( 'NONE', *, *, #9014, .F. ) ;
#9514 = CARTESIAN_POINT ( 'NONE',  ( 0.2714055516484271124, 0.6768914967966971341, 0.7500000000000000000 ) ) ;
#9515 = B_SPLINE_SURFACE_WITH_KNOTS ( 'NONE', 3, 1, ( 
 ( #8059, #8109 ),
 ( #8775, #7200 ),
 ( #2604, #101 ),
 ( #3386, #2444 ) ),
 .UNSPECIFIED., .F., .F., .F.,
 ( 4, 4 ),
 ( 2, 2 ),
 ( 0.000000000000000000, 1.000000000000000000 ),
 ( 0.000000000000000000, 1.000000000000000000 ),
 .UNSPECIFIED. ) ;
#9516 = STYLED_ITEM ( 'NONE', ( #10150 ), #7098 ) ;
#9517 = CARTESIAN_POINT ( 'NONE',  ( 0.8896773554794356054, 0.7274974821158513016, 0.7600000000000000089 ) ) ;
#9518 = ORIENTED_EDGE ( 'NONE', *, *, #7719, .T. ) ;
#9519 = LINE ( 'NONE', #3301, #2059 ) ;
#9520 = ORIENTED_EDGE ( 'NONE', *, *, #2175, .F. ) ;
#9521 = PLANE ( 'NONE',  #1017 ) ;
#9522 = EDGE_CURVE ( 'NONE', #590, #5221, #9351, .T. ) ;
#9523 = CARTESIAN_POINT ( 'NONE',  ( 0.6251236436316913725, 0.7125102313944980947, 0.7600000000000000089 ) ) ;
#9524 = VECTOR ( 'NONE', #6391, 1000.000000000000000 ) ;
#9525 = CARTESIAN_POINT ( 'NONE',  ( 0.04084461688617826297, 0.8256801480311426467, 0.7500000000000000000 ) ) ;
#9526 = ADVANCED_FACE ( 'NONE', ( #2242 ), #6274, .F. ) ;
#9527 = PRESENTATION_STYLE_ASSIGNMENT (( #6338 ) ) ;
#9528 = VECTOR ( 'NONE', #696, 1000.000000000000000 ) ;
#9529 = ORIENTED_EDGE ( 'NONE', *, *, #4045, .T. ) ;
#9530 = LINE ( 'NONE', #8084, #4706 ) ;
#9531 = ORIENTED_EDGE ( 'NONE', *, *, #1673, .T. ) ;
#9532 = LINE ( 'NONE', #1537, #8637 ) ;
#9533 = ORIENTED_EDGE ( 'NONE', *, *, #2924, .T. ) ;
#9534 = PRESENTATION_LAYER_ASSIGNMENT (  '', '', ( #4234 ) ) ;
#9535 = DIRECTION ( 'NONE',  ( 3.491481338843133355E-15, -1.000000000000000000, 0.000000000000000000 ) ) ;
#9536 = AXIS2_PLACEMENT_3D ( 'NONE', #3150, #6349, #6296 ) ;
#9537 = CARTESIAN_POINT ( 'NONE',  ( 0.5704135469718113471, 0.6676811097676482731, 0.7500000000000000000 ) ) ;
#9538 = CARTESIAN_POINT ( 'NONE',  ( 0.000000000000000000, 0.000000000000000000, 0.7500000000000000000 ) ) ;
#9539 = EDGE_CURVE ( 'NONE', #5144, #7633, #5967, .T. ) ;
#9540 = ORIENTED_EDGE ( 'NONE', *, *, #4546, .F. ) ;
#9541 = CARTESIAN_POINT ( 'NONE',  ( 0.7264312690829315411, 0.8703405708492010229, 0.7600000000000000089 ) ) ;
#9542 = VECTOR ( 'NONE', #10157, 1000.000000000000000 ) ;
#9543 =( GEOMETRIC_REPRESENTATION_CONTEXT ( 3 ) GLOBAL_UNCERTAINTY_ASSIGNED_CONTEXT ( ( #2629 ) ) GLOBAL_UNIT_ASSIGNED_CONTEXT ( ( #8372, #7351, #7566 ) ) REPRESENTATION_CONTEXT ( 'NONE', 'WORKASPACE' ) );
#9544 = PLANE ( 'NONE',  #3383 ) ;
#9545 = ORIENTED_EDGE ( 'NONE', *, *, #5859, .T. ) ;
#9546 = ORIENTED_EDGE ( 'NONE', *, *, #9637, .F. ) ;
#9547 = FACE_OUTER_BOUND ( 'NONE', #3295, .T. ) ;
#9548 = B_SPLINE_CURVE_WITH_KNOTS ( 'NONE', 3,
 ( #8670, #1399, #560, #4574 ),
 .UNSPECIFIED., .F., .F.,
 ( 4, 4 ),
 ( 2.000000000000000000, 3.000000000000000000 ),
 .UNSPECIFIED. ) ;
#9549 = CARTESIAN_POINT ( 'NONE',  ( 0.5439316496796552380, 0.6702010899775053820, 0.7600000000000000089 ) ) ;
#9550 = CARTESIAN_POINT ( 'NONE',  ( -0.1499999999999973299, -0.7510000000000008891, 0.000000000000000000 ) ) ;
#9551 = CARTESIAN_POINT ( 'NONE',  ( 0.6192657948983233407, 0.7125102313944980947, 0.7600000000000000089 ) ) ;
#9552 = PLANE ( 'NONE',  #7824 ) ;
#9553 = AXIS2_PLACEMENT_3D ( 'NONE', #3195, #9631, #2469 ) ;
#9554 = VECTOR ( 'NONE', #5894, 1000.000000000000000 ) ;
#9555 = FACE_OUTER_BOUND ( 'NONE', #10187, .T. ) ;
#9556 = EDGE_CURVE ( 'NONE', #7829, #663, #3883, .T. ) ;
#9557 = ORIENTED_EDGE ( 'NONE', *, *, #1953, .F. ) ;
#9558 = CARTESIAN_POINT ( 'NONE',  ( 0.8265452196975536792, 0.7265248581751615475, 0.7500000000000000000 ) ) ;
#9559 = ORIENTED_EDGE ( 'NONE', *, *, #7019, .T. ) ;
#9560 = VECTOR ( 'NONE', #3007, 1000.000000000000000 ) ;
#9561 = EDGE_CURVE ( 'NONE', #5042, #6204, #675, .T. ) ;
#9562 = CARTESIAN_POINT ( 'NONE',  ( 0.1687290721208205557, 0.6916473832993281778, 0.7500000000000000000 ) ) ;
#9563 = LINE ( 'NONE', #2450, #2681 ) ;
#9564 = SURFACE_SIDE_STYLE ('',( #6487 ) ) ;
#9565 = PRESENTATION_STYLE_ASSIGNMENT (( #791 ) ) ;
#9566 = LINE ( 'NONE', #3293, #3582 ) ;
#9567 = EDGE_CURVE ( 'NONE', #8340, #1627, #3122, .T. ) ;
#9568 = ORIENTED_EDGE ( 'NONE', *, *, #1438, .T. ) ;
#9569 = VECTOR ( 'NONE', #8709, 1000.000000000000000 ) ;
#9570 = UNCERTAINTY_MEASURE_WITH_UNIT (LENGTH_MEASURE( 1.000000000000000082E-05 ), #7729, 'distance_accuracy_value', 'NONE');
#9571 = CARTESIAN_POINT ( 'NONE',  ( 0.8097453516326206246, 0.7953158968843052623, 0.7600000000000000089 ) ) ;
#9572 = CARTESIAN_POINT ( 'NONE',  ( 0.5171181760438913200, 0.7069839590044362243, 0.7600000000000000089 ) ) ;
#9573 = EDGE_CURVE ( 'NONE', #94, #139, #6383, .T. ) ;
#9574 = ORIENTED_EDGE ( 'NONE', *, *, #259, .F. ) ;
#9575 = LINE ( 'NONE', #65, #3223 ) ;
#9576 = EDGE_LOOP ( 'NONE', ( #175, #4166, #6824, #7336 ) ) ;
#9577 = CARTESIAN_POINT ( 'NONE',  ( 0.7827992474596511263, 0.8707384624614092905, 0.7600000000000000089 ) ) ;
#9578 = CARTESIAN_POINT ( 'NONE',  ( 0.1499999999999964695, 1.001000000000000778, 0.1800000000000000211 ) ) ;
#9579 = DIRECTION ( 'NONE',  ( -1.000000000000000000, -3.491481338843133355E-15, 0.000000000000000000 ) ) ;
#9580 = EDGE_CURVE ( 'NONE', #4808, #2635, #7091, .T. ) ;
#9581 = PLANE ( 'NONE',  #1929 ) ;
#9582 = EDGE_CURVE ( 'NONE', #4098, #1211, #7850, .T. ) ;
#9583 = VERTEX_POINT ( 'NONE', #4841 ) ;
#9584 = UNCERTAINTY_MEASURE_WITH_UNIT (LENGTH_MEASURE( 1.000000000000000082E-05 ), #8873, 'distance_accuracy_value', 'NONE');
#9585 = VECTOR ( 'NONE', #9914, 1000.000000000000000 ) ;
#9586 = CARTESIAN_POINT ( 'NONE',  ( -0.1499999999999973299, -0.7510000000000008891, -0.02000000000000000042 ) ) ;
#9587 = ORIENTED_EDGE ( 'NONE', *, *, #4298, .F. ) ;
#9588 = EDGE_CURVE ( 'NONE', #2603, #7742, #8013, .T. ) ;
#9589 = EDGE_CURVE ( 'NONE', #6877, #6646, #8066, .T. ) ;
#9590 = B_SPLINE_CURVE_WITH_KNOTS ( 'NONE', 3,
 ( #3483, #6047, #7450, #2070 ),
 .UNSPECIFIED., .F., .F.,
 ( 4, 4 ),
 ( 16.00000000000000000, 17.00000000000000000 ),
 .UNSPECIFIED. ) ;
#9591 = FACE_OUTER_BOUND ( 'NONE', #4641, .T. ) ;
#9592 = ORIENTED_EDGE ( 'NONE', *, *, #2118, .T. ) ;
#9593 = EDGE_LOOP ( 'NONE', ( #6251, #6946, #6673, #5700 ) ) ;
#9594 = VECTOR ( 'NONE', #7304, 1000.000000000000000 ) ;
#9595 = CARTESIAN_POINT ( 'NONE',  ( 0.5426716595747230754, 0.7977916669150958429, 0.7500000000000000000 ) ) ;
#9596 = PLANE ( 'NONE',  #3746 ) ;
#9597 = CARTESIAN_POINT ( 'NONE',  ( 0.5562441845641136196, 0.6871777987593001846, 0.7500000000000000000 ) ) ;
#9598 = EDGE_LOOP ( 'NONE', ( #2536, #1742, #2641, #2903 ) ) ;
#9599 = DIRECTION ( 'NONE',  ( -1.000000000000000000, -0.000000000000000000, -0.000000000000000000 ) ) ;
#9600 = VECTOR ( 'NONE', #9652, 1000.000000000000000 ) ;
#9601 = CARTESIAN_POINT ( 'NONE',  ( 0.9999999999999965583, 1.000000000000003997, 0.000000000000000000 ) ) ;
#9602 = ORIENTED_EDGE ( 'NONE', *, *, #6581, .T. ) ;
#9603 = ORIENTED_EDGE ( 'NONE', *, *, #3552, .F. ) ;
#9604 = DIRECTION ( 'NONE',  ( 1.000000000000000000, 4.429205798888076739E-14, -0.000000000000000000 ) ) ;
#9605 = CARTESIAN_POINT ( 'NONE',  ( 0.7566047163314477686, 0.6970808788818703139, 0.7600000000000000089 ) ) ;
#9606 = ORIENTED_EDGE ( 'NONE', *, *, #4991, .F. ) ;
#9607 = CARTESIAN_POINT ( 'NONE',  ( 0.5428927104703610285, 0.6725884396501585760, 0.7500000000000000000 ) ) ;
#9608 = CARTESIAN_POINT ( 'NONE',  ( 0.5665230512093533122, 0.7125102313944980947, 0.7600000000000000089 ) ) ;
#9609 = CARTESIAN_POINT ( 'NONE',  ( 0.6740864170061684479, 0.6712179240972643290, 0.7500000000000000000 ) ) ;
#9610 = VERTEX_POINT ( 'NONE', #4989 ) ;
#9611 = FACE_BOUND ( 'NONE', #10200, .T. ) ;
#9612 = FACE_BOUND ( 'NONE', #3326, .T. ) ;
#9613 = ORIENTED_EDGE ( 'NONE', *, *, #1263, .T. ) ;
#9614 = CARTESIAN_POINT ( 'NONE',  ( -0.4999999999999972800, -0.7510000000000021103, -0.02000000000000000042 ) ) ;
#9615 = EDGE_CURVE ( 'NONE', #1627, #7453, #6433, .T. ) ;
#9616 =( NAMED_UNIT ( * ) SI_UNIT ( $, .STERADIAN. ) SOLID_ANGLE_UNIT ( ) );
#9617 = CARTESIAN_POINT ( 'NONE',  ( 0.7839929222956832922, 0.8658753427579670703, 0.7600000000000000089 ) ) ;
#9618 = LINE ( 'NONE', #4327, #7152 ) ;
#9619 = DIRECTION ( 'NONE',  ( -1.000000000000000000, -3.491481338843133355E-15, 0.000000000000000000 ) ) ;
#9620 = ORIENTED_EDGE ( 'NONE', *, *, #9974, .F. ) ;
#9621 = DIRECTION ( 'NONE',  ( 0.9903286039881253888, 0.1387416884823398366, 0.000000000000000000 ) ) ;
#9622 = VERTEX_POINT ( 'NONE', #5708 ) ;
#9624 = EDGE_CURVE ( 'NONE', #5929, #6265, #2611, .T. ) ;
#9623 = LINE ( 'NONE', #6332, #9689 ) ;
#9625 = VECTOR ( 'NONE', #9739, 1000.000000000000114 ) ;
#9626 = ORIENTED_EDGE ( 'NONE', *, *, #244, .T. ) ;
#9627 = CARTESIAN_POINT ( 'NONE',  ( 0.2265230254223644657, 0.9049931171414477005, 0.7500000000000000000 ) ) ;
#9628 = DIRECTION ( 'NONE',  ( 1.000000000000000000, 1.253773678939720443E-14, -0.000000000000000000 ) ) ;
#9629 = CARTESIAN_POINT ( 'NONE',  ( 0.8360283031183790570, 0.7021650494806563891, 0.7500000000000000000 ) ) ;
#9630 = DIRECTION ( 'NONE',  ( 0.9400931103999027316, -0.3409177962187311950, 0.000000000000000000 ) ) ;
#9631 = DIRECTION ( 'NONE',  ( 0.000000000000000000, 0.000000000000000000, 1.000000000000000000 ) ) ;
#9632 = ADVANCED_FACE ( 'NONE', ( #1000 ), #2733, .F. ) ;
#9633 = VERTEX_POINT ( 'NONE', #5807 ) ;
#9634 = CARTESIAN_POINT ( 'NONE',  ( 0.5241696996132929609, 0.8239640929531815150, 0.7600000000000000089 ) ) ;
#9635 = ORIENTED_EDGE ( 'NONE', *, *, #9300, .F. ) ;
#9637 = EDGE_CURVE ( 'NONE', #8831, #2726, #2528, .T. ) ;
#9636 =( NAMED_UNIT ( * ) SI_UNIT ( $, .STERADIAN. ) SOLID_ANGLE_UNIT ( ) );
#9638 = VERTEX_POINT ( 'NONE', #1157 ) ;
#9639 = ORIENTED_EDGE ( 'NONE', *, *, #10169, .F. ) ;
#9640 = MECHANICAL_DESIGN_GEOMETRIC_PRESENTATION_REPRESENTATION (  '', ( #4170 ), #4663 ) ;
#9641 = LINE ( 'NONE', #815, #7813 ) ;
#9642 = CARTESIAN_POINT ( 'NONE',  ( 0.3082953030864020172, 0.8342877602179995522, 0.7500000000000000000 ) ) ;
#9643 = CARTESIAN_POINT ( 'NONE',  ( 0.6734232643189621559, 0.6683884726333393367, 0.7600000000000000089 ) ) ;
#9644 = EDGE_CURVE ( 'NONE', #6670, #6958, #3448, .T. ) ;
#9645 = CARTESIAN_POINT ( 'NONE',  ( 0.01194762850846879318, 0.7555896285076423302, 0.7500000000000000000 ) ) ;
#9646 = ORIENTED_EDGE ( 'NONE', *, *, #3479, .F. ) ;
#9647 = CARTESIAN_POINT ( 'NONE',  ( -0.7999999999999987121, -0.3000000000000026534, 0.000000000000000000 ) ) ;
#9648 = DIRECTION ( 'NONE',  ( 0.000000000000000000, 0.000000000000000000, -1.000000000000000000 ) ) ;
#9649 = ORIENTED_EDGE ( 'NONE', *, *, #7506, .F. ) ;
#9650 = ORIENTED_EDGE ( 'NONE', *, *, #7856, .T. ) ;
#9651 = CARTESIAN_POINT ( 'NONE',  ( 0.7394732719229082374, 0.8396587065408116501, 0.7600000000000000089 ) ) ;
#9652 = DIRECTION ( 'NONE',  ( 3.491481338843133355E-15, -1.000000000000000000, -0.000000000000000000 ) ) ;
#9653 = SURFACE_STYLE_USAGE ( .BOTH. , #9705 ) ;
#9654 = PLANE ( 'NONE',  #8806 ) ;
#9655 = CARTESIAN_POINT ( 'NONE',  ( 0.5707009131360528675, 0.7074702709747802132, 0.7600000000000000089 ) ) ;
#9656 = VECTOR ( 'NONE', #1357, 1000.000000000000000 ) ;
#9657 = CARTESIAN_POINT ( 'NONE',  ( 0.6173868622858336153, 0.8342650646879571363, 0.7500000000000000000 ) ) ;
#9658 = LINE ( 'NONE', #3280, #1110 ) ;
#9659 = B_SPLINE_CURVE_WITH_KNOTS ( 'NONE', 3,
 ( #2992, #1386, #4556, #1491 ),
 .UNSPECIFIED., .F., .F.,
 ( 4, 4 ),
 ( 18.00000000000000000, 19.00000000000000000 ),
 .UNSPECIFIED. ) ;
#9660 = ORIENTED_EDGE ( 'NONE', *, *, #5167, .F. ) ;
#9661 = DIRECTION ( 'NONE',  ( -1.000000000000000000, 0.000000000000000000, 0.000000000000000000 ) ) ;
#9662 = EDGE_LOOP ( 'NONE', ( #6279, #5266, #4746, #8553 ) ) ;
#9663 = CARTESIAN_POINT ( 'NONE',  ( 0.1576621513802323737, 0.7020994842309644657, 0.7500000000000000000 ) ) ;
#9664 = DIRECTION ( 'NONE',  ( 1.000000000000000000, 0.000000000000000000, 0.000000000000000000 ) ) ;
#9665 = CARTESIAN_POINT ( 'NONE',  ( 0.8434114030316806065, 0.7255080240554047100, 0.7600000000000000089 ) ) ;
#9666 = CARTESIAN_POINT ( 'NONE',  ( 0.6129216341946075453, 0.7117586583491514185, 0.7600000000000000089 ) ) ;
#9667 = CARTESIAN_POINT ( 'NONE',  ( 0.6148889871655207617, 0.6952682615377004938, 0.7500000000000000000 ) ) ;
#9668 = VERTEX_POINT ( 'NONE', #6488 ) ;
#9669 = EDGE_CURVE ( 'NONE', #2103, #847, #9618, .T. ) ;
#9670 = CARTESIAN_POINT ( 'NONE',  ( 0.6734232643189621559, 0.6683884726333393367, 0.7500000000000000000 ) ) ;
#9671 = CARTESIAN_POINT ( 'NONE',  ( 0.8918436542561568592, 0.7306806150123267285, 0.7600000000000000089 ) ) ;
#9672 = VERTEX_POINT ( 'NONE', #8115 ) ;
#9673 = AXIS2_PLACEMENT_3D ( 'NONE', #5090, #5953, #504 ) ;
#9674 = LINE ( 'NONE', #7118, #1232 ) ;
#9675 = ORIENTED_EDGE ( 'NONE', *, *, #4455, .T. ) ;
#9676 = CARTESIAN_POINT ( 'NONE',  ( 0.6499999999999973577, 0.7510000000000026654, 0.000000000000000000 ) ) ;
#9677 = CARTESIAN_POINT ( 'NONE',  ( 0.8360283031183790570, 0.7129523331857756663, 0.7500000000000000000 ) ) ;
#9678 = CARTESIAN_POINT ( 'NONE',  ( 0.6349604084856546038, 0.7080450033032648083, 0.7500000000000000000 ) ) ;
#9679 = PLANE ( 'NONE',  #9051 ) ;
#9680 = ADVANCED_FACE ( 'NONE', ( #5040 ), #2502, .F. ) ;
#9681 = UNCERTAINTY_MEASURE_WITH_UNIT (LENGTH_MEASURE( 1.000000000000000082E-05 ), #3216, 'distance_accuracy_value', 'NONE');
#9682 = CARTESIAN_POINT ( 'NONE',  ( 0.5319064809591412812, 0.6862051748186153155, 0.7500000000000000000 ) ) ;
#9683 = ORIENTED_EDGE ( 'NONE', *, *, #499, .T. ) ;
#9684 = LINE ( 'NONE', #2414, #6015 ) ;
#9685 = ADVANCED_FACE ( 'NONE', ( #6643 ), #9778, .F. ) ;
#9686 = EDGE_LOOP ( 'NONE', ( #7591, #4301, #6899, #6004, #6496, #851 ) ) ;
#9687 = B_SPLINE_SURFACE_WITH_KNOTS ( 'NONE', 3, 1, ( 
 ( #6828, #8308 ),
 ( #5994, #4463 ),
 ( #4360, #6627 ),
 ( #8460, #3679 ) ),
 .UNSPECIFIED., .F., .F., .F.,
 ( 4, 4 ),
 ( 2, 2 ),
 ( 3.000000000000000000, 4.000000000000000000 ),
 ( 0.000000000000000000, 1.000000000000000000 ),
 .UNSPECIFIED. ) ;
#9688 = CARTESIAN_POINT ( 'NONE',  ( 0.4999999999999964473, 1.000000000000002220, 0.1799999999999999378 ) ) ;
#9689 = VECTOR ( 'NONE', #4747, 1000.000000000000000 ) ;
#9690 = DIRECTION ( 'NONE',  ( -0.3897582650654846659, -0.9209172030172655399, -0.000000000000000000 ) ) ;
#9691 = AXIS2_PLACEMENT_3D ( 'NONE', #1681, #9733, #8904 ) ;
#9692 = CARTESIAN_POINT ( 'NONE',  ( 0.5476895149046111522, 0.6852325508779255614, 0.7500000000000000000 ) ) ;
#9693 = EDGE_CURVE ( 'NONE', #6588, #2124, #8937, .T. ) ;
#9694 = EDGE_LOOP ( 'NONE', ( #3787, #1975, #3022, #2009 ) ) ;
#9695 = CARTESIAN_POINT ( 'NONE',  ( 0.6098048165667382392, 0.6984513944347666703, 0.7500000000000000000 ) ) ;
#9696 = DIRECTION ( 'NONE',  ( -0.000000000000000000, -0.000000000000000000, -1.000000000000000000 ) ) ;
#9697 = ORIENTED_EDGE ( 'NONE', *, *, #969, .F. ) ;
#9698 = B_SPLINE_CURVE_WITH_KNOTS ( 'NONE', 3,
 ( #5510, #3191, #1629, #5412 ),
 .UNSPECIFIED., .F., .F.,
 ( 4, 4 ),
 ( 9.000000000000000000, 10.00000000000000000 ),
 .UNSPECIFIED. ) ;
#9699 = MECHANICAL_DESIGN_GEOMETRIC_PRESENTATION_REPRESENTATION (  '', ( #8215 ), #7187 ) ;
#9700 = ORIENTED_EDGE ( 'NONE', *, *, #7950, .T. ) ;
#9701 = ORIENTED_EDGE ( 'NONE', *, *, #8377, .T. ) ;
#9702 = CARTESIAN_POINT ( 'NONE',  ( 0.1527435225458242118, 0.8810147781199886285, 0.7600000000000000089 ) ) ;
#9703 = AXIS2_PLACEMENT_3D ( 'NONE', #5414, #7755, #6863 ) ;
#9704 = CARTESIAN_POINT ( 'NONE',  ( 0.7839929222956832922, 0.8658753427579670703, 0.7600000000000000089 ) ) ;
#9705 = SURFACE_SIDE_STYLE ('',( #6474 ) ) ;
#9706 = LINE ( 'NONE', #95, #6135 ) ;
#9707 = CARTESIAN_POINT ( 'NONE',  ( 0.8347241028346763514, 0.6702453001565782387, 0.7500000000000000000 ) ) ;
#9708 = CARTESIAN_POINT ( 'NONE',  ( 0.6065553684016581348, 0.6566727751671871394, 0.7500000000000000000 ) ) ;
#9709 = CARTESIAN_POINT ( 'NONE',  ( 0.6734232643189621559, 0.6683884726333393367, 0.7500000000000000000 ) ) ;
#9710 = ORIENTED_EDGE ( 'NONE', *, *, #9328, .T. ) ;
#9711 = VECTOR ( 'NONE', #621, 1000.000000000000000 ) ;
#9712 = CARTESIAN_POINT ( 'NONE',  ( 0.8202231640836680215, 0.7319627102064939494, 0.7500000000000000000 ) ) ;
#9713 = DIRECTION ( 'NONE',  ( -0.000000000000000000, -0.000000000000000000, -1.000000000000000000 ) ) ;
#9714 = EDGE_CURVE ( 'NONE', #5241, #1859, #8835, .T. ) ;
#9715 = LINE ( 'NONE', #5702, #10253 ) ;
#9716 = EDGE_CURVE ( 'NONE', #6930, #5518, #1831, .T. ) ;
#9717 = CARTESIAN_POINT ( 'NONE',  ( 0.5336748881239476994, 0.6647632379455854501, 0.7600000000000000089 ) ) ;
#9718 = CARTESIAN_POINT ( 'NONE',  ( 0.8434114030316806065, 0.7255080240554047100, 0.7500000000000000000 ) ) ;
#9719 = VECTOR ( 'NONE', #9802, 1000.000000000000000 ) ;
#9720 = EDGE_CURVE ( 'NONE', #3050, #3759, #4216, .T. ) ;
#9721 = CARTESIAN_POINT ( 'NONE',  ( -0.5000000000000034417, 1.000999999999998558, -0.02000000000000000042 ) ) ;
#9722 = CARTESIAN_POINT ( 'NONE',  ( 0.6690685616759873833, 0.7953158968843083709, 0.7600000000000000089 ) ) ;
#9723 = ORIENTED_EDGE ( 'NONE', *, *, #5480, .T. ) ;
#9724 = CARTESIAN_POINT ( 'NONE',  ( 0.5525747396972909842, 0.7938569609732751831, 0.7600000000000000089 ) ) ;
#9725 = VECTOR ( 'NONE', #2845, 1000.000000000000000 ) ;
#9726 = ORIENTED_EDGE ( 'NONE', *, *, #5706, .T. ) ;
#9727 = CARTESIAN_POINT ( 'NONE',  ( -0.7999999999999999334, -2.793185071074506684E-15, 0.000000000000000000 ) ) ;
#9728 = ORIENTED_EDGE ( 'NONE', *, *, #8433, .T. ) ;
#9729 = CARTESIAN_POINT ( 'NONE',  ( 0.8360283031183790570, 0.6913777657755382222, 0.7500000000000000000 ) ) ;
#9730 = CARTESIAN_POINT ( 'NONE',  ( 0.8854994935527360500, 0.7446068214348521286, 0.7600000000000000089 ) ) ;
#9731 = EDGE_CURVE ( 'NONE', #833, #1545, #4115, .T. ) ;
#9732 = FACE_OUTER_BOUND ( 'NONE', #3103, .T. ) ;
#9733 = DIRECTION ( 'NONE',  ( 0.000000000000000000, 0.000000000000000000, 1.000000000000000000 ) ) ;
#9734 = FILL_AREA_STYLE_COLOUR ( '', #6720 ) ;
#9735 = LINE ( 'NONE', #5623, #4101 ) ;
#9736 = ORIENTED_EDGE ( 'NONE', *, *, #5681, .F. ) ;
#9737 = CARTESIAN_POINT ( 'NONE',  ( 0.5542989366830318732, 0.6655590211699972114, 0.7600000000000000089 ) ) ;
#9738 = ORIENTED_EDGE ( 'NONE', *, *, #8390, .T. ) ;
#9739 = DIRECTION ( 'NONE',  ( -0.9903286039881253888, -0.1387416884823398366, -0.000000000000000000 ) ) ;
#9740 = EDGE_CURVE ( 'NONE', #1235, #2099, #649, .T. ) ;
#9741 = ORIENTED_EDGE ( 'NONE', *, *, #4881, .T. ) ;
#9742 = B_SPLINE_CURVE_WITH_KNOTS ( 'NONE', 3,
 ( #4516, #2899, #6148, #3100 ),
 .UNSPECIFIED., .F., .F.,
 ( 4, 4 ),
 ( 2.000000000000000000, 3.000000000000000000 ),
 .UNSPECIFIED. ) ;
#9743 = CARTESIAN_POINT ( 'NONE',  ( 0.8118895453198080592, 0.7346595311332154710, 0.7600000000000000089 ) ) ;
#9744 = AXIS2_PLACEMENT_3D ( 'NONE', #7290, #4107, #4880 ) ;
#9745 = B_SPLINE_CURVE_WITH_KNOTS ( 'NONE', 3,
 ( #1856, #5018, #8195, #7391 ),
 .UNSPECIFIED., .F., .F.,
 ( 4, 4 ),
 ( 3.000000000000000000, 4.000000000000000000 ),
 .UNSPECIFIED. ) ;
#9746 = FILL_AREA_STYLE ('',( #2003 ) ) ;
#9747 = ORIENTED_EDGE ( 'NONE', *, *, #1197, .F. ) ;
#9748 = CARTESIAN_POINT ( 'NONE',  ( 0.9303728253586533992, 0.6581317110782219926, 0.7500000000000000000 ) ) ;
#9749 = DIRECTION ( 'NONE',  ( -0.000000000000000000, -0.000000000000000000, -1.000000000000000000 ) ) ;
#9750 = EDGE_LOOP ( 'NONE', ( #5642, #6578, #1348, #5530 ) ) ;
#9751 = AXIS2_PLACEMENT_3D ( 'NONE', #3387, #5699, #2446 ) ;
#9752 = ORIENTED_EDGE ( 'NONE', *, *, #9316, .F. ) ;
#9753 = LINE ( 'NONE', #3324, #8479 ) ;
#9754 = CARTESIAN_POINT ( 'NONE',  ( 0.8347241028346763514, 0.6702453001565782387, 0.7600000000000000089 ) ) ;
#9755 = ADVANCED_FACE ( 'NONE', ( #561 ), #1400, .F. ) ;
#9756 = ORIENTED_EDGE ( 'NONE', *, *, #2805, .F. ) ;
#9757 = LINE ( 'NONE', #5944, #3752 ) ;
#9758 = DIRECTION ( 'NONE',  ( -3.491481338843133355E-15, 1.000000000000000000, 0.000000000000000000 ) ) ;
#9759 = CARTESIAN_POINT ( 'NONE',  ( 0.3660892329340721951, 0.7432930446946898195, 0.7500000000000000000 ) ) ;
#9760 = LINE ( 'NONE', #7288, #5086 ) ;
#9761 = ORIENTED_EDGE ( 'NONE', *, *, #3869, .T. ) ;
#9762 = AXIS2_PLACEMENT_3D ( 'NONE', #2856, #7350, #1151 ) ;
#9763 = ADVANCED_FACE ( 'NONE', ( #3745 ), #7175, .F. ) ;
#9764 = CARTESIAN_POINT ( 'NONE',  ( 0.6173868622858413868, 0.8441681448105246011, 0.7600000000000000089 ) ) ;
#9765 = CARTESIAN_POINT ( 'NONE',  ( 0.6203268391971467066, 0.7213080570391718904, 0.7600000000000000089 ) ) ;
#9766 = ORIENTED_EDGE ( 'NONE', *, *, #6081, .F. ) ;
#9767 = CARTESIAN_POINT ( 'NONE',  ( 0.3132139319208068207, 0.7912497168735491693, 0.7600000000000000089 ) ) ;
#9768 = EDGE_CURVE ( 'NONE', #669, #4824, #6108, .T. ) ;
#9769 = FACE_OUTER_BOUND ( 'NONE', #7613, .T. ) ;
#9770 = CARTESIAN_POINT ( 'NONE',  ( 0.8477661056752422430, 0.7152954726787674744, 0.7500000000000000000 ) ) ;
#9771 = FILL_AREA_STYLE ('',( #8732 ) ) ;
#9772 = CARTESIAN_POINT ( 'NONE',  ( 0.7823792507579132582, 0.8681300618934142399, 0.7600000000000000089 ) ) ;
#9773 = CARTESIAN_POINT ( 'NONE',  ( 0.5962765017564184422, 0.6994240183748651196, 0.7600000000000000089 ) ) ;
#9774 = EDGE_LOOP ( 'NONE', ( #7963, #4395, #4856, #3806 ) ) ;
#9775 = EDGE_CURVE ( 'NONE', #2613, #8318, #3696, .T. ) ;
#9776 = EDGE_CURVE ( 'NONE', #1447, #7942, #9289, .T. ) ;
#9777 = CARTESIAN_POINT ( 'NONE',  ( 0.5358853970800290245, 0.8484565321854827813, 0.7500000000000000000 ) ) ;
#9778 = B_SPLINE_SURFACE_WITH_KNOTS ( 'NONE', 3, 1, ( 
 ( #5096, #7462 ),
 ( #9666, #8892 ),
 ( #3494, #2715 ),
 ( #2558, #5658 ) ),
 .UNSPECIFIED., .F., .F., .F.,
 ( 4, 4 ),
 ( 2, 2 ),
 ( 11.00000000000000000, 12.00000000000000000 ),
 ( 0.000000000000000000, 1.000000000000000000 ),
 .UNSPECIFIED. ) ;
#9779 = SURFACE_STYLE_FILL_AREA ( #114 ) ;
#9780 = ORIENTED_EDGE ( 'NONE', *, *, #3211, .F. ) ;
#9781 = CARTESIAN_POINT ( 'NONE',  ( 0.6457919023698426297, 0.6299256168000324507, 0.7600000000000000089 ) ) ;
#9782 = PLANE ( 'NONE',  #5398 ) ;
#9783 = CARTESIAN_POINT ( 'NONE',  ( 0.3962158726569152689, 0.7014846644220150695, 0.7600000000000000089 ) ) ;
#9784 = EDGE_CURVE ( 'NONE', #6091, #9084, #7570, .T. ) ;
#9785 = DIRECTION ( 'NONE',  ( 3.491481338843133355E-15, -1.000000000000000000, 0.000000000000000000 ) ) ;
#9786 = ORIENTED_EDGE ( 'NONE', *, *, #2573, .F. ) ;
#9787 = CARTESIAN_POINT ( 'NONE',  ( 0.5460316331877688167, 0.6683442624542664801, 0.7600000000000000089 ) ) ;
#9788 = ORIENTED_EDGE ( 'NONE', *, *, #565, .T. ) ;
#9789 = CARTESIAN_POINT ( 'NONE',  ( 0.9092182546501599294, 0.6817841569064504448, 0.7600000000000000089 ) ) ;
#9790 = ORIENTED_EDGE ( 'NONE', *, *, #9993, .F. ) ;
#9791 = DIRECTION ( 'NONE',  ( 3.491481338843133355E-15, -1.000000000000000000, 0.000000000000000000 ) ) ;
#9792 = DIRECTION ( 'NONE',  ( 1.000000000000000000, 3.491481338843133355E-15, 0.000000000000000000 ) ) ;
#9793 = EDGE_CURVE ( 'NONE', #2205, #5042, #7620, .T. ) ;
#9794 = VERTEX_POINT ( 'NONE', #9093 ) ;
#9795 = DIRECTION ( 'NONE',  ( 0.000000000000000000, -1.000000000000000000, 0.000000000000000000 ) ) ;
#9796 = CARTESIAN_POINT ( 'NONE',  ( 0.05068188628163305953, 0.7568193150332921393, 0.7600000000000000089 ) ) ;
#9797 = VERTEX_POINT ( 'NONE', #3648 ) ;
#9798 = VECTOR ( 'NONE', #7919, 1000.000000000000000 ) ;
#9799 = ORIENTED_EDGE ( 'NONE', *, *, #9287, .T. ) ;
#9800 = ORIENTED_EDGE ( 'NONE', *, *, #3076, .T. ) ;
#9801 = CARTESIAN_POINT ( 'NONE',  ( 0.1115499738093310850, 0.8551919503543360390, 0.7600000000000000089 ) ) ;
#9802 = DIRECTION ( 'NONE',  ( -0.000000000000000000, -0.000000000000000000, -1.000000000000000000 ) ) ;
#9803 = CARTESIAN_POINT ( 'NONE',  ( 0.5766913924066228159, 0.8832499431519701405, 0.7600000000000000089 ) ) ;
#9804 = CARTESIAN_POINT ( 'NONE',  ( 0.1164686026437385113, 0.8551919503543360390, 0.7600000000000000089 ) ) ;
#9805 = DIRECTION ( 'NONE',  ( -0.000000000000000000, 0.000000000000000000, -1.000000000000000000 ) ) ;
#9806 = AXIS2_PLACEMENT_3D ( 'NONE', #714, #8669, #1606 ) ;
#9807 = EDGE_CURVE ( 'NONE', #6625, #8793, #3603, .T. ) ;
#9808 = CARTESIAN_POINT ( 'NONE',  ( 0.7830645085340638412, 0.8707384624614092905, 0.7600000000000000089 ) ) ;
#9809 = CARTESIAN_POINT ( 'NONE',  ( -0.8000000000000035971, 0.9999999999999976685, 0.1800000000000000488 ) ) ;
#9810 = ORIENTED_EDGE ( 'NONE', *, *, #4991, .T. ) ;
#9811 = CARTESIAN_POINT ( 'NONE',  ( 0.6268036304380679713, 0.6738705348443274623, 0.7600000000000000089 ) ) ;
#9812 = PRESENTATION_LAYER_ASSIGNMENT (  '', '', ( #4015 ) ) ;
#9813 = EDGE_CURVE ( 'NONE', #2513, #2761, #3548, .T. ) ;
#9814 = PLANE ( 'NONE',  #253 ) ;
#9815 = CARTESIAN_POINT ( 'NONE',  ( 0.1121648053452185684, 0.8183022340968790775, 0.7600000000000000089 ) ) ;
#9816 = CARTESIAN_POINT ( 'NONE',  ( 0.6129658443739728346, 0.6566727751671871394, 0.7600000000000000089 ) ) ;
#9817 = CARTESIAN_POINT ( 'NONE',  ( 0.6527329004912759691, 0.7953158968843083709, 0.7600000000000000089 ) ) ;
#9818 = CARTESIAN_POINT ( 'NONE',  ( 0.7123503270336647430, 0.8081810590080072965, 0.7500000000000000000 ) ) ;
#9819 = VERTEX_POINT ( 'NONE', #6695 ) ;
#9820 = EDGE_CURVE ( 'NONE', #1597, #8198, #4430, .T. ) ;
#9821 = FILL_AREA_STYLE ('',( #7466 ) ) ;
#9822 = SURFACE_STYLE_USAGE ( .BOTH. , #2672 ) ;
#9823 = ORIENTED_EDGE ( 'NONE', *, *, #2832, .F. ) ;
#9824 = CARTESIAN_POINT ( 'NONE',  ( 0.5825492411399950665, 0.7955369477796485622, 0.7500000000000000000 ) ) ;
#9825 = CARTESIAN_POINT ( 'NONE',  ( 0.3445702112618454493, 0.7912497168735491693, 0.7600000000000000089 ) ) ;
#9826 =( NAMED_UNIT ( * ) PLANE_ANGLE_UNIT ( ) SI_UNIT ( $, .RADIAN. ) );
#9827 = VECTOR ( 'NONE', #3825, 1000.000000000000000 ) ;
#9828 = DIRECTION ( 'NONE',  ( 0.000000000000000000, 0.000000000000000000, 1.000000000000000000 ) ) ;
#9829 = CARTESIAN_POINT ( 'NONE',  ( 0.8902078776294369833, 0.7289122078472241029, 0.7600000000000000089 ) ) ;
#9830 = CARTESIAN_POINT ( 'NONE',  ( -1.300000000000000044, -4.538925740496073362E-15, -0.02000000000000000042 ) ) ;
#9831 = LINE ( 'NONE', #4959, #1441 ) ;
#9832 = ORIENTED_EDGE ( 'NONE', *, *, #2175, .T. ) ;
#9833 =( LENGTH_UNIT ( ) NAMED_UNIT ( * ) SI_UNIT ( .MILLI., .METRE. ) );
#9834 = EDGE_CURVE ( 'NONE', #4033, #4645, #6709, .T. ) ;
#9835 = ORIENTED_EDGE ( 'NONE', *, *, #6758, .F. ) ;
#9836 = LINE ( 'NONE', #3363, #3497 ) ;
#9837 = VERTEX_POINT ( 'NONE', #2768 ) ;
#9838 = VECTOR ( 'NONE', #2644, 1000.000000000000000 ) ;
#9839 = ADVANCED_FACE ( 'NONE', ( #1206 ), #5045, .F. ) ;
#9840 = CARTESIAN_POINT ( 'NONE',  ( 0.8148295222314063668, 0.6581317110782219926, 0.7600000000000000089 ) ) ;
#9841 = ORIENTED_EDGE ( 'NONE', *, *, #9776, .F. ) ;
#9842 =( LENGTH_UNIT ( ) NAMED_UNIT ( * ) SI_UNIT ( .MILLI., .METRE. ) );
#9843 = VECTOR ( 'NONE', #7927, 1000.000000000000000 ) ;
#9844 = PLANE ( 'NONE',  #1061 ) ;
#9845 = VERTEX_POINT ( 'NONE', #6059 ) ;
#9846 = ORIENTED_EDGE ( 'NONE', *, *, #7732, .T. ) ;
#9847 = ORIENTED_EDGE ( 'NONE', *, *, #6462, .T. ) ;
#9848 = FILL_AREA_STYLE ('',( #1816 ) ) ;
#9849 = ORIENTED_EDGE ( 'NONE', *, *, #8991, .T. ) ;
#9850 = CARTESIAN_POINT ( 'NONE',  ( 0.5195718409848524288, 0.7346595311332124734, 0.7500000000000000000 ) ) ;
#9851 = LINE ( 'NONE', #9177, #2010 ) ;
#9852 = EDGE_CURVE ( 'NONE', #1693, #3818, #9241, .T. ) ;
#9853 = CARTESIAN_POINT ( 'NONE',  ( 0.1256910405033054012, 0.8539622931460290056, 0.7600000000000000089 ) ) ;
#9854 = PRESENTATION_STYLE_ASSIGNMENT (( #10006 ) ) ;
#9855 = CARTESIAN_POINT ( 'NONE',  ( 0.9092182546501599294, 0.6817841569064504448, 0.7600000000000000089 ) ) ;
#9856 = VERTEX_POINT ( 'NONE', #4527 ) ;
#9857 = ORIENTED_EDGE ( 'NONE', *, *, #8933, .F. ) ;
#9858 = DIRECTION ( 'NONE',  ( -0.000000000000000000, 1.000000000000000000, -0.000000000000000000 ) ) ;
#9859 = VECTOR ( 'NONE', #510, 1000.000000000000000 ) ;
#9860 = AXIS2_PLACEMENT_3D ( 'NONE', #4687, #7851, #7632 ) ;
#9861 = CARTESIAN_POINT ( 'NONE',  ( 0.3248956959245164478, 0.8594957535163255669, 0.7600000000000000089 ) ) ;
#9862 = VERTEX_POINT ( 'NONE', #5488 ) ;
#9863 = DIRECTION ( 'NONE',  ( -1.000000000000000000, 0.000000000000000000, 0.000000000000000000 ) ) ;
#9864 = B_SPLINE_SURFACE_WITH_KNOTS ( 'NONE', 3, 1, ( 
 ( #478, #2871 ),
 ( #9883, #9001 ),
 ( #3657, #5921 ),
 ( #379, #3561 ) ),
 .UNSPECIFIED., .F., .F., .F.,
 ( 4, 4 ),
 ( 2, 2 ),
 ( 3.000000000000000000, 4.000000000000000000 ),
 ( 0.000000000000000000, 1.000000000000000000 ),
 .UNSPECIFIED. ) ;
#9865 = CARTESIAN_POINT ( 'NONE',  ( 0.5387148485433690404, 0.8190125528921947673, 0.7500000000000000000 ) ) ;
#9866 = DIRECTION ( 'NONE',  ( -3.252606517456508174E-15, 1.000000000000000000, 0.000000000000000000 ) ) ;
#9867 = DIRECTION ( 'NONE',  ( 1.000000000000000000, 2.549070185074372289E-13, -0.000000000000000000 ) ) ;
#9868 = DIRECTION ( 'NONE',  ( -0.000000000000000000, -0.000000000000000000, -1.000000000000000000 ) ) ;
#9869 = VECTOR ( 'NONE', #8257, 1000.000000000000114 ) ;
#9870 = DIRECTION ( 'NONE',  ( -0.000000000000000000, -0.000000000000000000, -1.000000000000000000 ) ) ;
#9871 = VECTOR ( 'NONE', #4943, 1000.000000000000000 ) ;
#9872 = ORIENTED_EDGE ( 'NONE', *, *, #609, .F. ) ;
#9873 = CARTESIAN_POINT ( 'NONE',  ( -0.1499999999999964695, -1.000000000000000888, 0.7500000000000000000 ) ) ;
#9874 = EDGE_CURVE ( 'NONE', #2718, #6930, #6941, .T. ) ;
#9875 = FILL_AREA_STYLE ('',( #2967 ) ) ;
#9876 = VECTOR ( 'NONE', #8028, 1000.000000000000000 ) ;
#9877 = VECTOR ( 'NONE', #6219, 1000.000000000000000 ) ;
#9878 = CARTESIAN_POINT ( 'NONE',  ( 0.5171181760438913200, 0.7069839590044362243, 0.7600000000000000089 ) ) ;
#9879 = FACE_OUTER_BOUND ( 'NONE', #8740, .T. ) ;
#9880 = EDGE_CURVE ( 'NONE', #10267, #697, #3057, .T. ) ;
#9881 =( NAMED_UNIT ( * ) SI_UNIT ( $, .STERADIAN. ) SOLID_ANGLE_UNIT ( ) );
#9882 = CARTESIAN_POINT ( 'NONE',  ( 0.7145166258103864410, 0.7446068214348511294, 0.7500000000000000000 ) ) ;
#9883 = CARTESIAN_POINT ( 'NONE',  ( 0.6183815913160654043, 0.6831546724593453579, 0.7600000000000000089 ) ) ;
#9884 = AXIS2_PLACEMENT_3D ( 'NONE', #9499, #4675, #6213 ) ;
#9885 =( GEOMETRIC_REPRESENTATION_CONTEXT ( 3 ) GLOBAL_UNCERTAINTY_ASSIGNED_CONTEXT ( ( #9584 ) ) GLOBAL_UNIT_ASSIGNED_CONTEXT ( ( #8873, #1764, #4149 ) ) REPRESENTATION_CONTEXT ( 'NONE', 'WORKASPACE' ) );
#9886 = DIRECTION ( 'NONE',  ( 3.491481338843133355E-15, -1.000000000000000000, 0.000000000000000000 ) ) ;
#9887 = EDGE_CURVE ( 'NONE', #7357, #9127, #14, .T. ) ;
#9888 = ORIENTED_EDGE ( 'NONE', *, *, #5501, .T. ) ;
#9889 = PRESENTATION_STYLE_ASSIGNMENT (( #5011 ) ) ;
#9890 = ORIENTED_EDGE ( 'NONE', *, *, #8254, .F. ) ;
#9891 = VECTOR ( 'NONE', #1896, 1000.000000000000000 ) ;
#9892 = VERTEX_POINT ( 'NONE', #6990 ) ;
#9893 = CARTESIAN_POINT ( 'NONE',  ( -0.7999999999999964917, -1.001000000000003221, 0.1800000000000000211 ) ) ;
#9894 = VERTEX_POINT ( 'NONE', #662 ) ;
#9895 = EDGE_LOOP ( 'NONE', ( #238, #3143, #6980, #3524 ) ) ;
#9896 = SURFACE_STYLE_FILL_AREA ( #9746 ) ;
#9897 = AXIS2_PLACEMENT_3D ( 'NONE', #281, #3409, #1686 ) ;
#9898 = ADVANCED_FACE ( 'NONE', ( #9398 ), #9116, .F. ) ;
#9899 = VERTEX_POINT ( 'NONE', #776 ) ;
#9900 = CARTESIAN_POINT ( 'NONE',  ( 0.5707009131360528675, 0.7074702709747802132, 0.7500000000000000000 ) ) ;
#9901 = DIRECTION ( 'NONE',  ( -0.000000000000000000, -0.000000000000000000, -1.000000000000000000 ) ) ;
#9902 = VERTEX_POINT ( 'NONE', #10173 ) ;
#9903 = ORIENTED_EDGE ( 'NONE', *, *, #3749, .F. ) ;
#9904 = ORIENTED_EDGE ( 'NONE', *, *, #3286, .F. ) ;
#9905 = VERTEX_POINT ( 'NONE', #8671 ) ;
#9906 = VECTOR ( 'NONE', #1314, 1000.000000000000000 ) ;
#9907 = LINE ( 'NONE', #6827, #6885 ) ;
#9908 = CARTESIAN_POINT ( 'NONE',  ( 0.2068484866314539150, 0.6787360031312968944, 0.7500000000000000000 ) ) ;
#9909 = DIRECTION ( 'NONE',  ( -0.3315284183576361343, -0.9434452330799515396, 0.000000000000000000 ) ) ;
#9910 = DIRECTION ( 'NONE',  ( 1.000000000000000000, 3.491481338843133355E-15, 0.000000000000000000 ) ) ;
#9911 = LINE ( 'NONE', #8362, #6396 ) ;
#9912 = UNCERTAINTY_MEASURE_WITH_UNIT (LENGTH_MEASURE( 1.000000000000000082E-05 ), #1645, 'distance_accuracy_value', 'NONE');
#9913 = VERTEX_POINT ( 'NONE', #10228 ) ;
#9914 = DIRECTION ( 'NONE',  ( 0.000000000000000000, -1.000000000000000000, 0.000000000000000000 ) ) ;
#9915 = MECHANICAL_DESIGN_GEOMETRIC_PRESENTATION_REPRESENTATION (  '', ( #8594 ), #2289 ) ;
#9916 = CARTESIAN_POINT ( 'NONE',  ( 0.5542989366830318732, 0.6655590211699972114, 0.7500000000000000000 ) ) ;
#9917 = ORIENTED_EDGE ( 'NONE', *, *, #565, .F. ) ;
#9918 = CARTESIAN_POINT ( 'NONE',  ( 0.01194762850846879318, 0.7555896285076423302, 0.7500000000000000000 ) ) ;
#9919 = CARTESIAN_POINT ( 'NONE',  ( 0.4861931557500361323, 0.8051747668278049774, 0.7600000000000000089 ) ) ;
#9920 = CARTESIAN_POINT ( 'NONE',  ( 0.6527329004912759691, 0.7953158968843083709, 0.7500000000000000000 ) ) ;
#9921 = DIRECTION ( 'NONE',  ( 0.000000000000000000, 0.000000000000000000, 1.000000000000000000 ) ) ;
#9922 = CARTESIAN_POINT ( 'NONE',  ( 0.6173868622858398325, 0.8718437169393019603, 0.7600000000000000089 ) ) ;
#9923 = DIRECTION ( 'NONE',  ( 0.000000000000000000, 0.000000000000000000, 1.000000000000000000 ) ) ;
#9924 = AXIS2_PLACEMENT_3D ( 'NONE', #8277, #5205, #7575 ) ;
#9925 = CARTESIAN_POINT ( 'NONE',  ( 0.2068484866314539150, 0.6824249688939302283, 0.7600000000000000089 ) ) ;
#9926 = ORIENTED_EDGE ( 'NONE', *, *, #890, .T. ) ;
#9927 = LINE ( 'NONE', #1937, #4763 ) ;
#9928 = ADVANCED_FACE ( 'NONE', ( #1555 ), #6367, .T. ) ;
#9929 = CARTESIAN_POINT ( 'NONE',  ( 0.8913573422864004003, 0.7335542766547332727, 0.7600000000000000089 ) ) ;
#9930 = FACE_OUTER_BOUND ( 'NONE', #6785, .T. ) ;
#9931 =( NAMED_UNIT ( * ) SI_UNIT ( $, .STERADIAN. ) SOLID_ANGLE_UNIT ( ) );
#9932 = DIRECTION ( 'NONE',  ( -0.000000000000000000, -0.000000000000000000, -1.000000000000000000 ) ) ;
#9933 = CARTESIAN_POINT ( 'NONE',  ( 0.5592062665652461906, 0.7213080570391718904, 0.7600000000000000089 ) ) ;
#9934 = B_SPLINE_CURVE_WITH_KNOTS ( 'NONE', 3,
 ( #1239, #6736, #4411, #2699 ),
 .UNSPECIFIED., .F., .F.,
 ( 4, 4 ),
 ( 5.000000000000000000, 6.000000000000000000 ),
 .UNSPECIFIED. ) ;
#9935 = CARTESIAN_POINT ( 'NONE',  ( 0.5660588443285435867, 0.6705989815897152040, 0.7600000000000000089 ) ) ;
#9936 = VERTEX_POINT ( 'NONE', #4830 ) ;
#9937 = DIRECTION ( 'NONE',  ( -1.000000000000000000, 0.000000000000000000, 0.000000000000000000 ) ) ;
#9938 = EDGE_CURVE ( 'NONE', #3818, #8344, #5442, .T. ) ;
#9939 = PRESENTATION_STYLE_ASSIGNMENT (( #6767 ) ) ;
#9940 = EDGE_LOOP ( 'NONE', ( #1523, #4206, #9890, #4137 ) ) ;
#9941 = CARTESIAN_POINT ( 'NONE',  ( 0.5443737514706356029, 0.8129115481736538529, 0.7600000000000000089 ) ) ;
#9942 = ORIENTED_EDGE ( 'NONE', *, *, #4801, .F. ) ;
#9943 = EDGE_CURVE ( 'NONE', #5857, #8305, #10274, .T. ) ;
#9944 = CARTESIAN_POINT ( 'NONE',  ( 0.8118895453198080592, 0.7346595311332154710, 0.7500000000000000000 ) ) ;
#9945 = ORIENTED_EDGE ( 'NONE', *, *, #4743, .T. ) ;
#9946 = B_SPLINE_SURFACE_WITH_KNOTS ( 'NONE', 3, 1, ( 
 ( #4780, #5694 ),
 ( #1819, #8156 ),
 ( #8055, #4977 ),
 ( #4051, #8827 ) ),
 .UNSPECIFIED., .F., .F., .F.,
 ( 4, 4 ),
 ( 2, 2 ),
 ( 14.00000000000000000, 15.00000000000000000 ),
 ( 0.000000000000000000, 1.000000000000000000 ),
 .UNSPECIFIED. ) ;
#9947 = EDGE_CURVE ( 'NONE', #4566, #7673, #7781, .T. ) ;
#9948 = VERTEX_POINT ( 'NONE', #9446 ) ;
#9949 = DIRECTION ( 'NONE',  ( -0.000000000000000000, 0.000000000000000000, -1.000000000000000000 ) ) ;
#9950 =( NAMED_UNIT ( * ) PLANE_ANGLE_UNIT ( ) SI_UNIT ( $, .RADIAN. ) );
#9951 = ORIENTED_EDGE ( 'NONE', *, *, #8910, .T. ) ;
#9952 = ORIENTED_EDGE ( 'NONE', *, *, #1673, .F. ) ;
#9953 = ORIENTED_EDGE ( 'NONE', *, *, #9250, .F. ) ;
#9954 = ADVANCED_FACE ( 'NONE', ( #2330 ), #8120, .F. ) ;
#9955 = CARTESIAN_POINT ( 'NONE',  ( 0.5379411704087839752, 0.7050387111230599357, 0.7500000000000000000 ) ) ;
#9956 = SURFACE_SIDE_STYLE ('',( #8359 ) ) ;
#9957 = CARTESIAN_POINT ( 'NONE',  ( 0.5449705888889437855, 0.8635764134440407913, 0.7500000000000000000 ) ) ;
#9958 = CARTESIAN_POINT ( 'NONE',  ( 0.5372117024535616459, 0.6615358948700397201, 0.7500000000000000000 ) ) ;
#9959 = ORIENTED_EDGE ( 'NONE', *, *, #7080, .T. ) ;
#9960 = ORIENTED_EDGE ( 'NONE', *, *, #2924, .F. ) ;
#9961 = DIRECTION ( 'NONE',  ( 0.000000000000000000, -0.000000000000000000, -1.000000000000000000 ) ) ;
#9962 = DIRECTION ( 'NONE',  ( -0.000000000000000000, -0.000000000000000000, -1.000000000000000000 ) ) ;
#9963 = ORIENTED_EDGE ( 'NONE', *, *, #4921, .F. ) ;
#9964 = CARTESIAN_POINT ( 'NONE',  ( 0.5443737514706356029, 0.8129115481736538529, 0.7600000000000000089 ) ) ;
#9965 = PLANE ( 'NONE',  #9762 ) ;
#9966 = EDGE_CURVE ( 'NONE', #7726, #3759, #2004, .T. ) ;
#9967 = LINE ( 'NONE', #2859, #5068 ) ;
#9968 = CARTESIAN_POINT ( 'NONE',  ( 0.5889155069332399073, 0.8095957847399702922, 0.7600000000000000089 ) ) ;
#9969 = LINE ( 'NONE', #5039, #4726 ) ;
#9970 = VECTOR ( 'NONE', #8974, 1000.000000000000000 ) ;
#9971 = CARTESIAN_POINT ( 'NONE',  ( 0.6065553684016581348, 0.6566727751671871394, 0.7500000000000000000 ) ) ;
#9972 = PLANE ( 'NONE',  #7029 ) ;
#9973 = ORIENTED_EDGE ( 'NONE', *, *, #5525, .F. ) ;
#9974 = EDGE_CURVE ( 'NONE', #6163, #8051, #3999, .T. ) ;
#9975 = CARTESIAN_POINT ( 'NONE',  ( 0.06789708720176092227, 0.6639800931747926738, 0.7500000000000000000 ) ) ;
#9976 = VECTOR ( 'NONE', #5259, 1000.000000000000000 ) ;
#9977 = B_SPLINE_CURVE_WITH_KNOTS ( 'NONE', 3,
 ( #7611, #503, #7403, #8981 ),
 .UNSPECIFIED., .F., .F.,
 ( 4, 4 ),
 ( 22.00000000000000000, 23.00000000000000000 ),
 .UNSPECIFIED. ) ;
#9978 = CARTESIAN_POINT ( 'NONE',  ( 0.5889155069332399073, 0.7988969213929889568, 0.7600000000000000089 ) ) ;
#9979 = LINE ( 'NONE', #5257, #172 ) ;
#9980 = CARTESIAN_POINT ( 'NONE',  ( 0.5649756949401822936, 0.7938569609732751831, 0.7600000000000000089 ) ) ;
#9981 = CARTESIAN_POINT ( 'NONE',  ( -0.8000000000000034861, 1.000999999999997447, -0.02000000000000000042 ) ) ;
#9982 = CARTESIAN_POINT ( 'NONE',  ( 0.8896773554794356054, 0.7274974821158513016, 0.7600000000000000089 ) ) ;
#9983 = ADVANCED_FACE ( 'NONE', ( #3219 ), #9552, .F. ) ;
#9984 = ORIENTED_EDGE ( 'NONE', *, *, #9141, .F. ) ;
#9985 = VECTOR ( 'NONE', #5855, 1000.000000000000000 ) ;
#9986 = CARTESIAN_POINT ( 'NONE',  ( 0.9303728253586537322, 0.6581317110782219926, 0.7500000000000000000 ) ) ;
#9987 = LINE ( 'NONE', #7163, #1225 ) ;
#9988 = B_SPLINE_CURVE_WITH_KNOTS ( 'NONE', 3,
 ( #138, #1648, #6356, #3322 ),
 .UNSPECIFIED., .F., .F.,
 ( 4, 4 ),
 ( 0.000000000000000000, 1.000000000000000000 ),
 .UNSPECIFIED. ) ;
#9989 = VECTOR ( 'NONE', #925, 1000.000000000000000 ) ;
#9990 = ORIENTED_EDGE ( 'NONE', *, *, #7595, .T. ) ;
#9991 = CARTESIAN_POINT ( 'NONE',  ( 0.5751440361374563492, 0.8038042512749101753, 0.7500000000000000000 ) ) ;
#9992 = ORIENTED_EDGE ( 'NONE', *, *, #7074, .F. ) ;
#9993 = EDGE_CURVE ( 'NONE', #8992, #8357, #940, .T. ) ;
#9994 = PRESENTATION_STYLE_ASSIGNMENT (( #6816 ) ) ;
#9995 = VERTEX_POINT ( 'NONE', #8877 ) ;
#9996 = CARTESIAN_POINT ( 'NONE',  ( 0.7245744415596926391, 0.8582711919499150799, 0.7600000000000000089 ) ) ;
#9997 = ADVANCED_FACE ( 'NONE', ( #8976 ), #2703, .T. ) ;
#9998 = VERTEX_POINT ( 'NONE', #3330 ) ;
#9999 = EDGE_LOOP ( 'NONE', ( #2632, #9646, #812, #1732 ) ) ;
#10000 = DIRECTION ( 'NONE',  ( 0.000000000000000000, -0.000000000000000000, 1.000000000000000000 ) ) ;
#10001 = ORIENTED_EDGE ( 'NONE', *, *, #9463, .T. ) ;
#10002 = CARTESIAN_POINT ( 'NONE',  ( 0.1527435225458242118, 0.8810147781199886285, 0.7600000000000000089 ) ) ;
#10003 = DIRECTION ( 'NONE',  ( -0.000000000000000000, -0.000000000000000000, -1.000000000000000000 ) ) ;
#10004 = EDGE_CURVE ( 'NONE', #6744, #2740, #4153, .T. ) ;
#10005 = CARTESIAN_POINT ( 'NONE',  ( 0.6802316319037785552, 0.8718437169393019603, 0.7600000000000000089 ) ) ;
#10006 = SURFACE_STYLE_USAGE ( .BOTH. , #5947 ) ;
#10007 = DIRECTION ( 'NONE',  ( -3.491481338843133355E-15, 1.000000000000000000, 0.000000000000000000 ) ) ;
#10008 = ORIENTED_EDGE ( 'NONE', *, *, #9006, .F. ) ;
#10009 = UNCERTAINTY_MEASURE_WITH_UNIT (LENGTH_MEASURE( 1.000000000000000082E-05 ), #7176, 'distance_accuracy_value', 'NONE');
#10010 = COLOUR_RGB ( '',0.6666666666666666297, 0.6666666666666666297, 0.6666666666666666297 ) ;
#10011 = ORIENTED_EDGE ( 'NONE', *, *, #244, .F. ) ;
#10012 = CARTESIAN_POINT ( 'NONE',  ( 0.7610257342436118622, 0.6679905810217212636, 0.7600000000000000089 ) ) ;
#10013 = EDGE_CURVE ( 'NONE', #7981, #344, #4204, .T. ) ;
#10014 = LINE ( 'NONE', #6052, #5201 ) ;
#10015 = ORIENTED_EDGE ( 'NONE', *, *, #5426, .T. ) ;
#10016 = DIRECTION ( 'NONE',  ( -0.000000000000000000, -0.000000000000000000, -1.000000000000000000 ) ) ;
#10017 = CARTESIAN_POINT ( 'NONE',  ( 0.5707009131360528675, 0.6676811097676482731, 0.7500000000000000000 ) ) ;
#10018 = CARTESIAN_POINT ( 'NONE',  ( 0.7566047163314419954, 0.7953158968843083709, 0.7600000000000000089 ) ) ;
#10019 = CARTESIAN_POINT ( 'NONE',  ( 0.7182523859458088689, 0.8637090439812484810, 0.7500000000000000000 ) ) ;
#10020 = VECTOR ( 'NONE', #10016, 1000.000000000000000 ) ;
#10021 = CARTESIAN_POINT ( 'NONE',  ( 0.5649756949401822936, 0.7938569609732751831, 0.7500000000000000000 ) ) ;
#10022 = CARTESIAN_POINT ( 'NONE',  ( 0.6129658443739728346, 0.6566727751671871394, 0.7600000000000000089 ) ) ;
#10023 = LINE ( 'NONE', #2423, #6371 ) ;
#10024 = VERTEX_POINT ( 'NONE', #1919 ) ;
#10025 = COLOUR_RGB ( '',0.6666666666666666297, 0.6666666666666666297, 0.6666666666666666297 ) ;
#10026 = LINE ( 'NONE', #4379, #8742 ) ;
#10027 = EDGE_CURVE ( 'NONE', #7489, #7783, #6198, .T. ) ;
#10028 = EDGE_CURVE ( 'NONE', #9084, #5990, #2506, .T. ) ;
#10029 =( NAMED_UNIT ( * ) SI_UNIT ( $, .STERADIAN. ) SOLID_ANGLE_UNIT ( ) );
#10030 = DIRECTION ( 'NONE',  ( -1.000000000000000000, -3.491481338843133355E-15, 0.000000000000000000 ) ) ;
#10031 = CARTESIAN_POINT ( 'NONE',  ( 0.4750300855225385588, 0.8817910072409375077, 0.7500000000000000000 ) ) ;
#10032 = CARTESIAN_POINT ( 'NONE',  ( 0.5889155069332399073, 0.8095957847399702922, 0.7600000000000000089 ) ) ;
#10033 = LINE ( 'NONE', #9253, #233 ) ;
#10034 = B_SPLINE_SURFACE_WITH_KNOTS ( 'NONE', 3, 1, ( 
 ( #5121, #5069 ),
 ( #4246, #4349 ),
 ( #9743, #9944 ),
 ( #7385, #2736 ) ),
 .UNSPECIFIED., .F., .F., .F.,
 ( 4, 4 ),
 ( 2, 2 ),
 ( 5.000000000000000000, 6.000000000000000000 ),
 ( 0.000000000000000000, 1.000000000000000000 ),
 .UNSPECIFIED. ) ;
#10035 = ORIENTED_EDGE ( 'NONE', *, *, #3063, .T. ) ;
#10036 = DIRECTION ( 'NONE',  ( 0.000000000000000000, -0.000000000000000000, -1.000000000000000000 ) ) ;
#10037 = PRESENTATION_LAYER_ASSIGNMENT (  '', '', ( #3906 ) ) ;
#10038 =( GEOMETRIC_REPRESENTATION_CONTEXT ( 3 ) GLOBAL_UNCERTAINTY_ASSIGNED_CONTEXT ( ( #7270 ) ) GLOBAL_UNIT_ASSIGNED_CONTEXT ( ( #4938, #7154, #894 ) ) REPRESENTATION_CONTEXT ( 'NONE', 'WORKASPACE' ) );
#10039 = EDGE_CURVE ( 'NONE', #6574, #554, #886, .T. ) ;
#10040 = CARTESIAN_POINT ( 'NONE',  ( 0.4750300855225406127, 0.7446068214348511294, 0.7600000000000000089 ) ) ;
#10041 = ORIENTED_EDGE ( 'NONE', *, *, #3294, .T. ) ;
#10042 = DIRECTION ( 'NONE',  ( -0.000000000000000000, -0.000000000000000000, -1.000000000000000000 ) ) ;
#10043 = ORIENTED_EDGE ( 'NONE', *, *, #2907, .T. ) ;
#10044 = COLOUR_RGB ( '',0.6666666666666666297, 0.6666666666666666297, 0.6666666666666666297 ) ;
#10045 =( NAMED_UNIT ( * ) PLANE_ANGLE_UNIT ( ) SI_UNIT ( $, .RADIAN. ) );
#10046 = AXIS2_PLACEMENT_3D ( 'NONE', #245, #8973, #1917 ) ;
#10047 = LINE ( 'NONE', #2150, #7372 ) ;
#10048 = VERTEX_POINT ( 'NONE', #9657 ) ;
#10049 = LINE ( 'NONE', #6278, #7414 ) ;
#10050 = EDGE_CURVE ( 'NONE', #8456, #1521, #498, .T. ) ;
#10051 = CARTESIAN_POINT ( 'NONE',  ( 0.2800131462448763875, 0.6959511923247825305, 0.7600000000000000089 ) ) ;
#10052 = EDGE_LOOP ( 'NONE', ( #8303, #389, #1964, #3536 ) ) ;
#10053 = DIRECTION ( 'NONE',  ( 0.000000000000000000, 0.000000000000000000, 1.000000000000000000 ) ) ;
#10054 = ORIENTED_EDGE ( 'NONE', *, *, #31, .T. ) ;
#10055 = LINE ( 'NONE', #698, #7896 ) ;
#10056 = CARTESIAN_POINT ( 'NONE',  ( 0.5629862368797363681, 0.6672390079763728110, 0.7600000000000000089 ) ) ;
#10057 = SURFACE_STYLE_USAGE ( .BOTH. , #6880 ) ;
#10058 = LINE ( 'NONE', #3589, #4852 ) ;
#10059 = STYLED_ITEM ( 'NONE', ( #9527 ), #4703 ) ;
#10060 = CARTESIAN_POINT ( 'NONE',  ( 0.9057698606792714546, 0.6915546064918139946, 0.7600000000000000089 ) ) ;
#10061 = B_SPLINE_CURVE_WITH_KNOTS ( 'NONE', 3,
 ( #6881, #4465, #9273, #7497 ),
 .UNSPECIFIED., .F., .F.,
 ( 4, 4 ),
 ( 5.000000000000000000, 6.000000000000000000 ),
 .UNSPECIFIED. ) ;
#10062 = ORIENTED_EDGE ( 'NONE', *, *, #7568, .F. ) ;
#10063 = CARTESIAN_POINT ( 'NONE',  ( 0.5825934513190621500, 0.8057494991562864639, 0.7600000000000000089 ) ) ;
#10064 = EDGE_CURVE ( 'NONE', #988, #9902, #10061, .T. ) ;
#10065 = CARTESIAN_POINT ( 'NONE',  ( 0.1791811730524592305, 0.6172530840677115105, 0.7600000000000000089 ) ) ;
#10066 = ORIENTED_EDGE ( 'NONE', *, *, #7451, .T. ) ;
#10067 = STYLED_ITEM ( 'NONE', ( #373 ), #5393 ) ;
#10068 = EDGE_LOOP ( 'NONE', ( #4870, #8964, #5726, #1099, #1838, #3274, #7857 ) ) ;
#10069 = CARTESIAN_POINT ( 'NONE',  ( 0.5443737514706356029, 0.8129115481736538529, 0.7500000000000000000 ) ) ;
#10070 = LINE ( 'NONE', #7666, #1311 ) ;
#10071 = CARTESIAN_POINT ( 'NONE',  ( 0.1318393206828460673, 0.6541427885982323831, 0.7600000000000000089 ) ) ;
#10072 = CARTESIAN_POINT ( 'NONE',  ( 0.01194762850846879318, 0.7820272790136842955, 0.7500000000000000000 ) ) ;
#10073 = DIRECTION ( 'NONE',  ( 3.491481338843133355E-15, -1.000000000000000000, 0.000000000000000000 ) ) ;
#10074 = CARTESIAN_POINT ( 'NONE',  ( 0.1422914216141863974, 0.8736368260734705959, 0.7500000000000000000 ) ) ;
#10075 = ORIENTED_EDGE ( 'NONE', *, *, #7375, .T. ) ;
#10076 = CARTESIAN_POINT ( 'NONE',  ( 0.7999999999999964917, 1.000000000000003331, 0.1800000000000000488 ) ) ;
#10077 = ORIENTED_EDGE ( 'NONE', *, *, #10258, .T. ) ;
#10078 = VERTEX_POINT ( 'NONE', #5282 ) ;
#10079 = CARTESIAN_POINT ( 'NONE',  ( 1.000000000000003553, -0.9999999999999961142, 0.000000000000000000 ) ) ;
#10080 = CARTESIAN_POINT ( 'NONE',  ( 0.8360283031183790570, 0.7021650494806563891, 0.7600000000000000089 ) ) ;
#10081 =( NAMED_UNIT ( * ) PLANE_ANGLE_UNIT ( ) SI_UNIT ( $, .RADIAN. ) );
#10082 = FILL_AREA_STYLE_COLOUR ( '', #4348 ) ;
#10083 = ADVANCED_FACE ( 'NONE', ( #1296 ), #7259, .F. ) ;
#10084 = FACE_OUTER_BOUND ( 'NONE', #1702, .T. ) ;
#10085 = ORIENTED_EDGE ( 'NONE', *, *, #2832, .T. ) ;
#10086 = VECTOR ( 'NONE', #7408, 1000.000000000000114 ) ;
#10087 = FACE_OUTER_BOUND ( 'NONE', #2995, .T. ) ;
#10088 = ORIENTED_EDGE ( 'NONE', *, *, #2907, .F. ) ;
#10089 =( NAMED_UNIT ( * ) SI_UNIT ( $, .STERADIAN. ) SOLID_ANGLE_UNIT ( ) );
#10090 = ORIENTED_EDGE ( 'NONE', *, *, #1684, .T. ) ;
#10091 = EDGE_LOOP ( 'NONE', ( #6455, #9780, #4493, #5165 ) ) ;
#10092 = EDGE_CURVE ( 'NONE', #2254, #2103, #456, .T. ) ;
#10093 = CARTESIAN_POINT ( 'NONE',  ( 0.5581894324454893530, 0.7125102313944980947, 0.7500000000000000000 ) ) ;
#10094 = DIRECTION ( 'NONE',  ( -1.000000000000000000, 0.000000000000000000, 0.000000000000000000 ) ) ;
#10095 = ORIENTED_EDGE ( 'NONE', *, *, #3976, .T. ) ;
#10096 = EDGE_LOOP ( 'NONE', ( #73, #3888, #4071, #4652 ) ) ;
#10097 = LINE ( 'NONE', #4601, #6175 ) ;
#10098 = VERTEX_POINT ( 'NONE', #3681 ) ;
#10099 = CARTESIAN_POINT ( 'NONE',  ( -0.1500000000000035749, 1.000999999999999890, 0.1800000000000000211 ) ) ;
#10100 = ORIENTED_EDGE ( 'NONE', *, *, #10004, .T. ) ;
#10101 = CARTESIAN_POINT ( 'NONE',  ( 0.1183130737978216884, 0.6172530840677115105, 0.7600000000000000089 ) ) ;
#10102 = FACE_OUTER_BOUND ( 'NONE', #3650, .T. ) ;
#10103 = CARTESIAN_POINT ( 'NONE',  ( 0.01194762850846879318, 0.7555896285076423302, 0.7600000000000000089 ) ) ;
#10104 = PLANE ( 'NONE',  #6727 ) ;
#10105 = EDGE_CURVE ( 'NONE', #9466, #6978, #10058, .T. ) ;
#10106 = ORIENTED_EDGE ( 'NONE', *, *, #3348, .F. ) ;
#10107 = LINE ( 'NONE', #5285, #292 ) ;
#10108 = CARTESIAN_POINT ( 'NONE',  ( 0.4750300855225406127, 0.7446068214348511294, 0.7500000000000000000 ) ) ;
#10109 = ORIENTED_EDGE ( 'NONE', *, *, #7201, .T. ) ;
#10110 = STYLED_ITEM ( 'NONE', ( #919 ), #7904 ) ;
#10111 = ORIENTED_EDGE ( 'NONE', *, *, #5814, .T. ) ;
#10112 = LINE ( 'NONE', #7830, #9458 ) ;
#10113 = FACE_OUTER_BOUND ( 'NONE', #7308, .T. ) ;
#10114 = B_SPLINE_SURFACE_WITH_KNOTS ( 'NONE', 3, 1, ( 
 ( #4010, #4889 ),
 ( #8065, #954 ),
 ( #3447, #7254 ),
 ( #156, #999 ) ),
 .UNSPECIFIED., .F., .F., .F.,
 ( 4, 4 ),
 ( 2, 2 ),
 ( 24.00000000000000000, 25.00000000000000000 ),
 ( 0.000000000000000000, 1.000000000000000000 ),
 .UNSPECIFIED. ) ;
#10115 = ORIENTED_EDGE ( 'NONE', *, *, #2947, .T. ) ;
#10116 = CARTESIAN_POINT ( 'NONE',  ( 0.3814599626998216864, 0.6854991148470219731, 0.7500000000000000000 ) ) ;
#10117 = LINE ( 'NONE', #5440, #567 ) ;
#10118 = FILL_AREA_STYLE_COLOUR ( '', #6320 ) ;
#10119 = CARTESIAN_POINT ( 'NONE',  ( 0.4750300855225385588, 0.8817910072409375077, 0.7600000000000000089 ) ) ;
#10120 = ADVANCED_FACE ( 'NONE', ( #8311 ), #7555, .T. ) ;
#10121 = ORIENTED_EDGE ( 'NONE', *, *, #6893, .T. ) ;
#10122 = AXIS2_PLACEMENT_3D ( 'NONE', #9362, #8598, #1477 ) ;
#10123 = DIRECTION ( 'NONE',  ( -0.000000000000000000, -0.000000000000000000, -1.000000000000000000 ) ) ;
#10124 = B_SPLINE_CURVE_WITH_KNOTS ( 'NONE', 3,
 ( #6870, #8554, #7812, #8505 ),
 .UNSPECIFIED., .F., .F.,
 ( 4, 4 ),
 ( 27.00000000000000000, 28.00000000000000000 ),
 .UNSPECIFIED. ) ;
#10125 = VERTEX_POINT ( 'NONE', #7605 ) ;
#10126 = CARTESIAN_POINT ( 'NONE',  ( 0.1914777685923488570, 0.7199295635950248018, 0.7600000000000000089 ) ) ;
#10127 = ADVANCED_FACE ( 'NONE', ( #2069 ), #6046, .F. ) ;
#10128 = CARTESIAN_POINT ( 'NONE',  ( 0.1687290721208205557, 0.6916473832993281778, 0.7600000000000000089 ) ) ;
#10129 = VECTOR ( 'NONE', #611, 1000.000000000000000 ) ;
#10130 = CARTESIAN_POINT ( 'NONE',  ( 0.1207723999419626909, 0.6781211364145958154, 0.7500000000000000000 ) ) ;
#10131 = CARTESIAN_POINT ( 'NONE',  ( 0.9999999999999965583, 1.000000000000003997, 0.000000000000000000 ) ) ;
#10132 = CARTESIAN_POINT ( 'NONE',  ( 0.1499999999999973299, 0.7510000000000008891, 0.1800000000000000211 ) ) ;
#10133 = PLANE ( 'NONE',  #182 ) ;
#10134 = CARTESIAN_POINT ( 'NONE',  ( 0.2929245498667782388, 0.6953363725158325792, 0.7600000000000000089 ) ) ;
#10135 = EDGE_CURVE ( 'NONE', #482, #2833, #3731, .T. ) ;
#10136 = ORIENTED_EDGE ( 'NONE', *, *, #7553, .F. ) ;
#10137 = AXIS2_PLACEMENT_3D ( 'NONE', #5500, #10184, #1569 ) ;
#10138 = CARTESIAN_POINT ( 'NONE',  ( 0.6074395719839118524, 0.7041987177201679549, 0.7500000000000000000 ) ) ;
#10139 = ORIENTED_EDGE ( 'NONE', *, *, #6571, .F. ) ;
#10140 =( NAMED_UNIT ( * ) PLANE_ANGLE_UNIT ( ) SI_UNIT ( $, .RADIAN. ) );
#10141 = ORIENTED_EDGE ( 'NONE', *, *, #9874, .T. ) ;
#10142 = CARTESIAN_POINT ( 'NONE',  ( 0.5358853970800290245, 0.8272356462083849671, 0.7600000000000000089 ) ) ;
#10143 = ORIENTED_EDGE ( 'NONE', *, *, #7011, .T. ) ;
#10144 = VECTOR ( 'NONE', #6593, 1000.000000000000000 ) ;
#10145 = CARTESIAN_POINT ( 'NONE',  ( 0.8896773554794356054, 0.7274974821158513016, 0.7600000000000000089 ) ) ;
#10146 = CARTESIAN_POINT ( 'NONE',  ( 0.4861931557500382972, 0.6970808788818697588, 0.7600000000000000089 ) ) ;
#10147 = LINE ( 'NONE', #3034, #7062 ) ;
#10148 = ORIENTED_EDGE ( 'NONE', *, *, #3919, .F. ) ;
#10149 = EDGE_CURVE ( 'NONE', #554, #5042, #1142, .T. ) ;
#10150 = PRESENTATION_STYLE_ASSIGNMENT (( #751 ) ) ;
#10151 = ORIENTED_EDGE ( 'NONE', *, *, #9063, .T. ) ;
#10152 = DIRECTION ( 'NONE',  ( -1.000000000000000000, -3.491481338843133355E-15, 0.000000000000000000 ) ) ;
#10153 = EDGE_CURVE ( 'NONE', #8785, #9894, #355, .T. ) ;
#10154 = ORIENTED_EDGE ( 'NONE', *, *, #4881, .F. ) ;
#10155 = CARTESIAN_POINT ( 'NONE',  ( 0.1453655675675734060, 0.6172530840677115105, 0.7500000000000000000 ) ) ;
#10156 = CARTESIAN_POINT ( 'NONE',  ( 0.5759398193615726802, 0.8731700223125384852, 0.7600000000000000089 ) ) ;
#10157 = DIRECTION ( 'NONE',  ( -0.000000000000000000, -0.000000000000000000, -1.000000000000000000 ) ) ;
#10158 = CARTESIAN_POINT ( 'NONE',  ( 0.7182523859458088689, 0.8637090439812484810, 0.7600000000000000089 ) ) ;
#10159 = DIRECTION ( 'NONE',  ( -0.9303007377811921552, 0.3667976789509028723, 0.000000000000000000 ) ) ;
#10160 = ORIENTED_EDGE ( 'NONE', *, *, #8950, .T. ) ;
#10161 = DIRECTION ( 'NONE',  ( 0.000000000000000000, 0.000000000000000000, 1.000000000000000000 ) ) ;
#10162 = VECTOR ( 'NONE', #3782, 1000.000000000000000 ) ;
#10163 = CARTESIAN_POINT ( 'NONE',  ( 0.6740864170061684479, 0.6712179240972643290, 0.7500000000000000000 ) ) ;
#10164 = ORIENTED_EDGE ( 'NONE', *, *, #2060, .F. ) ;
#10165 = VERTEX_POINT ( 'NONE', #9080 ) ;
#10166 = LINE ( 'NONE', #2325, #3158 ) ;
#10167 = CARTESIAN_POINT ( 'NONE',  ( 0.08757163771990406076, 0.7002550248041142789, 0.7500000000000000000 ) ) ;
#10168 = B_SPLINE_CURVE_WITH_KNOTS ( 'NONE', 3,
 ( #3016, #10183, #9509, #9457 ),
 .UNSPECIFIED., .F., .F.,
 ( 4, 4 ),
 ( 24.00000000000000000, 25.00000000000000000 ),
 .UNSPECIFIED. ) ;
#10169 = EDGE_CURVE ( 'NONE', #2936, #3496, #8584, .T. ) ;
#10170 = CARTESIAN_POINT ( 'NONE',  ( 0.1447507360313918801, 0.6541427885982323831, 0.7600000000000000089 ) ) ;
#10171 = DIRECTION ( 'NONE',  ( 0.000000000000000000, 0.000000000000000000, 1.000000000000000000 ) ) ;
#10172 = DIRECTION ( 'NONE',  ( -2.549070185074372794E-13, 1.000000000000000000, 0.000000000000000000 ) ) ;
#10173 = CARTESIAN_POINT ( 'NONE',  ( 0.5684240889113644224, 0.8832499431519701405, 0.7500000000000000000 ) ) ;
#10174 = VERTEX_POINT ( 'NONE', #4362 ) ;
#10175 = CARTESIAN_POINT ( 'NONE',  ( 0.5379411704087839752, 0.7050387111230599357, 0.7600000000000000089 ) ) ;
#10176 = ORIENTED_EDGE ( 'NONE', *, *, #3220, .T. ) ;
#10177 = FACE_OUTER_BOUND ( 'NONE', #1820, .T. ) ;
#10178 = ORIENTED_EDGE ( 'NONE', *, *, #5686, .T. ) ;
#10179 = VECTOR ( 'NONE', #4124, 1000.000000000000000 ) ;
#10180 = EDGE_CURVE ( 'NONE', #7363, #8318, #2165, .T. ) ;
#10181 = CARTESIAN_POINT ( 'NONE',  ( 0.1447507360313918801, 0.7020994842309644657, 0.7500000000000000000 ) ) ;
#10182 = CARTESIAN_POINT ( 'NONE',  ( 0.5215391939557646461, 0.6679905810217201534, 0.7500000000000000000 ) ) ;
#10183 = CARTESIAN_POINT ( 'NONE',  ( 0.3660892329340721951, 0.7180850455328957604, 0.7600000000000000089 ) ) ;
#10184 = DIRECTION ( 'NONE',  ( 0.000000000000000000, 0.000000000000000000, 1.000000000000000000 ) ) ;
#10185 = FILL_AREA_STYLE ('',( #8591 ) ) ;
#10186 =( GEOMETRIC_REPRESENTATION_CONTEXT ( 3 ) GLOBAL_UNCERTAINTY_ASSIGNED_CONTEXT ( ( #4080 ) ) GLOBAL_UNIT_ASSIGNED_CONTEXT ( ( #8391, #1272, #4230 ) ) REPRESENTATION_CONTEXT ( 'NONE', 'WORKASPACE' ) );
#10187 = EDGE_LOOP ( 'NONE', ( #4992, #1921, #3971, #3469 ) ) ;
#10188 = CARTESIAN_POINT ( 'NONE',  ( 0.6527329004912759691, 0.8051747668278049774, 0.7500000000000000000 ) ) ;
#10189 = VECTOR ( 'NONE', #5339, 1000.000000000000000 ) ;
#10190 = VECTOR ( 'NONE', #9870, 1000.000000000000000 ) ;
#10191 = ORIENTED_EDGE ( 'NONE', *, *, #5070, .F. ) ;
#10192 = EDGE_CURVE ( 'NONE', #5004, #8585, #10212, .T. ) ;
#10193 = ORIENTED_EDGE ( 'NONE', *, *, #796, .F. ) ;
#10194 = CARTESIAN_POINT ( 'NONE',  ( 0.5206328852839724464, 0.7953158968843062615, 0.7600000000000000089 ) ) ;
#10195 = VERTEX_POINT ( 'NONE', #8511 ) ;
#10196 = CARTESIAN_POINT ( 'NONE',  ( 0.8902078776294369833, 0.7289122078472241029, 0.7600000000000000089 ) ) ;
#10197 = DIRECTION ( 'NONE',  ( -0.000000000000000000, -0.000000000000000000, -1.000000000000000000 ) ) ;
#10198 = VECTOR ( 'NONE', #4863, 1000.000000000000000 ) ;
#10199 = ADVANCED_FACE ( 'NONE', ( #7821 ), #7880, .T. ) ;
#10200 = EDGE_LOOP ( 'NONE', ( #3858, #9639, #7705, #8855, #4378, #8139, #278 ) ) ;
#10201 = CARTESIAN_POINT ( 'NONE',  ( 0.5684240889113644224, 0.8832499431519701405, 0.7600000000000000089 ) ) ;
#10202 = ORIENTED_EDGE ( 'NONE', *, *, #7760, .T. ) ;
#10203 = CARTESIAN_POINT ( 'NONE',  ( 0.6309593872752314869, 0.6615801050491079138, 0.7500000000000000000 ) ) ;
#10204 = MECHANICAL_DESIGN_GEOMETRIC_PRESENTATION_REPRESENTATION (  '', ( #8555 ), #752 ) ;
#10205 = ORIENTED_EDGE ( 'NONE', *, *, #5538, .T. ) ;
#10206 = FACE_OUTER_BOUND ( 'NONE', #2543, .T. ) ;
#10207 = LINE ( 'NONE', #7816, #9528 ) ;
#10208 = DIRECTION ( 'NONE',  ( -1.000000000000000000, 0.000000000000000000, -0.000000000000000000 ) ) ;
#10209 = CARTESIAN_POINT ( 'NONE',  ( 0.5590515309382118048, 0.6655590211699972114, 0.7600000000000000089 ) ) ;
#10210 = CARTESIAN_POINT ( 'NONE',  ( 0.1791811730524592305, 0.6172530840677115105, 0.7600000000000000089 ) ) ;
#10211 = PLANE ( 'NONE',  #7199 ) ;
#10212 = LINE ( 'NONE', #5374, #6669 ) ;
#10213 = EDGE_CURVE ( 'NONE', #4253, #2976, #1023, .T. ) ;
#10214 = ADVANCED_FACE ( 'NONE', ( #4557 ), #7516, .F. ) ;
#10215 = FACE_OUTER_BOUND ( 'NONE', #8734, .T. ) ;
#10216 = B_SPLINE_CURVE_WITH_KNOTS ( 'NONE', 3,
 ( #5418, #8605, #7079, #1482 ),
 .UNSPECIFIED., .F., .F.,
 ( 4, 4 ),
 ( 8.000000000000000000, 9.000000000000000000 ),
 .UNSPECIFIED. ) ;
#10217 = ORIENTED_EDGE ( 'NONE', *, *, #9410, .F. ) ;
#10218 = CARTESIAN_POINT ( 'NONE',  ( 0.8097453516326206246, 0.7953158968843052623, 0.7600000000000000089 ) ) ;
#10219 = SURFACE_STYLE_FILL_AREA ( #3887 ) ;
#10220 = ORIENTED_EDGE ( 'NONE', *, *, #2416, .T. ) ;
#10221 = DIRECTION ( 'NONE',  ( -0.000000000000000000, -0.000000000000000000, -1.000000000000000000 ) ) ;
#10222 = CARTESIAN_POINT ( 'NONE',  ( 0.3255105157337611632, 0.6578318012680252069, 0.7600000000000000089 ) ) ;
#10223 = VERTEX_POINT ( 'NONE', #3096 ) ;
#10224 = VECTOR ( 'NONE', #6550, 1000.000000000000000 ) ;
#10225 = FILL_AREA_STYLE_COLOUR ( '', #428 ) ;
#10226 = LINE ( 'NONE', #43, #4837 ) ;
#10227 = CARTESIAN_POINT ( 'NONE',  ( 0.7028451385227174608, 0.7198933313072090057, 0.7600000000000000089 ) ) ;
#10228 = CARTESIAN_POINT ( 'NONE',  ( 0.8000000000000025979, -0.7509999999999975584, -0.02000000000000000042 ) ) ;
#10229 = ADVANCED_FACE ( 'NONE', ( #1387 ), #323, .F. ) ;
#10230 =( NAMED_UNIT ( * ) PLANE_ANGLE_UNIT ( ) SI_UNIT ( $, .RADIAN. ) );
#10231 = ORIENTED_EDGE ( 'NONE', *, *, #2263, .T. ) ;
#10232 = CARTESIAN_POINT ( 'NONE',  ( 0.2572644849541571022, 0.9049931171414477005, 0.7600000000000000089 ) ) ;
#10233 = VECTOR ( 'NONE', #4640, 1000.000000000000000 ) ;
#10234 = DIRECTION ( 'NONE',  ( -1.000000000000000000, -0.000000000000000000, -0.000000000000000000 ) ) ;
#10235 = ORIENTED_EDGE ( 'NONE', *, *, #4721, .T. ) ;
#10236 = CARTESIAN_POINT ( 'NONE',  ( 0.1447507360313918801, 0.7020994842309644657, 0.7500000000000000000 ) ) ;
#10237 = FACE_OUTER_BOUND ( 'NONE', #10052, .T. ) ;
#10238 = CARTESIAN_POINT ( 'NONE',  ( 0.2793983264356283414, 0.6584466210769750472, 0.7500000000000000000 ) ) ;
#10239 = CARTESIAN_POINT ( 'NONE',  ( 0.6568886573287372466, 0.6383255508324964245, 0.7600000000000000089 ) ) ;
#10240 = COLOUR_RGB ( '',0.6666666666666666297, 0.6666666666666666297, 0.6666666666666666297 ) ;
#10241 = PLANE ( 'NONE',  #6192 ) ;
#10242 = EDGE_CURVE ( 'NONE', #8955, #630, #646, .T. ) ;
#10243 = CARTESIAN_POINT ( 'NONE',  ( 0.7256796960381769468, 0.6679905810217212636, 0.7600000000000000089 ) ) ;
#10244 = CARTESIAN_POINT ( 'NONE',  ( 0.5685346143593300594, 0.8731700223125384852, 0.7600000000000000089 ) ) ;
#10245 = VECTOR ( 'NONE', #10234, 1000.000000000000000 ) ;
#10246 = ORIENTED_EDGE ( 'NONE', *, *, #1892, .T. ) ;
#10247 = LINE ( 'NONE', #740, #10179 ) ;
#10248 = ORIENTED_EDGE ( 'NONE', *, *, #6225, .F. ) ;
#10249 = LINE ( 'NONE', #3136, #3511 ) ;
#10250 = VERTEX_POINT ( 'NONE', #1492 ) ;
#10251 = CARTESIAN_POINT ( 'NONE',  ( 0.6203268391971467066, 0.6931461729400500982, 0.7600000000000000089 ) ) ;
#10252 = DIRECTION ( 'NONE',  ( 0.000000000000000000, -0.000000000000000000, -1.000000000000000000 ) ) ;
#10253 = VECTOR ( 'NONE', #5598, 1000.000000000000000 ) ;
#10254 = ADVANCED_FACE ( 'NONE', ( #8614 ), #5693, .F. ) ;
#10255 = CARTESIAN_POINT ( 'NONE',  ( 0.3101397859677155755, 0.8730219974690239804, 0.7600000000000000089 ) ) ;
#10256 = ORIENTED_EDGE ( 'NONE', *, *, #5543, .F. ) ;
#10257 = CARTESIAN_POINT ( 'NONE',  ( 0.7610257342436118622, 0.6581317110782208823, 0.7600000000000000089 ) ) ;
#10258 = EDGE_CURVE ( 'NONE', #9899, #9797, #6512, .T. ) ;
#10259 = ORIENTED_EDGE ( 'NONE', *, *, #609, .T. ) ;
#10260 = CARTESIAN_POINT ( 'NONE',  ( 0.1499999999999964695, 1.001000000000000778, 0.1800000000000000211 ) ) ;
#10261 = CARTESIAN_POINT ( 'NONE',  ( 0.1500000000000017986, -0.4999999999999992784, -0.02000000000000000042 ) ) ;
#10262 = DIRECTION ( 'NONE',  ( 0.3385350343141443896, 0.9409537876760585284, 0.000000000000000000 ) ) ;
#10263 = CARTESIAN_POINT ( 'NONE',  ( 0.6272236271398095031, 0.6905819825511216870, 0.7500000000000000000 ) ) ;
#10264 = CARTESIAN_POINT ( 'NONE',  ( 0.6062237920583464224, 0.7953158968843062615, 0.7500000000000000000 ) ) ;
#10265 = CARTESIAN_POINT ( 'NONE',  ( 0.6173868622858398325, 0.8718437169393019603, 0.7600000000000000089 ) ) ;
#10266 = EDGE_CURVE ( 'NONE', #8379, #5769, #4916, .T. ) ;
#10267 = VERTEX_POINT ( 'NONE', #9643 ) ;
#10268 = DIRECTION ( 'NONE',  ( 0.000000000000000000, 0.000000000000000000, 1.000000000000000000 ) ) ;
#10269 =( NAMED_UNIT ( * ) PLANE_ANGLE_UNIT ( ) SI_UNIT ( $, .RADIAN. ) );
#10270 = CARTESIAN_POINT ( 'NONE',  ( 0.6568886573287372466, 0.6383255508324964245, 0.7500000000000000000 ) ) ;
#10271 = CARTESIAN_POINT ( 'NONE',  ( 0.6932957398326979881, 0.8718437169393019603, 0.7500000000000000000 ) ) ;
#10272 = LINE ( 'NONE', #3949, #3345 ) ;
#10273 = SURFACE_STYLE_FILL_AREA ( #5747 ) ;
#10274 = LINE ( 'NONE', #4778, #3849 ) ;
#10275 = PLANE ( 'NONE',  #268 ) ;
#10276 = B_SPLINE_CURVE_WITH_KNOTS ( 'NONE', 3,
 ( #8561, #5373, #4507, #9324 ),
 .UNSPECIFIED., .F., .F.,
 ( 4, 4 ),
 ( 4.000000000000000000, 5.000000000000000000 ),
 .UNSPECIFIED. ) ;
#10277 = VERTEX_POINT ( 'NONE', #1642 ) ;
#10278 = CARTESIAN_POINT ( 'NONE',  ( 0.5358853970800290245, 0.8375808281222277829, 0.7600000000000000089 ) ) ;
#10279 = DIRECTION ( 'NONE',  ( 3.491481338843133355E-15, -1.000000000000000000, 0.000000000000000000 ) ) ;
#10280 = EDGE_CURVE ( 'NONE', #8853, #6357, #1883, .T. ) ;
#10281 = DIRECTION ( 'NONE',  ( -0.000000000000000000, -0.000000000000000000, -1.000000000000000000 ) ) ;
#10282 = SURFACE_STYLE_USAGE ( .BOTH. , #1777 ) ;
#10283 = LINE ( 'NONE', #5546, #8484 ) ;
#10284 = EDGE_CURVE ( 'NONE', #5421, #5114, #8861, .T. ) ;
#10285 =( LENGTH_UNIT ( ) NAMED_UNIT ( * ) SI_UNIT ( .MILLI., .METRE. ) );
#10286 = VECTOR ( 'NONE', #7275, 1000.000000000000000 ) ;
#10287 = FILL_AREA_STYLE ('',( #2297 ) ) ;
#10288 = CARTESIAN_POINT ( 'NONE',  ( 0.6457919023698426297, 0.6395634358481884219, 0.7500000000000000000 ) ) ;
ENDSEC;
END-ISO-10303-21;
